text
date: 2024-07-30t18:59:05+02:00 | event_code: bk3mteam3 | event_name: men | event_stage: men's pool round | stage: pool round | gender: m | discipline_name: 3x3 basketball | discipline_code: bk3 | venue: la concorde 1 | participant_code: bk3mteam3---lat01 | participant_name: latvia | participant_type: team | participant_country_code: lat | participant_country: latvia | result: 21 | result_type: points | result_WLT: w | start_order: 1
date: 2024-07-30t18:59:05+02:00 | event_code: bk3mteam3 | event_name: men | event_stage: men's pool round | stage: pool round | gender: m | discipline_name: 3x3 basketball | discipline_code: bk3 | venue: la concorde 1 | participant_code: bk3mteam3---ltu01 | participant_name: lithuania | participant_type: team | participant_country_code: ltu | participant_country: lithuania | result: 14 | result_type: points | result_WLT: l | start_order: 2
date: 2024-07-30t19:26:55+02:00 | event_code: bk3mteam3 | event_name: men | event_stage: men's pool round | stage: pool round | gender: m | discipline_name: 3x3 basketball | discipline_code: bk3 | venue: la concorde 1 | participant_code: bk3mteam3---chn01 | participant_name: people's republic of china | participant_type: team | participant_country_code: chn | participant_country: china | result: 16 | result_type: points | result_WLT: l | start_order: 1
date: 2024-07-30t19:26:55+02:00 | event_code: bk3mteam3 | event_name: men | event_stage: men's pool round | stage: pool round | gender: m | discipline_name: 3x3 basketball | discipline_code: bk3 | venue: la concorde 1 | participant_code: bk3mteam3---ned01 | participant_name: netherlands | participant_type: team | participant_country_code: ned | participant_country: netherlands | result: 21 | result_type: points | result_WLT: w | start_order: 2
date: 2024-07-30t22:30:21+02:00 | event_code: bk3mteam3 | event_name: men | event_stage: men's pool round | stage: pool round | gender: m | discipline_name: 3x3 basketball | discipline_code: bk3 | venue: la concorde 1 | participant_code: bk3mteam3---pol01 | participant_name: poland | participant_type: team | participant_country_code: pol | participant_country: poland | result: 19 | result_type: points | result_WLT: l | start_order: 1
date: 2024-07-30t22:30:21+02:00 | event_code: bk3mteam3 | event_name: men | event_stage: men's pool round | stage: pool round | gender: m | discipline_name: 3x3 basketball | discipline_code: bk3 | venue: la concorde 1 | participant_code: bk3mteam3---fra01 | participant_name: france | participant_type: team | participant_country_code: fra | participant_country: france | result: 21 | result_type: points | result_WLT: w | start_order: 2
date: 2024-07-31t18:59:31+02:00 | event_code: bk3mteam3 | event_name: men | event_stage: men's pool round | stage: pool round | gender: m | discipline_name: 3x3 basketball | discipline_code: bk3 | venue: la concorde 1 | participant_code: bk3mteam3---lat01 | participant_name: latvia | participant_type: team | participant_country_code: lat | participant_country: latvia | result: 21 | result_type: points | result_WLT: w | start_order: 1
date: 2024-07-31t18:59:31+02:00 | event_code: bk3mteam3 | event_name: men | event_stage: men's pool round | stage: pool round | gender: m | discipline_name: 3x3 basketball | discipline_code: bk3 | venue: la concorde 1 | participant_code: bk3mteam3---ned01 | participant_name: netherlands | participant_type: team | participant_country_code: ned | participant_country: netherlands | result: 12 | result_type: points | result_WLT: l | start_order: 2
date: 2024-07-31t19:22:54+02:00 | event_code: bk3mteam3 | event_name: men | event_stage: men's pool round | stage: pool round | gender: m | discipline_name: 3x3 basketball | discipline_code: bk3 | venue: la concorde 1 | participant_code: bk3mteam3---srb01 | participant_name: serbia | participant_type: team | participant_country_code: srb | participant_country: serbia | result: 22 | result_type: points | result_WLT: w | start_order: 1
date: 2024-07-31t19:22:54+02:00 | event_code: bk3mteam3 | event_name: men | event_stage: men's pool round | stage: pool round | gender: m | discipline_name: 3x3 basketball | discipline_code: bk3 | venue: la concorde 1 | participant_code: bk3mteam3---usa01 | participant_name: united states of america | participant_type: team | participant_country_code: usa | participant_country: united states | result: 14 | result_type: points | result_WLT: l | start_order: 2
date: 2024-07-31t19:23:21+02:00 | event_code: bk3mteam3 | event_name: men | event_stage: men's pool round | stage: pool round | gender: m | discipline_name: 3x3 basketball | discipline_code: bk3 | venue: la concorde 1 | participant_code: bk3mteam3---srb01 | participant_name: serbia | participant_type: team | participant_country_code: srb | participant_country: serbia | result: 15 | result_type: points | result_WLT: l | start_order: 1
date: 2024-07-31t19:23:21+02:00 | event_code: bk3mteam3 | event_name: men | event_stage: men's pool round | stage: pool round | gender: m | discipline_name: 3x3 basketball | discipline_code: bk3 | venue: la concorde 1 | participant_code: bk3mteam3---chn01 | participant_name: people's republic of china | participant_type: team | participant_country_code: chn | participant_country: china | result: 21 | result_type: points | result_WLT: w | start_order: 2
date: 2024-07-31t22:35:08+02:00 | event_code: bk3mteam3 | event_name: men | event_stage: men's pool round | stage: pool round | gender: m | discipline_name: 3x3 basketball | discipline_code: bk3 | venue: la concorde 1 | participant_code: bk3mteam3---ltu01 | participant_name: lithuania | participant_type: team | participant_country_code: ltu | participant_country: lithuania | result: 20 | result_type: points | result_WLT: l | start_order: 1
date: 2024-07-31t22:35:08+02:00 | event_code: bk3mteam3 | event_name: men | event_stage: men's pool round | stage: pool round | gender: m | discipline_name: 3x3 basketball | discipline_code: bk3 | venue: la concorde 1 | participant_code: bk3mteam3---fra01 | participant_name: france | participant_type: team | participant_country_code: fra | participant_country: france | result: 21 | result_type: points | result_WLT: w | start_order: 2
date: 2024-07-31t23:05:33+02:00 | event_code: bk3mteam3 | event_name: men | event_stage: men's pool round | stage: pool round | gender: m | discipline_name: 3x3 basketball | discipline_code: bk3 | venue: la concorde 1 | participant_code: bk3mteam3---usa01 | participant_name: united states of america | participant_type: team | participant_country_code: usa | participant_country: united states | result: 17 | result_type: points | result_WLT: l | start_order: 1
date: 2024-07-31t23:05:33+02:00 | event_code: bk3mteam3 | event_name: men | event_stage: men's pool round | stage: pool round | gender: m | discipline_name: 3x3 basketball | discipline_code: bk3 | venue: la concorde 1 | participant_code: bk3mteam3---pol01 | participant_name: poland | participant_type: team | participant_country_code: pol | participant_country: poland | result: 19 | result_type: points | result_WLT: w | start_order: 2
date: 2024-08-01t10:28:44+02:00 | event_code: bk3mteam3 | event_name: men | event_stage: men's pool round | stage: pool round | gender: m | discipline_name: 3x3 basketball | discipline_code: bk3 | venue: la concorde 1 | participant_code: bk3mteam3---ned01 | participant_name: netherlands | participant_type: team | participant_country_code: ned | participant_country: netherlands | result: 19 | result_type: points | result_WLT: l | start_order: 1
date: 2024-08-01t10:28:44+02:00 | event_code: bk3mteam3 | event_name: men | event_stage: men's pool round | stage: pool round | gender: m | discipline_name: 3x3 basketball | discipline_code: bk3 | venue: la concorde 1 | participant_code: bk3mteam3---srb01 | participant_name: serbia | participant_type: team | participant_country_code: srb | participant_country: serbia | result: 21 | result_type: points | result_WLT: w | start_order: 2
date: 2024-08-01t10:50:13+02:00 | event_code: bk3mteam3 | event_name: men | event_stage: men's pool round | stage: pool round | gender: m | discipline_name: 3x3 basketball | discipline_code: bk3 | venue: la concorde 1 | participant_code: bk3mteam3---chn01 | participant_name: people's republic of china | participant_type: team | participant_country_code: chn | participant_country: china | result: 8 | result_type: points | result_WLT: l | start_order: 1
date: 2024-08-01t10:50:13+02:00 | event_code: bk3mteam3 | event_name: men | event_stage: men's pool round | stage: pool round | gender: m | discipline_name: 3x3 basketball | discipline_code: bk3 | venue: la concorde 1 | participant_code: bk3mteam3---lat01 | participant_name: latvia | participant_type: team | participant_country_code: lat | participant_country: latvia | result: 22 | result_type: points | result_WLT: w | start_order: 2
date: 2024-08-01t13:52:47+02:00 | event_code: bk3mteam3 | event_name: men | event_stage: men's pool round | stage: pool round | gender: m | discipline_name: 3x3 basketball | discipline_code: bk3 | venue: la concorde 1 | participant_code: bk3mteam3---ltu01 | participant_name: lithuania | participant_type: team | participant_country_code: ltu | participant_country: lithuania | result: 21 | result_type: points | result_WLT: w | start_order: 1
date: 2024-08-01t13:52:47+02:00 | event_code: bk3mteam3 | event_name: men | event_stage: men's pool round | stage: pool round | gender: m | discipline_name: 3x3 basketball | discipline_code: bk3 | venue: la concorde 1 | participant_code: bk3mteam3---pol01 | participant_name: poland | participant_type: team | participant_country_code: pol | participant_country: poland | result: 12 | result_type: points | result_WLT: l | start_order: 2
date: 2024-08-01t14:32:47+02:00 | event_code: bk3mteam3 | event_name: men | event_stage: men's pool round | stage: pool round | gender: m | discipline_name: 3x3 basketball | discipline_code: bk3 | venue: la concorde 1 | participant_code: bk3mteam3---ned01 | participant_name: netherlands | participant_type: team | participant_country_code: ned | participant_country: netherlands | result: 20 | result_type: points | result_WLT: w | start_order: 1
date: 2024-08-01t14:32:47+02:00 | event_code: bk3mteam3 | event_name: men | event_stage: men's pool round | stage: pool round | gender: m | discipline_name: 3x3 basketball | discipline_code: bk3 | venue: la concorde 1 | participant_code: bk3mteam3---fra01 | participant_name: france | participant_type: team | participant_country_code: fra | participant_country: france | result: 13 | result_type: points | result_WLT: l | start_order: 2
date: 2024-08-01t20:01:00+02:00 | event_code: bk3mteam3 | event_name: men | event_stage: men's pool round | stage: pool round | gender: m | discipline_name: 3x3 basketball | discipline_code: bk3 | venue: la concorde 1 | participant_code: bk3mteam3---chn01 | participant_name: people's republic of china | participant_type: team | participant_country_code: chn | participant_country: china | result: 17 | result_type: points | result_WLT: l | start_order: 1
date: 2024-08-01t20:01:00+02:00 | event_code: bk3mteam3 | event_name: men | event_stage: men's pool round | stage: pool round | gender: m | discipline_name: 3x3 basketball | discipline_code: bk3 | venue: la concorde 1 | participant_code: bk3mteam3---pol01 | participant_name: poland | participant_type: team | participant_country_code: pol | participant_country: poland | result: 22 | result_type: points | result_WLT: w | start_order: 2
date: 2024-08-01t21:21:20+02:00 | event_code: bk3mteam3 | event_name: men | event_stage: men's pool round | stage: pool round | gender: m | discipline_name: 3x3 basketball | discipline_code: bk3 | venue: la concorde 1 | participant_code: bk3mteam3---usa01 | participant_name: united states of america | participant_type: team | participant_country_code: usa | participant_country: united states | result: 18 | result_type: points | result_WLT: l | start_order: 1
date: 2024-08-01t21:21:20+02:00 | event_code: bk3mteam3 | event_name: men | event_stage: men's pool round | stage: pool round | gender: m | discipline_name: 3x3 basketball | discipline_code: bk3 | venue: la concorde 1 | participant_code: bk3mteam3---ltu01 | participant_name: lithuania | participant_type: team | participant_country_code: ltu | participant_country: lithuania | result: 20 | result_type: points | result_WLT: w | start_order: 2
date: 2024-08-01t23:31:22+02:00 | event_code: bk3mteam3 | event_name: men | event_stage: men's pool round | stage: pool round | gender: m | discipline_name: 3x3 basketball | discipline_code: bk3 | venue: la concorde 1 | participant_code: bk3mteam3---srb01 | participant_name: serbia | participant_type: team | participant_country_code: srb | participant_country: serbia | result: 19 | result_type: points | result_WLT: w | start_order: 1
date: 2024-08-01t23:31:22+02:00 | event_code: bk3mteam3 | event_name: men | event_stage: men's pool round | stage: pool round | gender: m | discipline_name: 3x3 basketball | discipline_code: bk3 | venue: la concorde 1 | participant_code: bk3mteam3---fra01 | participant_name: france | participant_type: team | participant_country_code: fra | participant_country: france | result: 16 | result_type: points | result_WLT: l | start_order: 2
date: 2024-08-02t00:00:26+02:00 | event_code: bk3mteam3 | event_name: men | event_stage: men's pool round | stage: pool round | gender: m | discipline_name: 3x3 basketball | discipline_code: bk3 | venue: la concorde 1 | participant_code: bk3mteam3---usa01 | participant_name: united states of america | participant_type: team | participant_country_code: usa | participant_country: united states | result: 19 | result_type: points | result_WLT: l | start_order: 1
date: 2024-08-02t00:00:26+02:00 | event_code: bk3mteam3 | event_name: men | event_stage: men's pool round | stage: pool round | gender: m | discipline_name: 3x3 basketball | discipline_code: bk3 | venue: la concorde 1 | participant_code: bk3mteam3---lat01 | participant_name: latvia | participant_type: team | participant_country_code: lat | participant_country: latvia | result: 21 | result_type: points | result_WLT: w | start_order: 2
date: 2024-08-02t10:30:14+02:00 | event_code: bk3mteam3 | event_name: men | event_stage: men's pool round | stage: pool round | gender: m | discipline_name: 3x3 basketball | discipline_code: bk3 | venue: la concorde 1 | participant_code: bk3mteam3---ltu01 | participant_name: lithuania | participant_type: team | participant_country_code: ltu | participant_country: lithuania | result: 21 | result_type: points | result_WLT: w | start_order: 1
date: 2024-08-02t10:30:14+02:00 | event_code: bk3mteam3 | event_name: men | event_stage: men's pool round | stage: pool round | gender: m | discipline_name: 3x3 basketball | discipline_code: bk3 | venue: la concorde 1 | participant_code: bk3mteam3---chn01 | participant_name: people's republic of china | participant_type: team | participant_country_code: chn | participant_country: china | result: 16 | result_type: points | result_WLT: l | start_order: 2
date: 2024-08-02t11:02:07+02:00 | event_code: bk3mteam3 | event_name: men | event_stage: men's pool round | stage: pool round | gender: m | discipline_name: 3x3 basketball | discipline_code: bk3 | venue: la concorde 1 | participant_code: bk3mteam3---pol01 | participant_name: poland | participant_type: team | participant_country_code: pol | participant_country: poland | result: 17 | result_type: points | result_WLT: l | start_order: 1
date: 2024-08-02t11:02:07+02:00 | event_code: bk3mteam3 | event_name: men | event_stage: men's pool round | stage: pool round | gender: m | discipline_name: 3x3 basketball | discipline_code: bk3 | venue: la concorde 1 | participant_code: bk3mteam3---ned01 | participant_name: netherlands | participant_type: team | participant_country_code: ned | participant_country: netherlands | result: 21 | result_type: points | result_WLT: w | start_order: 2
date: 2024-08-02t14:03:15+02:00 | event_code: bk3mteam3 | event_name: men | event_stage: men's pool round | stage: pool round | gender: m | discipline_name: 3x3 basketball | discipline_code: bk3 | venue: la concorde 1 | participant_code: bk3mteam3---ned01 | participant_name: netherlands | participant_type: team | participant_country_code: ned | participant_country: netherlands | result: 19 | result_type: points | result_WLT: w | start_order: 1
date: 2024-08-02t14:03:15+02:00 | event_code: bk3mteam3 | event_name: men | event_stage: men's pool round | stage: pool round | gender: m | discipline_name: 3x3 basketball | discipline_code: bk3 | venue: la concorde 1 | participant_code: bk3mteam3---ltu01 | participant_name: lithuania | participant_type: team | participant_country_code: ltu | participant_country: lithuania | result: 18 | result_type: points | result_WLT: l | start_order: 2
date: 2024-08-02t14:33:51+02:00 | event_code: bk3mteam3 | event_name: men | event_stage: men's pool round | stage: pool round | gender: m | discipline_name: 3x3 basketball | discipline_code: bk3 | venue: la concorde 1 | participant_code: bk3mteam3---fra01 | participant_name: france | participant_type: team | participant_country_code: fra | participant_country: france | result: 20 | result_type: points | result_WLT: l | start_order: 1
date: 2024-08-02t14:33:51+02:00 | event_code: bk3mteam3 | event_name: men | event_stage: men's pool round | stage: pool round | gender: m | discipline_name: 3x3 basketball | discipline_code: bk3 | venue: la concorde 1 | participant_code: bk3mteam3---lat01 | participant_name: latvia | participant_type: team | participant_country_code: lat | participant_country: latvia | result: 22 | result_type: points | result_WLT: w | start_order: 2
date: 2024-08-02t19:28:21+02:00 | event_code: bk3mteam3 | event_name: men | event_stage: men's pool round | stage: pool round | gender: m | discipline_name: 3x3 basketball | discipline_code: bk3 | venue: la concorde 1 | participant_code: bk3mteam3---lat01 | participant_name: latvia | participant_type: team | participant_country_code: lat | participant_country: latvia | result: 21 | result_type: points | result_WLT: w | start_order: 1
date: 2024-08-02t19:28:21+02:00 | event_code: bk3mteam3 | event_name: men | event_stage: men's pool round | stage: pool round | gender: m | discipline_name: 3x3 basketball | discipline_code: bk3 | venue: la concorde 1 | participant_code: bk3mteam3---srb01 | participant_name: serbia | participant_type: team | participant_country_code: srb | participant_country: serbia | result: 14 | result_type: points | result_WLT: l | start_order: 2
date: 2024-08-02t20:01:44+02:00 | event_code: bk3mteam3 | event_name: men | event_stage: men's pool round | stage: pool round | gender: m | discipline_name: 3x3 basketball | discipline_code: bk3 | venue: la concorde 1 | participant_code: bk3mteam3---fra01 | participant_name: france | participant_type: team | participant_country_code: fra | participant_country: france | result: 19 | result_type: points | result_WLT: l | start_order: 1
date: 2024-08-02t20:01:44+02:00 | event_code: bk3mteam3 | event_name: men | event_stage: men's pool round | stage: pool round | gender: m | discipline_name: 3x3 basketball | discipline_code: bk3 | venue: la concorde 1 | participant_code: bk3mteam3---usa01 | participant_name: united states of america | participant_type: team | participant_country_code: usa | participant_country: united states | result: 21 | result_type: points | result_WLT: w | start_order: 2
date: 2024-08-02t22:23:44+02:00 | event_code: bk3mteam3 | event_name: men | event_stage: men's pool round | stage: pool round | gender: m | discipline_name: 3x3 basketball | discipline_code: bk3 | venue: la concorde 1 | participant_code: bk3mteam3---srb01 | participant_name: serbia | participant_type: team | participant_country_code: srb | participant_country: serbia | result: 21 | result_type: points | result_WLT: w | start_order: 1
date: 2024-08-02t22:23:44+02:00 | event_code: bk3mteam3 | event_name: men | event_stage: men's pool round | stage: pool round | gender: m | discipline_name: 3x3 basketball | discipline_code: bk3 | venue: la concorde 1 | participant_code: bk3mteam3---pol01 | participant_name: poland | participant_type: team | participant_country_code: pol | participant_country: poland | result: 12 | result_type: points | result_WLT: l | start_order: 2
date: 2024-08-02t23:02:17+02:00 | event_code: bk3mteam3 | event_name: men | event_stage: men's pool round | stage: pool round | gender: m | discipline_name: 3x3 basketball | discipline_code: bk3 | venue: la concorde 1 | participant_code: bk3mteam3---chn01 | participant_name: people's republic of china | participant_type: team | participant_country_code: chn | participant_country: china | result: 17 | result_type: points | result_WLT: l | start_order: 1
date: 2024-08-02t23:02:17+02:00 | event_code: bk3mteam3 | event_name: men | event_stage: men's pool round | stage: pool round | gender: m | discipline_name: 3x3 basketball | discipline_code: bk3 | venue: la concorde 1 | participant_code: bk3mteam3---usa01 | participant_name: united states of america | participant_type: team | participant_country_code: usa | participant_country: united states | result: 21 | result_type: points | result_WLT: w | start_order: 2
date: 2024-08-04t17:49:24+02:00 | event_code: bk3mteam3 | event_name: men | event_stage: men's pool round | stage: pool round | gender: m | discipline_name: 3x3 basketball | discipline_code: bk3 | venue: la concorde 1 | participant_code: bk3mteam3---fra01 | participant_name: france | participant_type: team | participant_country_code: fra | participant_country: france | result: 21 | result_type: points | result_WLT: w | start_order: 1
date: 2024-08-04t17:49:24+02:00 | event_code: bk3mteam3 | event_name: men | event_stage: men's pool round | stage: pool round | gender: m | discipline_name: 3x3 basketball | discipline_code: bk3 | venue: la concorde 1 | participant_code: bk3mteam3---chn01 | participant_name: people's republic of china | participant_type: team | participant_country_code: chn | participant_country: china | result: 12 | result_type: points | result_WLT: l | start_order: 2
date: 2024-08-04t18:22:02+02:00 | event_code: bk3mteam3 | event_name: men | event_stage: men's pool round | stage: pool round | gender: m | discipline_name: 3x3 basketball | discipline_code: bk3 | venue: la concorde 1 | participant_code: bk3mteam3---pol01 | participant_name: poland | participant_type: team | participant_country_code: pol | participant_country: poland | result: 16 | result_type: points | result_WLT: l | start_order: 1
date: 2024-08-04t18:22:02+02:00 | event_code: bk3mteam3 | event_name: men | event_stage: men's pool round | stage: pool round | gender: m | discipline_name: 3x3 basketball | discipline_code: bk3 | venue: la concorde 1 | participant_code: bk3mteam3---lat01 | participant_name: latvia | participant_type: team | participant_country_code: lat | participant_country: latvia | result: 22 | result_type: points | result_WLT: w | start_order: 2
date: 2024-08-04t18:56:08+02:00 | event_code: bk3mteam3 | event_name: men | event_stage: men's pool round | stage: pool round | gender: m | discipline_name: 3x3 basketball | discipline_code: bk3 | venue: la concorde 1 | participant_code: bk3mteam3---ltu01 | participant_name: lithuania | participant_type: team | participant_country_code: ltu | participant_country: lithuania | result: 20 | result_type: points | result_WLT: w | start_order: 1
date: 2024-08-04t18:56:08+02:00 | event_code: bk3mteam3 | event_name: men | event_stage: men's pool round | stage: pool round | gender: m | discipline_name: 3x3 basketball | discipline_code: bk3 | venue: la concorde 1 | participant_code: bk3mteam3---srb01 | participant_name: serbia | participant_type: team | participant_country_code: srb | participant_country: serbia | result: 18 | result_type: points | result_WLT: l | start_order: 2
date: 2024-08-04t19:20:18+02:00 | event_code: bk3mteam3 | event_name: men | event_stage: men's pool round | stage: pool round | gender: m | discipline_name: 3x3 basketball | discipline_code: bk3 | venue: la concorde 1 | participant_code: bk3mteam3---usa01 | participant_name: united states of america | participant_type: team | participant_country_code: usa | participant_country: united states | result: 6 | result_type: points | result_WLT: l | start_order: 1
date: 2024-08-04t19:20:18+02:00 | event_code: bk3mteam3 | event_name: men | event_stage: men's pool round | stage: pool round | gender: m | discipline_name: 3x3 basketball | discipline_code: bk3 | venue: la concorde 1 | participant_code: bk3mteam3---ned01 | participant_name: netherlands | participant_type: team | participant_country_code: ned | participant_country: netherlands | result: 21 | result_type: points | result_WLT: w | start_order: 2
date: 2024-08-04t21:54:11+02:00 | event_code: bk3mteam3 | event_name: men | event_stage: men's play-in games | stage: play-in game | gender: m | discipline_name: 3x3 basketball | discipline_code: bk3 | venue: la concorde 1 | participant_code: bk3mteam3---ltu01 | participant_name: lithuania | participant_type: team | participant_country_code: ltu | participant_country: lithuania | result: 21 | result_type: points | result_WLT: w | start_order: 1
date: 2024-08-04t21:54:11+02:00 | event_code: bk3mteam3 | event_name: men | event_stage: men's play-in games | stage: play-in game | gender: m | discipline_name: 3x3 basketball | discipline_code: bk3 | venue: la concorde 1 | participant_code: bk3mteam3---pol01 | participant_name: poland | participant_type: team | participant_country_code: pol | participant_country: poland | result: 15 | result_type: points | result_WLT: l | start_order: 2
date: 2024-08-04t22:25:56+02:00 | event_code: bk3mteam3 | event_name: men | event_stage: men's play-in games | stage: play-in game | gender: m | discipline_name: 3x3 basketball | discipline_code: bk3 | venue: la concorde 1 | participant_code: bk3mteam3---srb01 | participant_name: serbia | participant_type: team | participant_country_code: srb | participant_country: serbia | result: 19 | result_type: points | result_WLT: l | start_order: 1
date: 2024-08-04t22:25:56+02:00 | event_code: bk3mteam3 | event_name: men | event_stage: men's play-in games | stage: play-in game | gender: m | discipline_name: 3x3 basketball | discipline_code: bk3 | venue: la concorde 1 | participant_code: bk3mteam3---fra01 | participant_name: france | participant_type: team | participant_country_code: fra | participant_country: france | result: 22 | result_type: points | result_WLT: w | start_order: 2
date: 2024-08-05t18:31:25+02:00 | event_code: bk3mteam3 | event_name: men | event_stage: men's semifinal | stage: semifinal | gender: m | discipline_name: 3x3 basketball | discipline_code: bk3 | venue: la concorde 1 | participant_code: bk3mteam3---ned01 | participant_name: netherlands | participant_type: team | participant_country_code: ned | participant_country: netherlands | result: 20 | result_type: points | result_WLT: w | start_order: 1
date: 2024-08-05t18:31:25+02:00 | event_code: bk3mteam3 | event_name: men | event_stage: men's semifinal | stage: semifinal | gender: m | discipline_name: 3x3 basketball | discipline_code: bk3 | venue: la concorde 1 | participant_code: bk3mteam3---ltu01 | participant_name: lithuania | participant_type: team | participant_country_code: ltu | participant_country: lithuania | result: 9 | result_type: points | result_WLT: l | start_order: 2
date: 2024-08-05t19:31:02+02:00 | event_code: bk3mteam3 | event_name: men | event_stage: men's semifinal | stage: semifinal | gender: m | discipline_name: 3x3 basketball | discipline_code: bk3 | venue: la concorde 1 | participant_code: bk3mteam3---lat01 | participant_name: latvia | participant_type: team | participant_country_code: lat | participant_country: latvia | result: 14 | result_type: points | result_WLT: l | start_order: 1
date: 2024-08-05t19:31:02+02:00 | event_code: bk3mteam3 | event_name: men | event_stage: men's semifinal | stage: semifinal | gender: m | discipline_name: 3x3 basketball | discipline_code: bk3 | venue: la concorde 1 | participant_code: bk3mteam3---fra01 | participant_name: france | participant_type: team | participant_country_code: fra | participant_country: france | result: 21 | result_type: points | result_WLT: w | start_order: 2
date: 2024-08-05t21:54:20+02:00 | event_code: bk3mteam3 | event_name: men | event_stage: men's bronze medal game | stage: bronze medal game | gender: m | discipline_name: 3x3 basketball | discipline_code: bk3 | venue: la concorde 1 | participant_code: bk3mteam3---lat01 | participant_name: latvia | participant_type: team | participant_country_code: lat | participant_country: latvia | result: 18 | result_type: points | result_WLT: l | start_order: 1
date: 2024-08-05t21:54:20+02:00 | event_code: bk3mteam3 | event_name: men | event_stage: men's bronze medal game | stage: bronze medal game | gender: m | discipline_name: 3x3 basketball | discipline_code: bk3 | venue: la concorde 1 | participant_code: bk3mteam3---ltu01 | participant_name: lithuania | participant_type: team | participant_country_code: ltu | participant_country: lithuania | result: 21 | result_type: points | result_WLT: w | start_order: 2
date: 2024-08-05t23:07:21+02:00 | event_code: bk3mteam3 | event_name: men | event_stage: men's gold medal game | stage: gold medal game | gender: m | discipline_name: 3x3 basketball | discipline_code: bk3 | venue: la concorde 1 | participant_code: bk3mteam3---fra01 | participant_name: france | participant_type: team | participant_country_code: fra | participant_country: france | result: 17 | result_type: points | result_WLT: l | start_order: 1
date: 2024-08-05t23:07:21+02:00 | event_code: bk3mteam3 | event_name: men | event_stage: men's gold medal game | stage: gold medal game | gender: m | discipline_name: 3x3 basketball | discipline_code: bk3 | venue: la concorde 1 | participant_code: bk3mteam3---ned01 | participant_name: netherlands | participant_type: team | participant_country_code: ned | participant_country: netherlands | result: 18 | result_type: points | result_WLT: w | start_order: 2
date: 2024-07-30t17:53:43+02:00 | event_code: bk3wteam3 | event_name: women | event_stage: women's pool round | stage: pool round | gender: w | discipline_name: 3x3 basketball | discipline_code: bk3 | venue: la concorde 1 | participant_code: bk3wteam3---ger01 | participant_name: germany | participant_type: team | participant_country_code: ger | participant_country: germany | result: 17 | result_type: points | result_WLT: w | start_order: 1
date: 2024-07-30t17:53:43+02:00 | event_code: bk3wteam3 | event_name: women | event_stage: women's pool round | stage: pool round | gender: w | discipline_name: 3x3 basketball | discipline_code: bk3 | venue: la concorde 1 | participant_code: bk3wteam3---usa01 | participant_name: united states of america | participant_type: team | participant_country_code: usa | participant_country: united states | result: 13 | result_type: points | result_WLT: l | start_order: 2
date: 2024-07-30t18:30:45+02:00 | event_code: bk3wteam3 | event_name: women | event_stage: women's pool round | stage: pool round | gender: w | discipline_name: 3x3 basketball | discipline_code: bk3 | venue: la concorde 1 | participant_code: bk3wteam3---aus01 | participant_name: australia | participant_type: team | participant_country_code: aus | participant_country: australia | result: 14 | result_type: points | result_WLT: l | start_order: 1
date: 2024-07-30t18:30:45+02:00 | event_code: bk3wteam3 | event_name: women | event_stage: women's pool round | stage: pool round | gender: w | discipline_name: 3x3 basketball | discipline_code: bk3 | venue: la concorde 1 | participant_code: bk3wteam3---can01 | participant_name: canada | participant_type: team | participant_country_code: can | participant_country: canada | result: 22 | result_type: points | result_WLT: w | start_order: 2
date: 2024-07-30t21:29:08+02:00 | event_code: bk3wteam3 | event_name: women | event_stage: women's pool round | stage: pool round | gender: w | discipline_name: 3x3 basketball | discipline_code: bk3 | venue: la concorde 1 | participant_code: bk3wteam3---esp01 | participant_name: spain | participant_type: team | participant_country_code: esp | participant_country: spain | result: 18 | result_type: points | result_WLT: w | start_order: 1
date: 2024-07-30t21:29:08+02:00 | event_code: bk3wteam3 | event_name: women | event_stage: women's pool round | stage: pool round | gender: w | discipline_name: 3x3 basketball | discipline_code: bk3 | venue: la concorde 1 | participant_code: bk3wteam3---aze01 | participant_name: azerbaijan | participant_type: team | participant_country_code: aze | participant_country: azerbaijan | result: 16 | result_type: points | result_WLT: l | start_order: 2
date: 2024-07-31t17:51:41+02:00 | event_code: bk3wteam3 | event_name: women | event_stage: women's pool round | stage: pool round | gender: w | discipline_name: 3x3 basketball | discipline_code: bk3 | venue: la concorde 1 | participant_code: bk3wteam3---ger01 | participant_name: germany | participant_type: team | participant_country_code: ger | participant_country: germany | result: 19 | result_type: points | result_WLT: l | start_order: 1
date: 2024-07-31t17:51:41+02:00 | event_code: bk3wteam3 | event_name: women | event_stage: women's pool round | stage: pool round | gender: w | discipline_name: 3x3 basketball | discipline_code: bk3 | venue: la concorde 1 | participant_code: bk3wteam3---aus01 | participant_name: australia | participant_type: team | participant_country_code: aus | participant_country: australia | result: 21 | result_type: points | result_WLT: w | start_order: 2
date: 2024-07-31t18:20:24+02:00 | event_code: bk3wteam3 | event_name: women | event_stage: women's pool round | stage: pool round | gender: w | discipline_name: 3x3 basketball | discipline_code: bk3 | venue: la concorde 1 | participant_code: bk3wteam3---can01 | participant_name: canada | participant_type: team | participant_country_code: can | participant_country: canada | result: 21 | result_type: points | result_WLT: w | start_order: 1
date: 2024-07-31t18:20:24+02:00 | event_code: bk3wteam3 | event_name: women | event_stage: women's pool round | stage: pool round | gender: w | discipline_name: 3x3 basketball | discipline_code: bk3 | venue: la concorde 1 | participant_code: bk3wteam3---chn01 | participant_name: people's republic of china | participant_type: team | participant_country_code: chn | participant_country: china | result: 11 | result_type: points | result_WLT: l | start_order: 2
date: 2024-07-31t21:24:56+02:00 | event_code: bk3wteam3 | event_name: women | event_stage: women's pool round | stage: pool round | gender: w | discipline_name: 3x3 basketball | discipline_code: bk3 | venue: la concorde 1 | participant_code: bk3wteam3---fra01 | participant_name: france | participant_type: team | participant_country_code: fra | participant_country: france | result: 12 | result_type: points | result_WLT: l | start_order: 1
date: 2024-07-31t21:24:56+02:00 | event_code: bk3wteam3 | event_name: women | event_stage: women's pool round | stage: pool round | gender: w | discipline_name: 3x3 basketball | discipline_code: bk3 | venue: la concorde 1 | participant_code: bk3wteam3---esp01 | participant_name: spain | participant_type: team | participant_country_code: esp | participant_country: spain | result: 17 | result_type: points | result_WLT: w | start_order: 2
date: 2024-07-31t21:56:49+02:00 | event_code: bk3wteam3 | event_name: women | event_stage: women's pool round | stage: pool round | gender: w | discipline_name: 3x3 basketball | discipline_code: bk3 | venue: la concorde 1 | participant_code: bk3wteam3---usa01 | participant_name: united states of america | participant_type: team | participant_country_code: usa | participant_country: united states | result: 17 | result_type: points | result_WLT: l | start_order: 1
date: 2024-07-31t21:56:49+02:00 | event_code: bk3wteam3 | event_name: women | event_stage: women's pool round | stage: pool round | gender: w | discipline_name: 3x3 basketball | discipline_code: bk3 | venue: la concorde 1 | participant_code: bk3wteam3---aze01 | participant_name: azerbaijan | participant_type: team | participant_country_code: aze | participant_country: azerbaijan | result: 20 | result_type: points | result_WLT: w | start_order: 2
date: 2024-08-01t09:19:00+02:00 | event_code: bk3wteam3 | event_name: women | event_stage: women's pool round | stage: pool round | gender: w | discipline_name: 3x3 basketball | discipline_code: bk3 | venue: la concorde 1 | participant_code: bk3wteam3---chn01 | participant_name: people's republic of china | participant_type: team | participant_country_code: chn | participant_country: china | result: 15 | result_type: points | result_WLT: l | start_order: 1
date: 2024-08-01t09:19:00+02:00 | event_code: bk3wteam3 | event_name: women | event_stage: women's pool round | stage: pool round | gender: w | discipline_name: 3x3 basketball | discipline_code: bk3 | venue: la concorde 1 | participant_code: bk3wteam3---aus01 | participant_name: australia | participant_type: team | participant_country_code: aus | participant_country: australia | result: 21 | result_type: points | result_WLT: w | start_order: 2
date: 2024-08-01t09:50:52+02:00 | event_code: bk3wteam3 | event_name: women | event_stage: women's pool round | stage: pool round | gender: w | discipline_name: 3x3 basketball | discipline_code: bk3 | venue: la concorde 1 | participant_code: bk3wteam3---ger01 | participant_name: germany | participant_type: team | participant_country_code: ger | participant_country: germany | result: 19 | result_type: points | result_WLT: w | start_order: 1
date: 2024-08-01t09:50:52+02:00 | event_code: bk3wteam3 | event_name: women | event_stage: women's pool round | stage: pool round | gender: w | discipline_name: 3x3 basketball | discipline_code: bk3 | venue: la concorde 1 | participant_code: bk3wteam3---can01 | participant_name: canada | participant_type: team | participant_country_code: can | participant_country: canada | result: 15 | result_type: points | result_WLT: l | start_order: 2
date: 2024-08-01t12:55:46+02:00 | event_code: bk3wteam3 | event_name: women | event_stage: women's pool round | stage: pool round | gender: w | discipline_name: 3x3 basketball | discipline_code: bk3 | venue: la concorde 1 | participant_code: bk3wteam3---aze01 | participant_name: azerbaijan | participant_type: team | participant_country_code: aze | participant_country: azerbaijan | result: 10 | result_type: points | result_WLT: l | start_order: 1
date: 2024-08-01t12:55:46+02:00 | event_code: bk3wteam3 | event_name: women | event_stage: women's pool round | stage: pool round | gender: w | discipline_name: 3x3 basketball | discipline_code: bk3 | venue: la concorde 1 | participant_code: bk3wteam3---fra01 | participant_name: france | participant_type: team | participant_country_code: fra | participant_country: france | result: 15 | result_type: points | result_WLT: w | start_order: 2
date: 2024-08-01t13:23:39+02:00 | event_code: bk3wteam3 | event_name: women | event_stage: women's pool round | stage: pool round | gender: w | discipline_name: 3x3 basketball | discipline_code: bk3 | venue: la concorde 1 | participant_code: bk3wteam3---usa01 | participant_name: united states of america | participant_type: team | participant_country_code: usa | participant_country: united states | result: 15 | result_type: points | result_WLT: l | start_order: 1
date: 2024-08-01t13:23:39+02:00 | event_code: bk3wteam3 | event_name: women | event_stage: women's pool round | stage: pool round | gender: w | discipline_name: 3x3 basketball | discipline_code: bk3 | venue: la concorde 1 | participant_code: bk3wteam3---aus01 | participant_name: australia | participant_type: team | participant_country_code: aus | participant_country: australia | result: 17 | result_type: points | result_WLT: w | start_order: 2
date: 2024-08-01t18:22:21+02:00 | event_code: bk3wteam3 | event_name: women | event_stage: women's pool round | stage: pool round | gender: w | discipline_name: 3x3 basketball | discipline_code: bk3 | venue: la concorde 1 | participant_code: bk3wteam3---chn01 | participant_name: people's republic of china | participant_type: team | participant_country_code: chn | participant_country: china | result: 14 | result_type: points | result_WLT: w | start_order: 1
date: 2024-08-01t18:22:21+02:00 | event_code: bk3wteam3 | event_name: women | event_stage: women's pool round | stage: pool round | gender: w | discipline_name: 3x3 basketball | discipline_code: bk3 | venue: la concorde 1 | participant_code: bk3wteam3---esp01 | participant_name: spain | participant_type: team | participant_country_code: esp | participant_country: spain | result: 11 | result_type: points | result_WLT: l | start_order: 2
date: 2024-08-01t18:55:37+02:00 | event_code: bk3wteam3 | event_name: women | event_stage: women's pool round | stage: pool round | gender: w | discipline_name: 3x3 basketball | discipline_code: bk3 | venue: la concorde 1 | participant_code: bk3wteam3---ger01 | participant_name: germany | participant_type: team | participant_country_code: ger | participant_country: germany | result: 12 | result_type: points | result_WLT: w | start_order: 1
date: 2024-08-01t18:55:37+02:00 | event_code: bk3wteam3 | event_name: women | event_stage: women's pool round | stage: pool round | gender: w | discipline_name: 3x3 basketball | discipline_code: bk3 | venue: la concorde 1 | participant_code: bk3wteam3---aze01 | participant_name: azerbaijan | participant_type: team | participant_country_code: aze | participant_country: azerbaijan | result: 8 | result_type: points | result_WLT: l | start_order: 2
date: 2024-08-01t22:26:00+02:00 | event_code: bk3wteam3 | event_name: women | event_stage: women's pool round | stage: pool round | gender: w | discipline_name: 3x3 basketball | discipline_code: bk3 | venue: la concorde 1 | participant_code: bk3wteam3---can01 | participant_name: canada | participant_type: team | participant_country_code: can | participant_country: canada | result: 13 | result_type: points | result_WLT: w | start_order: 1
date: 2024-08-01t22:26:00+02:00 | event_code: bk3wteam3 | event_name: women | event_stage: women's pool round | stage: pool round | gender: w | discipline_name: 3x3 basketball | discipline_code: bk3 | venue: la concorde 1 | participant_code: bk3wteam3---fra01 | participant_name: france | participant_type: team | participant_country_code: fra | participant_country: france | result: 9 | result_type: points | result_WLT: l | start_order: 2
date: 2024-08-02t02:03:46+02:00 | event_code: bk3wteam3 | event_name: women | event_stage: women's pool round | stage: pool round | gender: w | discipline_name: 3x3 basketball | discipline_code: bk3 | venue: la concorde 1 | participant_code: bk3wteam3---esp01 | participant_name: spain | participant_type: team | participant_country_code: esp | participant_country: spain | result: 11 | result_type: points | result_WLT: l | start_order: 1
date: 2024-08-02t02:03:46+02:00 | event_code: bk3wteam3 | event_name: women | event_stage: women's pool round | stage: pool round | gender: w | discipline_name: 3x3 basketball | discipline_code: bk3 | venue: la concorde 1 | participant_code: bk3wteam3---usa01 | participant_name: united states of america | participant_type: team | participant_country_code: usa | participant_country: united states | result: 17 | result_type: points | result_WLT: w | start_order: 2
date: 2024-08-02t09:19:42+02:00 | event_code: bk3wteam3 | event_name: women | event_stage: women's pool round | stage: pool round | gender: w | discipline_name: 3x3 basketball | discipline_code: bk3 | venue: la concorde 1 | participant_code: bk3wteam3---chn01 | participant_name: people's republic of china | participant_type: team | participant_country_code: chn | participant_country: china | result: 15 | result_type: points | result_WLT: l | start_order: 1
date: 2024-08-02t09:19:42+02:00 | event_code: bk3wteam3 | event_name: women | event_stage: women's pool round | stage: pool round | gender: w | discipline_name: 3x3 basketball | discipline_code: bk3 | venue: la concorde 1 | participant_code: bk3wteam3---ger01 | participant_name: germany | participant_type: team | participant_country_code: ger | participant_country: germany | result: 18 | result_type: points | result_WLT: w | start_order: 2
date: 2024-08-02t09:48:53+02:00 | event_code: bk3wteam3 | event_name: women | event_stage: women's pool round | stage: pool round | gender: w | discipline_name: 3x3 basketball | discipline_code: bk3 | venue: la concorde 1 | participant_code: bk3wteam3---aus01 | participant_name: australia | participant_type: team | participant_country_code: aus | participant_country: australia | result: 21 | result_type: points | result_WLT: w | start_order: 1
date: 2024-08-02t09:48:53+02:00 | event_code: bk3wteam3 | event_name: women | event_stage: women's pool round | stage: pool round | gender: w | discipline_name: 3x3 basketball | discipline_code: bk3 | venue: la concorde 1 | participant_code: bk3wteam3---aze01 | participant_name: azerbaijan | participant_type: team | participant_country_code: aze | participant_country: azerbaijan | result: 12 | result_type: points | result_WLT: l | start_order: 2
date: 2024-08-02t12:51:00+02:00 | event_code: bk3wteam3 | event_name: women | event_stage: women's pool round | stage: pool round | gender: w | discipline_name: 3x3 basketball | discipline_code: bk3 | venue: la concorde 1 | participant_code: bk3wteam3---aus01 | participant_name: australia | participant_type: team | participant_country_code: aus | participant_country: australia | result: 17 | result_type: points | result_WLT: l | start_order: 1
date: 2024-08-02t12:51:00+02:00 | event_code: bk3wteam3 | event_name: women | event_stage: women's pool round | stage: pool round | gender: w | discipline_name: 3x3 basketball | discipline_code: bk3 | venue: la concorde 1 | participant_code: bk3wteam3---esp01 | participant_name: spain | participant_type: team | participant_country_code: esp | participant_country: spain | result: 21 | result_type: points | result_WLT: w | start_order: 2
date: 2024-08-02t13:24:25+02:00 | event_code: bk3wteam3 | event_name: women | event_stage: women's pool round | stage: pool round | gender: w | discipline_name: 3x3 basketball | discipline_code: bk3 | venue: la concorde 1 | participant_code: bk3wteam3---usa01 | participant_name: united states of america | participant_type: team | participant_country_code: usa | participant_country: united states | result: 14 | result_type: points | result_WLT: w | start_order: 1
date: 2024-08-02t13:24:25+02:00 | event_code: bk3wteam3 | event_name: women | event_stage: women's pool round | stage: pool round | gender: w | discipline_name: 3x3 basketball | discipline_code: bk3 | venue: la concorde 1 | participant_code: bk3wteam3---fra01 | participant_name: france | participant_type: team | participant_country_code: fra | participant_country: france | result: 13 | result_type: points | result_WLT: l | start_order: 2
date: 2024-08-02t17:57:13+02:00 | event_code: bk3wteam3 | event_name: women | event_stage: women's pool round | stage: pool round | gender: w | discipline_name: 3x3 basketball | discipline_code: bk3 | venue: la concorde 1 | participant_code: bk3wteam3---aze01 | participant_name: azerbaijan | participant_type: team | participant_country_code: aze | participant_country: azerbaijan | result: 21 | result_type: points | result_WLT: w | start_order: 1
date: 2024-08-02t17:57:13+02:00 | event_code: bk3wteam3 | event_name: women | event_stage: women's pool round | stage: pool round | gender: w | discipline_name: 3x3 basketball | discipline_code: bk3 | venue: la concorde 1 | participant_code: bk3wteam3---chn01 | participant_name: people's republic of china | participant_type: team | participant_country_code: chn | participant_country: china | result: 19 | result_type: points | result_WLT: l | start_order: 2
date: 2024-08-02t18:29:41+02:00 | event_code: bk3wteam3 | event_name: women | event_stage: women's pool round | stage: pool round | gender: w | discipline_name: 3x3 basketball | discipline_code: bk3 | venue: la concorde 1 | participant_code: bk3wteam3---usa01 | participant_name: united states of america | participant_type: team | participant_country_code: usa | participant_country: united states | result: 18 | result_type: points | result_WLT: w | start_order: 1
date: 2024-08-02t18:29:41+02:00 | event_code: bk3wteam3 | event_name: women | event_stage: women's pool round | stage: pool round | gender: w | discipline_name: 3x3 basketball | discipline_code: bk3 | venue: la concorde 1 | participant_code: bk3wteam3---can01 | participant_name: canada | participant_type: team | participant_country_code: can | participant_country: canada | result: 17 | result_type: points | result_WLT: l | start_order: 2
date: 2024-08-02t20:42:36+02:00 | event_code: bk3wteam3 | event_name: women | event_stage: women's pool round | stage: pool round | gender: w | discipline_name: 3x3 basketball | discipline_code: bk3 | venue: la concorde 1 | participant_code: bk3wteam3---fra01 | participant_name: france | participant_type: team | participant_country_code: fra | participant_country: france | result: 19 | result_type: points | result_WLT: l | start_order: 1
date: 2024-08-02t20:42:36+02:00 | event_code: bk3wteam3 | event_name: women | event_stage: women's pool round | stage: pool round | gender: w | discipline_name: 3x3 basketball | discipline_code: bk3 | venue: la concorde 1 | participant_code: bk3wteam3---chn01 | participant_name: people's republic of china | participant_type: team | participant_country_code: chn | participant_country: china | result: 21 | result_type: points | result_WLT: w | start_order: 2
date: 2024-08-02t21:29:57+02:00 | event_code: bk3wteam3 | event_name: women | event_stage: women's pool round | stage: pool round | gender: w | discipline_name: 3x3 basketball | discipline_code: bk3 | venue: la concorde 1 | participant_code: bk3wteam3---can01 | participant_name: canada | participant_type: team | participant_country_code: can | participant_country: canada | result: 20 | result_type: points | result_WLT: l | start_order: 1
date: 2024-08-02t21:29:57+02:00 | event_code: bk3wteam3 | event_name: women | event_stage: women's pool round | stage: pool round | gender: w | discipline_name: 3x3 basketball | discipline_code: bk3 | venue: la concorde 1 | participant_code: bk3wteam3---esp01 | participant_name: spain | participant_type: team | participant_country_code: esp | participant_country: spain | result: 22 | result_type: points | result_WLT: w | start_order: 2
date: 2024-08-02t21:58:23+02:00 | event_code: bk3wteam3 | event_name: women | event_stage: women's pool round | stage: pool round | gender: w | discipline_name: 3x3 basketball | discipline_code: bk3 | venue: la concorde 1 | participant_code: bk3wteam3---fra01 | participant_name: france | participant_type: team | participant_country_code: fra | participant_country: france | result: 13 | result_type: points | result_WLT: l | start_order: 1
date: 2024-08-02t21:58:23+02:00 | event_code: bk3wteam3 | event_name: women | event_stage: women's pool round | stage: pool round | gender: w | discipline_name: 3x3 basketball | discipline_code: bk3 | venue: la concorde 1 | participant_code: bk3wteam3---ger01 | participant_name: germany | participant_type: team | participant_country_code: ger | participant_country: germany | result: 14 | result_type: points | result_WLT: w | start_order: 2
date: 2024-08-03t17:59:05+02:00 | event_code: bk3wteam3 | event_name: women | event_stage: women's pool round | stage: pool round | gender: w | discipline_name: 3x3 basketball | discipline_code: bk3 | venue: la concorde 1 | participant_code: bk3wteam3---aze01 | participant_name: azerbaijan | participant_type: team | participant_country_code: aze | participant_country: azerbaijan | result: 19 | result_type: points | result_WLT: l | start_order: 1
date: 2024-08-03t17:59:05+02:00 | event_code: bk3wteam3 | event_name: women | event_stage: women's pool round | stage: pool round | gender: w | discipline_name: 3x3 basketball | discipline_code: bk3 | venue: la concorde 1 | participant_code: bk3wteam3---can01 | participant_name: canada | participant_type: team | participant_country_code: can | participant_country: canada | result: 21 | result_type: points | result_WLT: w | start_order: 2
date: 2024-08-03t18:29:36+02:00 | event_code: bk3wteam3 | event_name: women | event_stage: women's pool round | stage: pool round | gender: w | discipline_name: 3x3 basketball | discipline_code: bk3 | venue: la concorde 1 | participant_code: bk3wteam3---esp01 | participant_name: spain | participant_type: team | participant_country_code: esp | participant_country: spain | result: 15 | result_type: points | result_WLT: l | start_order: 1
date: 2024-08-03t18:29:36+02:00 | event_code: bk3wteam3 | event_name: women | event_stage: women's pool round | stage: pool round | gender: w | discipline_name: 3x3 basketball | discipline_code: bk3 | venue: la concorde 1 | participant_code: bk3wteam3---ger01 | participant_name: germany | participant_type: team | participant_country_code: ger | participant_country: germany | result: 18 | result_type: points | result_WLT: w | start_order: 2
date: 2024-08-03t19:04:58+02:00 | event_code: bk3wteam3 | event_name: women | event_stage: women's pool round | stage: pool round | gender: w | discipline_name: 3x3 basketball | discipline_code: bk3 | venue: la concorde 1 | participant_code: bk3wteam3---fra01 | participant_name: france | participant_type: team | participant_country_code: fra | participant_country: france | result: 18 | result_type: points | result_WLT: w | start_order: 1
date: 2024-08-03t19:04:58+02:00 | event_code: bk3wteam3 | event_name: women | event_stage: women's pool round | stage: pool round | gender: w | discipline_name: 3x3 basketball | discipline_code: bk3 | venue: la concorde 1 | participant_code: bk3wteam3---aus01 | participant_name: australia | participant_type: team | participant_country_code: aus | participant_country: australia | result: 16 | result_type: points | result_WLT: l | start_order: 2
date: 2024-08-03t19:34:27+02:00 | event_code: bk3wteam3 | event_name: women | event_stage: women's pool round | stage: pool round | gender: w | discipline_name: 3x3 basketball | discipline_code: bk3 | venue: la concorde 1 | participant_code: bk3wteam3---chn01 | participant_name: people's republic of china | participant_type: team | participant_country_code: chn | participant_country: china | result: 12 | result_type: points | result_WLT: l | start_order: 1
date: 2024-08-03t19:34:27+02:00 | event_code: bk3wteam3 | event_name: women | event_stage: women's pool round | stage: pool round | gender: w | discipline_name: 3x3 basketball | discipline_code: bk3 | venue: la concorde 1 | participant_code: bk3wteam3---usa01 | participant_name: united states of america | participant_type: team | participant_country_code: usa | participant_country: united states | result: 14 | result_type: points | result_WLT: w | start_order: 2
date: 2024-08-03t21:50:10+02:00 | event_code: bk3wteam3 | event_name: women | event_stage: women's play-in games | stage: play-in game | gender: w | discipline_name: 3x3 basketball | discipline_code: bk3 | venue: la concorde 1 | participant_code: bk3wteam3---can01 | participant_name: canada | participant_type: team | participant_country_code: can | participant_country: canada | result: 21 | result_type: points | result_WLT: w | start_order: 1
date: 2024-08-03t21:50:10+02:00 | event_code: bk3wteam3 | event_name: women | event_stage: women's play-in games | stage: play-in game | gender: w | discipline_name: 3x3 basketball | discipline_code: bk3 | venue: la concorde 1 | participant_code: bk3wteam3---aus01 | participant_name: australia | participant_type: team | participant_country_code: aus | participant_country: australia | result: 10 | result_type: points | result_WLT: l | start_order: 2
date: 2024-08-03t22:24:07+02:00 | event_code: bk3wteam3 | event_name: women | event_stage: women's play-in games | stage: play-in game | gender: w | discipline_name: 3x3 basketball | discipline_code: bk3 | venue: la concorde 1 | participant_code: bk3wteam3---usa01 | participant_name: united states of america | participant_type: team | participant_country_code: usa | participant_country: united states | result: 21 | result_type: points | result_WLT: w | start_order: 1
date: 2024-08-03t22:24:07+02:00 | event_code: bk3wteam3 | event_name: women | event_stage: women's play-in games | stage: play-in game | gender: w | discipline_name: 3x3 basketball | discipline_code: bk3 | venue: la concorde 1 | participant_code: bk3wteam3---chn01 | participant_name: people's republic of china | participant_type: team | participant_country_code: chn | participant_country: china | result: 13 | result_type: points | result_WLT: l | start_order: 2
date: 2024-08-05t17:58:17+02:00 | event_code: bk3wteam3 | event_name: women | event_stage: women's semifinal | stage: semifinal | gender: w | discipline_name: 3x3 basketball | discipline_code: bk3 | venue: la concorde 1 | participant_code: bk3wteam3---esp01 | participant_name: spain | participant_type: team | participant_country_code: esp | participant_country: spain | result: 18 | result_type: points | result_WLT: w | start_order: 1
date: 2024-08-05t17:58:17+02:00 | event_code: bk3wteam3 | event_name: women | event_stage: women's semifinal | stage: semifinal | gender: w | discipline_name: 3x3 basketball | discipline_code: bk3 | venue: la concorde 1 | participant_code: bk3wteam3---usa01 | participant_name: united states of america | participant_type: team | participant_country_code: usa | participant_country: united states | result: 16 | result_type: points | result_WLT: l | start_order: 2
date: 2024-08-05t19:00:55+02:00 | event_code: bk3wteam3 | event_name: women | event_stage: women's semifinal | stage: semifinal | gender: w | discipline_name: 3x3 basketball | discipline_code: bk3 | venue: la concorde 1 | participant_code: bk3wteam3---ger01 | participant_name: germany | participant_type: team | participant_country_code: ger | participant_country: germany | result: 16 | result_type: points | result_WLT: w | start_order: 1
date: 2024-08-05t19:00:55+02:00 | event_code: bk3wteam3 | event_name: women | event_stage: women's semifinal | stage: semifinal | gender: w | discipline_name: 3x3 basketball | discipline_code: bk3 | venue: la concorde 1 | participant_code: bk3wteam3---can01 | participant_name: canada | participant_type: team | participant_country_code: can | participant_country: canada | result: 15 | result_type: points | result_WLT: l | start_order: 2
date: 2024-08-05t21:22:41+02:00 | event_code: bk3wteam3 | event_name: women | event_stage: women's bronze medal game | stage: bronze medal game | gender: w | discipline_name: 3x3 basketball | discipline_code: bk3 | venue: la concorde 1 | participant_code: bk3wteam3---can01 | participant_name: canada | participant_type: team | participant_country_code: can | participant_country: canada | result: 13 | result_type: points | result_WLT: l | start_order: 1
date: 2024-08-05t21:22:41+02:00 | event_code: bk3wteam3 | event_name: women | event_stage: women's bronze medal game | stage: bronze medal game | gender: w | discipline_name: 3x3 basketball | discipline_code: bk3 | venue: la concorde 1 | participant_code: bk3wteam3---usa01 | participant_name: united states of america | participant_type: team | participant_country_code: usa | participant_country: united states | result: 16 | result_type: points | result_WLT: w | start_order: 2
date: 2024-08-05t22:29:47+02:00 | event_code: bk3wteam3 | event_name: women | event_stage: women's gold medal game | stage: gold medal game | gender: w | discipline_name: 3x3 basketball | discipline_code: bk3 | venue: la concorde 1 | participant_code: bk3wteam3---ger01 | participant_name: germany | participant_type: team | participant_country_code: ger | participant_country: germany | result: 17 | result_type: points | result_WLT: w | start_order: 1
date: 2024-08-05t22:29:47+02:00 | event_code: bk3wteam3 | event_name: women | event_stage: women's gold medal game | stage: gold medal game | gender: w | discipline_name: 3x3 basketball | discipline_code: bk3 | venue: la concorde 1 | participant_code: bk3wteam3---esp01 | participant_name: spain | participant_type: team | participant_country_code: esp | participant_country: spain | result: 16 | result_type: points | result_WLT: l | start_order: 2
