text
date: 2024-08-09t22:54:54+02:00 | stage_code: swawteam2-------------fnl-000200-- | event_code: swawteam2 | event_name: duet | event_stage: duet technical routine | stage: technical routine | gender: w | discipline_name: artistic swimming | discipline_code: swa | venue: aquatics centre | participant_code: swawteam2---chn01 | participant_name: people's republic of china | participant_type: team | participant_country_code: chn | participant_country: china | rank: 1.0 | result: 276.7867 | result_type: points | result_IRM:  | result_diff:  | start_order: 18.0
date: 2024-08-09t22:54:54+02:00 | stage_code: swawteam2-------------fnl-000200-- | event_code: swawteam2 | event_name: duet | event_stage: duet technical routine | stage: technical routine | gender: w | discipline_name: artistic swimming | discipline_code: swa | venue: aquatics centre | participant_code: swawteam2---aut01 | participant_name: austria | participant_type: team | participant_country_code: aut | participant_country: austria | rank: 2.0 | result: 267.2533 | result_type: points | result_IRM:  | result_diff: 9.5334 | start_order: 9.0
date: 2024-08-09t22:54:54+02:00 | stage_code: swawteam2-------------fnl-000200-- | event_code: swawteam2 | event_name: duet | event_stage: duet technical routine | stage: technical routine | gender: w | discipline_name: artistic swimming | discipline_code: swa | venue: aquatics centre | participant_code: swawteam2---ned01 | participant_name: netherlands | participant_type: team | participant_country_code: ned | participant_country: netherlands | rank: 3.0 | result: 264.7066 | result_type: points | result_IRM:  | result_diff: 12.0801 | start_order: 15.0
date: 2024-08-09t22:54:54+02:00 | stage_code: swawteam2-------------fnl-000200-- | event_code: swawteam2 | event_name: duet | event_stage: duet technical routine | stage: technical routine | gender: w | discipline_name: artistic swimming | discipline_code: swa | venue: aquatics centre | participant_code: swawteam2---gbr01 | participant_name: great britain | participant_type: team | participant_country_code: gbr | participant_country: great britain | rank: 4.0 | result: 264.0282 | result_type: points | result_IRM:  | result_diff: 12.7585 | start_order: 17.0
date: 2024-08-09t22:54:54+02:00 | stage_code: swawteam2-------------fnl-000200-- | event_code: swawteam2 | event_name: duet | event_stage: duet technical routine | stage: technical routine | gender: w | discipline_name: artistic swimming | discipline_code: swa | venue: aquatics centre | participant_code: swawteam2---ukr01 | participant_name: ukraine | participant_type: team | participant_country_code: ukr | participant_country: ukraine | rank: 5.0 | result: 260.46 | result_type: points | result_IRM:  | result_diff: 16.3267 | start_order: 10.0
date: 2024-08-09t22:54:54+02:00 | stage_code: swawteam2-------------fnl-000200-- | event_code: swawteam2 | event_name: duet | event_stage: duet technical routine | stage: technical routine | gender: w | discipline_name: artistic swimming | discipline_code: swa | venue: aquatics centre | participant_code: swawteam2---jpn01 | participant_name: japan | participant_type: team | participant_country_code: jpn | participant_country: japan | rank: 6.0 | result: 257.3533 | result_type: points | result_IRM:  | result_diff: 19.4334 | start_order: 7.0
date: 2024-08-09t22:54:54+02:00 | stage_code: swawteam2-------------fnl-000200-- | event_code: swawteam2 | event_name: duet | event_stage: duet technical routine | stage: technical routine | gender: w | discipline_name: artistic swimming | discipline_code: swa | venue: aquatics centre | participant_code: swawteam2---esp01 | participant_name: spain | participant_type: team | participant_country_code: esp | participant_country: spain | rank: 7.0 | result: 254.0816 | result_type: points | result_IRM:  | result_diff: 22.7051 | start_order: 16.0
date: 2024-08-09t22:54:54+02:00 | stage_code: swawteam2-------------fnl-000200-- | event_code: swawteam2 | event_name: duet | event_stage: duet technical routine | stage: technical routine | gender: w | discipline_name: artistic swimming | discipline_code: swa | venue: aquatics centre | participant_code: swawteam2---gre01 | participant_name: greece | participant_type: team | participant_country_code: gre | participant_country: greece | rank: 8.0 | result: 250.4584 | result_type: points | result_IRM:  | result_diff: 26.3283 | start_order: 11.0
date: 2024-08-09t22:54:54+02:00 | stage_code: swawteam2-------------fnl-000200-- | event_code: swawteam2 | event_name: duet | event_stage: duet technical routine | stage: technical routine | gender: w | discipline_name: artistic swimming | discipline_code: swa | venue: aquatics centre | participant_code: swawteam2---isr01 | participant_name: israel | participant_type: team | participant_country_code: isr | participant_country: israel | rank: 9.0 | result: 243.0666 | result_type: points | result_IRM:  | result_diff: 33.7201 | start_order: 14.0
date: 2024-08-09t22:54:54+02:00 | stage_code: swawteam2-------------fnl-000200-- | event_code: swawteam2 | event_name: duet | event_stage: duet technical routine | stage: technical routine | gender: w | discipline_name: artistic swimming | discipline_code: swa | venue: aquatics centre | participant_code: swawteam2---fra01 | participant_name: france | participant_type: team | participant_country_code: fra | participant_country: france | rank: 10.0 | result: 241.3116 | result_type: points | result_IRM:  | result_diff: 35.4751 | start_order: 1.0
date: 2024-08-09t22:54:54+02:00 | stage_code: swawteam2-------------fnl-000200-- | event_code: swawteam2 | event_name: duet | event_stage: duet technical routine | stage: technical routine | gender: w | discipline_name: artistic swimming | discipline_code: swa | venue: aquatics centre | participant_code: swawteam2---mex01 | participant_name: mexico | participant_type: team | participant_country_code: mex | participant_country: mexico | rank: 11.0 | result: 238.9383 | result_type: points | result_IRM:  | result_diff: 37.8484 | start_order: 8.0
date: 2024-08-09t22:54:54+02:00 | stage_code: swawteam2-------------fnl-000200-- | event_code: swawteam2 | event_name: duet | event_stage: duet technical routine | stage: technical routine | gender: w | discipline_name: artistic swimming | discipline_code: swa | venue: aquatics centre | participant_code: swawteam2---usa01 | participant_name: united states of america | participant_type: team | participant_country_code: usa | participant_country: united states | rank: 12.0 | result: 230.7134 | result_type: points | result_IRM:  | result_diff: 46.0733 | start_order: 4.0
date: 2024-08-09t22:54:54+02:00 | stage_code: swawteam2-------------fnl-000200-- | event_code: swawteam2 | event_name: duet | event_stage: duet technical routine | stage: technical routine | gender: w | discipline_name: artistic swimming | discipline_code: swa | venue: aquatics centre | participant_code: swawteam2---kor01 | participant_name: republic of korea | participant_type: team | participant_country_code: kor | participant_country: korea | rank: 13.0 | result: 227.5667 | result_type: points | result_IRM:  | result_diff: 49.22 | start_order: 5.0
date: 2024-08-09t22:54:54+02:00 | stage_code: swawteam2-------------fnl-000200-- | event_code: swawteam2 | event_name: duet | event_stage: duet technical routine | stage: technical routine | gender: w | discipline_name: artistic swimming | discipline_code: swa | venue: aquatics centre | participant_code: swawteam2---aus01 | participant_name: australia | participant_type: team | participant_country_code: aus | participant_country: australia | rank: 14.0 | result: 210.0782 | result_type: points | result_IRM:  | result_diff: 66.7085 | start_order: 6.0
date: 2024-08-09t22:54:54+02:00 | stage_code: swawteam2-------------fnl-000200-- | event_code: swawteam2 | event_name: duet | event_stage: duet technical routine | stage: technical routine | gender: w | discipline_name: artistic swimming | discipline_code: swa | venue: aquatics centre | participant_code: swawteam2---can01 | participant_name: canada | participant_type: team | participant_country_code: can | participant_country: canada | rank: 15.0 | result: 201.5167 | result_type: points | result_IRM:  | result_diff: 75.27 | start_order: 12.0
date: 2024-08-09t22:54:54+02:00 | stage_code: swawteam2-------------fnl-000200-- | event_code: swawteam2 | event_name: duet | event_stage: duet technical routine | stage: technical routine | gender: w | discipline_name: artistic swimming | discipline_code: swa | venue: aquatics centre | participant_code: swawteam2---egy01 | participant_name: egypt | participant_type: team | participant_country_code: egy | participant_country: egypt | rank: 16.0 | result: 196.525 | result_type: points | result_IRM:  | result_diff: 80.2617 | start_order: 3.0
date: 2024-08-09t22:54:54+02:00 | stage_code: swawteam2-------------fnl-000200-- | event_code: swawteam2 | event_name: duet | event_stage: duet technical routine | stage: technical routine | gender: w | discipline_name: artistic swimming | discipline_code: swa | venue: aquatics centre | participant_code: swawteam2---nzl01 | participant_name: new zealand | participant_type: team | participant_country_code: nzl | participant_country: new zealand | rank: 17.0 | result: 188.0901 | result_type: points | result_IRM:  | result_diff: 88.6966 | start_order: 2.0
date: 2024-08-09t22:54:54+02:00 | stage_code: swawteam2-------------fnl-000200-- | event_code: swawteam2 | event_name: duet | event_stage: duet technical routine | stage: technical routine | gender: w | discipline_name: artistic swimming | discipline_code: swa | venue: aquatics centre | participant_code: swawteam2---ita01 | participant_name: italy | participant_type: team | participant_country_code: ita | participant_country: italy | rank:  | result:  | result_type: irm | result_IRM: dns | result_diff:  | start_order: 13.0
date: 2024-08-10t21:51:39+02:00 | stage_code: swawteam2-------------fnl-000100-- | event_code: swawteam2 | event_name: duet | event_stage: duet free routine | stage: free routine | gender: w | discipline_name: artistic swimming | discipline_code: swa | venue: aquatics centre | participant_code: swawteam2---gbr01 | participant_name: great britain | participant_type: team | participant_country_code: gbr | participant_country: great britain | rank: 1.0 | result: 294.5085 | result_type: points | result_IRM:  | result_diff:  | start_order: 15.0
date: 2024-08-10t21:51:39+02:00 | stage_code: swawteam2-------------fnl-000100-- | event_code: swawteam2 | event_name: duet | event_stage: duet free routine | stage: free routine | gender: w | discipline_name: artistic swimming | discipline_code: swa | venue: aquatics centre | participant_code: swawteam2---ned01 | participant_name: netherlands | participant_type: team | participant_country_code: ned | participant_country: netherlands | rank: 2.0 | result: 293.6897 | result_type: points | result_IRM:  | result_diff: 0.8188 | start_order: 16.0
date: 2024-08-10t21:51:39+02:00 | stage_code: swawteam2-------------fnl-000100-- | event_code: swawteam2 | event_name: duet | event_stage: duet free routine | stage: free routine | gender: w | discipline_name: artistic swimming | discipline_code: swa | venue: aquatics centre | participant_code: swawteam2---can01 | participant_name: canada | participant_type: team | participant_country_code: can | participant_country: canada | rank: 3.0 | result: 290.9103 | result_type: points | result_IRM:  | result_diff: 3.5982 | start_order: 14.0
date: 2024-08-10t21:51:39+02:00 | stage_code: swawteam2-------------fnl-000100-- | event_code: swawteam2 | event_name: duet | event_stage: duet free routine | stage: free routine | gender: w | discipline_name: artistic swimming | discipline_code: swa | venue: aquatics centre | participant_code: swawteam2---chn01 | participant_name: people's republic of china | participant_type: team | participant_country_code: chn | participant_country: china | rank: 4.0 | result: 289.6916 | result_type: points | result_IRM:  | result_diff: 4.8169 | start_order: 17.0
date: 2024-08-10t21:51:39+02:00 | stage_code: swawteam2-------------fnl-000100-- | event_code: swawteam2 | event_name: duet | event_stage: duet free routine | stage: free routine | gender: w | discipline_name: artistic swimming | discipline_code: swa | venue: aquatics centre | participant_code: swawteam2---aut01 | participant_name: austria | participant_type: team | participant_country_code: aut | participant_country: austria | rank: 5.0 | result: 288.4145 | result_type: points | result_IRM:  | result_diff: 6.094 | start_order: 12.0
date: 2024-08-10t21:51:39+02:00 | stage_code: swawteam2-------------fnl-000100-- | event_code: swawteam2 | event_name: duet | event_stage: duet free routine | stage: free routine | gender: w | discipline_name: artistic swimming | discipline_code: swa | venue: aquatics centre | participant_code: swawteam2---gre01 | participant_name: greece | participant_type: team | participant_country_code: gre | participant_country: greece | rank: 6.0 | result: 281.8418 | result_type: points | result_IRM:  | result_diff: 12.6667 | start_order: 11.0
date: 2024-08-10t21:51:39+02:00 | stage_code: swawteam2-------------fnl-000100-- | event_code: swawteam2 | event_name: duet | event_stage: duet free routine | stage: free routine | gender: w | discipline_name: artistic swimming | discipline_code: swa | venue: aquatics centre | participant_code: swawteam2---ukr01 | participant_name: ukraine | participant_type: team | participant_country_code: ukr | participant_country: ukraine | rank: 7.0 | result: 278.2084 | result_type: points | result_IRM:  | result_diff: 16.3001 | start_order: 10.0
date: 2024-08-10t21:51:39+02:00 | stage_code: swawteam2-------------fnl-000100-- | event_code: swawteam2 | event_name: duet | event_stage: duet free routine | stage: free routine | gender: w | discipline_name: artistic swimming | discipline_code: swa | venue: aquatics centre | participant_code: swawteam2---esp01 | participant_name: spain | participant_type: team | participant_country_code: esp | participant_country: spain | rank: 8.0 | result: 267.4021 | result_type: points | result_IRM:  | result_diff: 27.1064 | start_order: 13.0
date: 2024-08-10t21:51:39+02:00 | stage_code: swawteam2-------------fnl-000100-- | event_code: swawteam2 | event_name: duet | event_stage: duet free routine | stage: free routine | gender: w | discipline_name: artistic swimming | discipline_code: swa | venue: aquatics centre | participant_code: swawteam2---usa01 | participant_name: united states of america | participant_type: team | participant_country_code: usa | participant_country: united states | rank: 9.0 | result: 254.0354 | result_type: points | result_IRM:  | result_diff: 40.4731 | start_order: 5.0
date: 2024-08-10t21:51:39+02:00 | stage_code: swawteam2-------------fnl-000100-- | event_code: swawteam2 | event_name: duet | event_stage: duet free routine | stage: free routine | gender: w | discipline_name: artistic swimming | discipline_code: swa | venue: aquatics centre | participant_code: swawteam2---jpn01 | participant_name: japan | participant_type: team | participant_country_code: jpn | participant_country: japan | rank: 10.0 | result: 249.7271 | result_type: points | result_IRM:  | result_diff: 44.7814 | start_order: 8.0
date: 2024-08-10t21:51:39+02:00 | stage_code: swawteam2-------------fnl-000100-- | event_code: swawteam2 | event_name: duet | event_stage: duet free routine | stage: free routine | gender: w | discipline_name: artistic swimming | discipline_code: swa | venue: aquatics centre | participant_code: swawteam2---isr01 | participant_name: israel | participant_type: team | participant_country_code: isr | participant_country: israel | rank: 11.0 | result: 239.3416 | result_type: points | result_IRM:  | result_diff: 55.1669 | start_order: 9.0
date: 2024-08-10t21:51:39+02:00 | stage_code: swawteam2-------------fnl-000100-- | event_code: swawteam2 | event_name: duet | event_stage: duet free routine | stage: free routine | gender: w | discipline_name: artistic swimming | discipline_code: swa | venue: aquatics centre | participant_code: swawteam2---mex01 | participant_name: mexico | participant_type: team | participant_country_code: mex | participant_country: mexico | rank: 12.0 | result: 232.6563 | result_type: points | result_IRM:  | result_diff: 61.8522 | start_order: 6.0
date: 2024-08-10t21:51:39+02:00 | stage_code: swawteam2-------------fnl-000100-- | event_code: swawteam2 | event_name: duet | event_stage: duet free routine | stage: free routine | gender: w | discipline_name: artistic swimming | discipline_code: swa | venue: aquatics centre | participant_code: swawteam2---kor01 | participant_name: republic of korea | participant_type: team | participant_country_code: kor | participant_country: korea | rank: 13.0 | result: 227.75 | result_type: points | result_IRM:  | result_diff: 66.7585 | start_order: 7.0
date: 2024-08-10t21:51:39+02:00 | stage_code: swawteam2-------------fnl-000100-- | event_code: swawteam2 | event_name: duet | event_stage: duet free routine | stage: free routine | gender: w | discipline_name: artistic swimming | discipline_code: swa | venue: aquatics centre | participant_code: swawteam2---egy01 | participant_name: egypt | participant_type: team | participant_country_code: egy | participant_country: egypt | rank: 14.0 | result: 225.6541 | result_type: points | result_IRM:  | result_diff: 68.8544 | start_order: 4.0
date: 2024-08-10t21:51:39+02:00 | stage_code: swawteam2-------------fnl-000100-- | event_code: swawteam2 | event_name: duet | event_stage: duet free routine | stage: free routine | gender: w | discipline_name: artistic swimming | discipline_code: swa | venue: aquatics centre | participant_code: swawteam2---aus01 | participant_name: australia | participant_type: team | participant_country_code: aus | participant_country: australia | rank: 15.0 | result: 198.0271 | result_type: points | result_IRM:  | result_diff: 96.4814 | start_order: 3.0
date: 2024-08-10t21:51:39+02:00 | stage_code: swawteam2-------------fnl-000100-- | event_code: swawteam2 | event_name: duet | event_stage: duet free routine | stage: free routine | gender: w | discipline_name: artistic swimming | discipline_code: swa | venue: aquatics centre | participant_code: swawteam2---fra01 | participant_name: france | participant_type: team | participant_country_code: fra | participant_country: france | rank: 16.0 | result: 189.0687 | result_type: points | result_IRM:  | result_diff: 105.4398 | start_order: 1.0
date: 2024-08-10t21:51:39+02:00 | stage_code: swawteam2-------------fnl-000100-- | event_code: swawteam2 | event_name: duet | event_stage: duet free routine | stage: free routine | gender: w | discipline_name: artistic swimming | discipline_code: swa | venue: aquatics centre | participant_code: swawteam2---nzl01 | participant_name: new zealand | participant_type: team | participant_country_code: nzl | participant_country: new zealand | rank: 17.0 | result: 166.5105 | result_type: points | result_IRM:  | result_diff: 127.998 | start_order: 2.0
date: 2024-08-10t21:51:39+02:00 | stage_code: swawteam2-------------fnl--------- | event_code: swawteam2 | event_name: duet | event_stage: duet final | stage: final results | gender: w | discipline_name: artistic swimming | discipline_code: swa | venue:  | participant_code: swawteam2---chn01 | participant_name: people's republic of china | participant_type: team | participant_country_code: chn | participant_country: china | rank: 1.0 | result: 566.4783 | result_type: points | result_IRM:  | result_diff:  | start_order: 
date: 2024-08-10t21:51:39+02:00 | stage_code: swawteam2-------------fnl--------- | event_code: swawteam2 | event_name: duet | event_stage: duet final | stage: final results | gender: w | discipline_name: artistic swimming | discipline_code: swa | venue:  | participant_code: swawteam2---gbr01 | participant_name: great britain | participant_type: team | participant_country_code: gbr | participant_country: great britain | rank: 2.0 | result: 558.5367 | result_type: points | result_IRM:  | result_diff: 7.9416 | start_order: 
date: 2024-08-10t21:51:39+02:00 | stage_code: swawteam2-------------fnl--------- | event_code: swawteam2 | event_name: duet | event_stage: duet final | stage: final results | gender: w | discipline_name: artistic swimming | discipline_code: swa | venue:  | participant_code: swawteam2---ned01 | participant_name: netherlands | participant_type: team | participant_country_code: ned | participant_country: netherlands | rank: 3.0 | result: 558.3963 | result_type: points | result_IRM:  | result_diff: 8.082 | start_order: 
date: 2024-08-10t21:51:39+02:00 | stage_code: swawteam2-------------fnl--------- | event_code: swawteam2 | event_name: duet | event_stage: duet final | stage: final results | gender: w | discipline_name: artistic swimming | discipline_code: swa | venue:  | participant_code: swawteam2---aut01 | participant_name: austria | participant_type: team | participant_country_code: aut | participant_country: austria | rank: 4.0 | result: 555.6678 | result_type: points | result_IRM:  | result_diff: 10.8105 | start_order: 
date: 2024-08-10t21:51:39+02:00 | stage_code: swawteam2-------------fnl--------- | event_code: swawteam2 | event_name: duet | event_stage: duet final | stage: final results | gender: w | discipline_name: artistic swimming | discipline_code: swa | venue:  | participant_code: swawteam2---ukr01 | participant_name: ukraine | participant_type: team | participant_country_code: ukr | participant_country: ukraine | rank: 5.0 | result: 538.6684 | result_type: points | result_IRM:  | result_diff: 27.8099 | start_order: 
date: 2024-08-10t21:51:39+02:00 | stage_code: swawteam2-------------fnl--------- | event_code: swawteam2 | event_name: duet | event_stage: duet final | stage: final results | gender: w | discipline_name: artistic swimming | discipline_code: swa | venue:  | participant_code: swawteam2---gre01 | participant_name: greece | participant_type: team | participant_country_code: gre | participant_country: greece | rank: 6.0 | result: 532.3002 | result_type: points | result_IRM:  | result_diff: 34.1781 | start_order: 
date: 2024-08-10t21:51:39+02:00 | stage_code: swawteam2-------------fnl--------- | event_code: swawteam2 | event_name: duet | event_stage: duet final | stage: final results | gender: w | discipline_name: artistic swimming | discipline_code: swa | venue:  | participant_code: swawteam2---esp01 | participant_name: spain | participant_type: team | participant_country_code: esp | participant_country: spain | rank: 7.0 | result: 521.4837 | result_type: points | result_IRM:  | result_diff: 44.9946 | start_order: 
date: 2024-08-10t21:51:39+02:00 | stage_code: swawteam2-------------fnl--------- | event_code: swawteam2 | event_name: duet | event_stage: duet final | stage: final results | gender: w | discipline_name: artistic swimming | discipline_code: swa | venue:  | participant_code: swawteam2---jpn01 | participant_name: japan | participant_type: team | participant_country_code: jpn | participant_country: japan | rank: 8.0 | result: 507.0804 | result_type: points | result_IRM:  | result_diff: 59.3979 | start_order: 
date: 2024-08-10t21:51:39+02:00 | stage_code: swawteam2-------------fnl--------- | event_code: swawteam2 | event_name: duet | event_stage: duet final | stage: final results | gender: w | discipline_name: artistic swimming | discipline_code: swa | venue:  | participant_code: swawteam2---can01 | participant_name: canada | participant_type: team | participant_country_code: can | participant_country: canada | rank: 9.0 | result: 492.427 | result_type: points | result_IRM:  | result_diff: 74.0513 | start_order: 
date: 2024-08-10t21:51:39+02:00 | stage_code: swawteam2-------------fnl--------- | event_code: swawteam2 | event_name: duet | event_stage: duet final | stage: final results | gender: w | discipline_name: artistic swimming | discipline_code: swa | venue:  | participant_code: swawteam2---usa01 | participant_name: united states of america | participant_type: team | participant_country_code: usa | participant_country: united states | rank: 10.0 | result: 484.7488 | result_type: points | result_IRM:  | result_diff: 81.7295 | start_order: 
date: 2024-08-10t21:51:39+02:00 | stage_code: swawteam2-------------fnl--------- | event_code: swawteam2 | event_name: duet | event_stage: duet final | stage: final results | gender: w | discipline_name: artistic swimming | discipline_code: swa | venue:  | participant_code: swawteam2---isr01 | participant_name: israel | participant_type: team | participant_country_code: isr | participant_country: israel | rank: 11.0 | result: 482.4082 | result_type: points | result_IRM:  | result_diff: 84.0701 | start_order: 
date: 2024-08-10t21:51:39+02:00 | stage_code: swawteam2-------------fnl--------- | event_code: swawteam2 | event_name: duet | event_stage: duet final | stage: final results | gender: w | discipline_name: artistic swimming | discipline_code: swa | venue:  | participant_code: swawteam2---mex01 | participant_name: mexico | participant_type: team | participant_country_code: mex | participant_country: mexico | rank: 12.0 | result: 471.5946 | result_type: points | result_IRM:  | result_diff: 94.8837 | start_order: 
date: 2024-08-10t21:51:39+02:00 | stage_code: swawteam2-------------fnl--------- | event_code: swawteam2 | event_name: duet | event_stage: duet final | stage: final results | gender: w | discipline_name: artistic swimming | discipline_code: swa | venue:  | participant_code: swawteam2---kor01 | participant_name: republic of korea | participant_type: team | participant_country_code: kor | participant_country: korea | rank: 13.0 | result: 455.3167 | result_type: points | result_IRM:  | result_diff: 111.1616 | start_order: 
date: 2024-08-10t21:51:39+02:00 | stage_code: swawteam2-------------fnl--------- | event_code: swawteam2 | event_name: duet | event_stage: duet final | stage: final results | gender: w | discipline_name: artistic swimming | discipline_code: swa | venue:  | participant_code: swawteam2---fra01 | participant_name: france | participant_type: team | participant_country_code: fra | participant_country: france | rank: 14.0 | result: 430.3803 | result_type: points | result_IRM:  | result_diff: 136.098 | start_order: 
date: 2024-08-10t21:51:39+02:00 | stage_code: swawteam2-------------fnl--------- | event_code: swawteam2 | event_name: duet | event_stage: duet final | stage: final results | gender: w | discipline_name: artistic swimming | discipline_code: swa | venue:  | participant_code: swawteam2---egy01 | participant_name: egypt | participant_type: team | participant_country_code: egy | participant_country: egypt | rank: 15.0 | result: 422.1791 | result_type: points | result_IRM:  | result_diff: 144.2992 | start_order: 
date: 2024-08-10t21:51:39+02:00 | stage_code: swawteam2-------------fnl--------- | event_code: swawteam2 | event_name: duet | event_stage: duet final | stage: final results | gender: w | discipline_name: artistic swimming | discipline_code: swa | venue:  | participant_code: swawteam2---aus01 | participant_name: australia | participant_type: team | participant_country_code: aus | participant_country: australia | rank: 16.0 | result: 408.1053 | result_type: points | result_IRM:  | result_diff: 158.373 | start_order: 
date: 2024-08-10t21:51:39+02:00 | stage_code: swawteam2-------------fnl--------- | event_code: swawteam2 | event_name: duet | event_stage: duet final | stage: final results | gender: w | discipline_name: artistic swimming | discipline_code: swa | venue:  | participant_code: swawteam2---nzl01 | participant_name: new zealand | participant_type: team | participant_country_code: nzl | participant_country: new zealand | rank: 17.0 | result: 354.6006 | result_type: points | result_IRM:  | result_diff: 211.8777 | start_order: 
date: 2024-08-10t21:51:39+02:00 | stage_code: swawteam2-------------fnl--------- | event_code: swawteam2 | event_name: duet | event_stage: duet final | stage: final results | gender: w | discipline_name: artistic swimming | discipline_code: swa | venue:  | participant_code: swawteam2---ita01 | participant_name: italy | participant_type: team | participant_country_code: ita | participant_country: italy | rank:  | result:  | result_type:  | result_IRM:  | result_diff:  | start_order: 
date: 2024-08-05t21:49:47+02:00 | stage_code: swaoteam8-------------fnl-000300-- | event_code: swaoteam8 | event_name: team | event_stage: team technical routine | stage: technical routine | gender: o | discipline_name: artistic swimming | discipline_code: swa | venue: aquatics centre | participant_code: swawteam8---chn01 | participant_name: people's republic of china | participant_type: team | participant_country_code: chn | participant_country: china | rank: 1.0 | result: 313.5538 | result_type: points | result_IRM:  | result_diff:  | start_order: 10.0
date: 2024-08-05t21:49:47+02:00 | stage_code: swaoteam8-------------fnl-000300-- | event_code: swaoteam8 | event_name: team | event_stage: team technical routine | stage: technical routine | gender: o | discipline_name: artistic swimming | discipline_code: swa | venue: aquatics centre | participant_code: swawteam8---esp01 | participant_name: spain | participant_type: team | participant_country_code: esp | participant_country: spain | rank: 2.0 | result: 287.1475 | result_type: points | result_IRM:  | result_diff: 26.4063 | start_order: 9.0
date: 2024-08-05t21:49:47+02:00 | stage_code: swaoteam8-------------fnl-000300-- | event_code: swaoteam8 | event_name: team | event_stage: team technical routine | stage: technical routine | gender: o | discipline_name: artistic swimming | discipline_code: swa | venue: aquatics centre | participant_code: swawteam8---jpn01 | participant_name: japan | participant_type: team | participant_country_code: jpn | participant_country: japan | rank: 3.0 | result: 284.9017 | result_type: points | result_IRM:  | result_diff: 28.6521 | start_order: 8.0
date: 2024-08-05t21:49:47+02:00 | stage_code: swaoteam8-------------fnl-000300-- | event_code: swaoteam8 | event_name: team | event_stage: team technical routine | stage: technical routine | gender: o | discipline_name: artistic swimming | discipline_code: swa | venue: aquatics centre | participant_code: swawteam8---usa01 | participant_name: united states of america | participant_type: team | participant_country_code: usa | participant_country: united states | rank: 4.0 | result: 282.7567 | result_type: points | result_IRM:  | result_diff: 30.7971 | start_order: 7.0
date: 2024-08-05t21:49:47+02:00 | stage_code: swaoteam8-------------fnl-000300-- | event_code: swaoteam8 | event_name: team | event_stage: team technical routine | stage: technical routine | gender: o | discipline_name: artistic swimming | discipline_code: swa | venue: aquatics centre | participant_code: swawteam8---ita01 | participant_name: italy | participant_type: team | participant_country_code: ita | participant_country: italy | rank: 5.0 | result: 277.8304 | result_type: points | result_IRM:  | result_diff: 35.7234 | start_order: 6.0
date: 2024-08-05t21:49:47+02:00 | stage_code: swaoteam8-------------fnl-000300-- | event_code: swaoteam8 | event_name: team | event_stage: team technical routine | stage: technical routine | gender: o | discipline_name: artistic swimming | discipline_code: swa | venue: aquatics centre | participant_code: swawteam8---fra01 | participant_name: france | participant_type: team | participant_country_code: fra | participant_country: france | rank: 6.0 | result: 277.7925 | result_type: points | result_IRM:  | result_diff: 35.7613 | start_order: 2.0
date: 2024-08-05t21:49:47+02:00 | stage_code: swaoteam8-------------fnl-000300-- | event_code: swaoteam8 | event_name: team | event_stage: team technical routine | stage: technical routine | gender: o | discipline_name: artistic swimming | discipline_code: swa | venue: aquatics centre | participant_code: swawteam8---can01 | participant_name: canada | participant_type: team | participant_country_code: can | participant_country: canada | rank: 7.0 | result: 262.4808 | result_type: points | result_IRM:  | result_diff: 51.073 | start_order: 4.0
date: 2024-08-05t21:49:47+02:00 | stage_code: swaoteam8-------------fnl-000300-- | event_code: swaoteam8 | event_name: team | event_stage: team technical routine | stage: technical routine | gender: o | discipline_name: artistic swimming | discipline_code: swa | venue: aquatics centre | participant_code: swawteam8---mex01 | participant_name: mexico | participant_type: team | participant_country_code: mex | participant_country: mexico | rank: 8.0 | result: 242.9491 | result_type: points | result_IRM:  | result_diff: 70.6047 | start_order: 5.0
date: 2024-08-05t21:49:47+02:00 | stage_code: swaoteam8-------------fnl-000300-- | event_code: swaoteam8 | event_name: team | event_stage: team technical routine | stage: technical routine | gender: o | discipline_name: artistic swimming | discipline_code: swa | venue: aquatics centre | participant_code: swawteam8---egy01 | participant_name: egypt | participant_type: team | participant_country_code: egy | participant_country: egypt | rank: 9.0 | result: 242.7651 | result_type: points | result_IRM:  | result_diff: 70.7887 | start_order: 1.0
date: 2024-08-05t21:49:47+02:00 | stage_code: swaoteam8-------------fnl-000300-- | event_code: swaoteam8 | event_name: team | event_stage: team technical routine | stage: technical routine | gender: o | discipline_name: artistic swimming | discipline_code: swa | venue: aquatics centre | participant_code: swawteam8---aus01 | participant_name: australia | participant_type: team | participant_country_code: aus | participant_country: australia | rank: 10.0 | result: 235.9071 | result_type: points | result_IRM:  | result_diff: 77.6467 | start_order: 3.0
date: 2024-08-06t21:27:51+02:00 | stage_code: swaoteam8-------------fnl-000200-- | event_code: swaoteam8 | event_name: team | event_stage: team free routine | stage: free routine | gender: o | discipline_name: artistic swimming | discipline_code: swa | venue: aquatics centre | participant_code: swawteam8---chn01 | participant_name: people's republic of china | participant_type: team | participant_country_code: chn | participant_country: china | rank: 1.0 | result: 398.8917 | result_type: points | result_IRM:  | result_diff:  | start_order: 10.0
date: 2024-08-06t21:27:51+02:00 | stage_code: swaoteam8-------------fnl-000200-- | event_code: swaoteam8 | event_name: team | event_stage: team free routine | stage: free routine | gender: o | discipline_name: artistic swimming | discipline_code: swa | venue: aquatics centre | participant_code: swawteam8---usa01 | participant_name: united states of america | participant_type: team | participant_country_code: usa | participant_country: united states | rank: 2.0 | result: 360.2688 | result_type: points | result_IRM:  | result_diff: 38.6229 | start_order: 8.0
date: 2024-08-06t21:27:51+02:00 | stage_code: swaoteam8-------------fnl-000200-- | event_code: swaoteam8 | event_name: team | event_stage: team free routine | stage: free routine | gender: o | discipline_name: artistic swimming | discipline_code: swa | venue: aquatics centre | participant_code: swawteam8---mex01 | participant_name: mexico | participant_type: team | participant_country_code: mex | participant_country: mexico | rank: 3.0 | result: 347.3874 | result_type: points | result_IRM:  | result_diff: 51.5043 | start_order: 6.0
date: 2024-08-06t21:27:51+02:00 | stage_code: swaoteam8-------------fnl-000200-- | event_code: swaoteam8 | event_name: team | event_stage: team free routine | stage: free routine | gender: o | discipline_name: artistic swimming | discipline_code: swa | venue: aquatics centre | participant_code: swawteam8---esp01 | participant_name: spain | participant_type: team | participant_country_code: esp | participant_country: spain | rank: 4.0 | result: 346.4644 | result_type: points | result_IRM:  | result_diff: 52.4273 | start_order: 7.0
date: 2024-08-06t21:27:51+02:00 | stage_code: swaoteam8-------------fnl-000200-- | event_code: swaoteam8 | event_name: team | event_stage: team free routine | stage: free routine | gender: o | discipline_name: artistic swimming | discipline_code: swa | venue: aquatics centre | participant_code: swawteam8---can01 | participant_name: canada | participant_type: team | participant_country_code: can | participant_country: canada | rank: 5.0 | result: 343.6854 | result_type: points | result_IRM:  | result_diff: 55.2063 | start_order: 5.0
date: 2024-08-06t21:27:51+02:00 | stage_code: swaoteam8-------------fnl-000200-- | event_code: swaoteam8 | event_name: team | event_stage: team free routine | stage: free routine | gender: o | discipline_name: artistic swimming | discipline_code: swa | venue: aquatics centre | participant_code: swawteam8---jpn01 | participant_name: japan | participant_type: team | participant_country_code: jpn | participant_country: japan | rank: 6.0 | result: 343.0291 | result_type: points | result_IRM:  | result_diff: 55.8626 | start_order: 9.0
date: 2024-08-06t21:27:51+02:00 | stage_code: swaoteam8-------------fnl-000200-- | event_code: swaoteam8 | event_name: team | event_stage: team free routine | stage: free routine | gender: o | discipline_name: artistic swimming | discipline_code: swa | venue: aquatics centre | participant_code: swawteam8---fra01 | participant_name: france | participant_type: team | participant_country_code: fra | participant_country: france | rank: 7.0 | result: 340.0561 | result_type: points | result_IRM:  | result_diff: 58.8356 | start_order: 1.0
date: 2024-08-06t21:27:51+02:00 | stage_code: swaoteam8-------------fnl-000200-- | event_code: swaoteam8 | event_name: team | event_stage: team free routine | stage: free routine | gender: o | discipline_name: artistic swimming | discipline_code: swa | venue: aquatics centre | participant_code: swawteam8---ita01 | participant_name: italy | participant_type: team | participant_country_code: ita | participant_country: italy | rank: 8.0 | result: 326.15 | result_type: points | result_IRM:  | result_diff: 72.7417 | start_order: 4.0
date: 2024-08-06t21:27:51+02:00 | stage_code: swaoteam8-------------fnl-000200-- | event_code: swaoteam8 | event_name: team | event_stage: team free routine | stage: free routine | gender: o | discipline_name: artistic swimming | discipline_code: swa | venue: aquatics centre | participant_code: swawteam8---aus01 | participant_name: australia | participant_type: team | participant_country_code: aus | participant_country: australia | rank: 9.0 | result: 280.5521 | result_type: points | result_IRM:  | result_diff: 118.3396 | start_order: 3.0
date: 2024-08-06t21:27:51+02:00 | stage_code: swaoteam8-------------fnl-000200-- | event_code: swaoteam8 | event_name: team | event_stage: team free routine | stage: free routine | gender: o | discipline_name: artistic swimming | discipline_code: swa | venue: aquatics centre | participant_code: swawteam8---egy01 | participant_name: egypt | participant_type: team | participant_country_code: egy | participant_country: egypt | rank: 10.0 | result: 243.9896 | result_type: points | result_IRM:  | result_diff: 154.9021 | start_order: 2.0
date: 2024-08-07t20:35:37+02:00 | stage_code: swaoteam8-------------fnl-000100-- | event_code: swaoteam8 | event_name: team | event_stage: team acrobatic routine | stage: acrobatic routine | gender: o | discipline_name: artistic swimming | discipline_code: swa | venue: aquatics centre | participant_code: swawteam8---chn01 | participant_name: people's republic of china | participant_type: team | participant_country_code: chn | participant_country: china | rank: 1.0 | result: 283.6934 | result_type: points | result_IRM:  | result_diff:  | start_order: 10.0
date: 2024-08-07t20:35:37+02:00 | stage_code: swaoteam8-------------fnl-000100-- | event_code: swaoteam8 | event_name: team | event_stage: team acrobatic routine | stage: acrobatic routine | gender: o | discipline_name: artistic swimming | discipline_code: swa | venue: aquatics centre | participant_code: swawteam8---usa01 | participant_name: united states of america | participant_type: team | participant_country_code: usa | participant_country: united states | rank: 2.0 | result: 271.3166 | result_type: points | result_IRM:  | result_diff: 12.3768 | start_order: 9.0
date: 2024-08-07t20:35:37+02:00 | stage_code: swaoteam8-------------fnl-000100-- | event_code: swaoteam8 | event_name: team | event_stage: team acrobatic routine | stage: acrobatic routine | gender: o | discipline_name: artistic swimming | discipline_code: swa | venue: aquatics centre | participant_code: swawteam8---fra01 | participant_name: france | participant_type: team | participant_country_code: fra | participant_country: france | rank: 3.0 | result: 268.8001 | result_type: points | result_IRM:  | result_diff: 14.8933 | start_order: 3.0
date: 2024-08-07t20:35:37+02:00 | stage_code: swaoteam8-------------fnl-000100-- | event_code: swaoteam8 | event_name: team | event_stage: team acrobatic routine | stage: acrobatic routine | gender: o | discipline_name: artistic swimming | discipline_code: swa | venue: aquatics centre | participant_code: swawteam8---esp01 | participant_name: spain | participant_type: team | participant_country_code: esp | participant_country: spain | rank: 4.0 | result: 267.12 | result_type: points | result_IRM:  | result_diff: 16.5734 | start_order: 5.0
date: 2024-08-07t20:35:37+02:00 | stage_code: swaoteam8-------------fnl-000100-- | event_code: swaoteam8 | event_name: team | event_stage: team acrobatic routine | stage: acrobatic routine | gender: o | discipline_name: artistic swimming | discipline_code: swa | venue: aquatics centre | participant_code: swawteam8---mex01 | participant_name: mexico | participant_type: team | participant_country_code: mex | participant_country: mexico | rank: 5.0 | result: 263.4567 | result_type: points | result_IRM:  | result_diff: 20.2367 | start_order: 8.0
date: 2024-08-07t20:35:37+02:00 | stage_code: swaoteam8-------------fnl-000100-- | event_code: swaoteam8 | event_name: team | event_stage: team acrobatic routine | stage: acrobatic routine | gender: o | discipline_name: artistic swimming | discipline_code: swa | venue: aquatics centre | participant_code: swawteam8---can01 | participant_name: canada | participant_type: team | participant_country_code: can | participant_country: canada | rank: 6.0 | result: 253.0567 | result_type: points | result_IRM:  | result_diff: 30.6367 | start_order: 6.0
date: 2024-08-07t20:35:37+02:00 | stage_code: swaoteam8-------------fnl-000100-- | event_code: swaoteam8 | event_name: team | event_stage: team acrobatic routine | stage: acrobatic routine | gender: o | discipline_name: artistic swimming | discipline_code: swa | venue: aquatics centre | participant_code: swawteam8---jpn01 | participant_name: japan | participant_type: team | participant_country_code: jpn | participant_country: japan | rank: 7.0 | result: 252.7533 | result_type: points | result_IRM:  | result_diff: 30.9401 | start_order: 7.0
date: 2024-08-07t20:35:37+02:00 | stage_code: swaoteam8-------------fnl-000100-- | event_code: swaoteam8 | event_name: team | event_stage: team acrobatic routine | stage: acrobatic routine | gender: o | discipline_name: artistic swimming | discipline_code: swa | venue: aquatics centre | participant_code: swawteam8---ita01 | participant_name: italy | participant_type: team | participant_country_code: ita | participant_country: italy | rank: 8.0 | result: 241.9866 | result_type: points | result_IRM:  | result_diff: 41.7068 | start_order: 4.0
date: 2024-08-07t20:35:37+02:00 | stage_code: swaoteam8-------------fnl-000100-- | event_code: swaoteam8 | event_name: team | event_stage: team acrobatic routine | stage: acrobatic routine | gender: o | discipline_name: artistic swimming | discipline_code: swa | venue: aquatics centre | participant_code: swawteam8---egy01 | participant_name: egypt | participant_type: team | participant_country_code: egy | participant_country: egypt | rank: 9.0 | result: 219.2267 | result_type: points | result_IRM:  | result_diff: 64.4667 | start_order: 2.0
date: 2024-08-07t20:35:37+02:00 | stage_code: swaoteam8-------------fnl-000100-- | event_code: swaoteam8 | event_name: team | event_stage: team acrobatic routine | stage: acrobatic routine | gender: o | discipline_name: artistic swimming | discipline_code: swa | venue: aquatics centre | participant_code: swawteam8---aus01 | participant_name: australia | participant_type: team | participant_country_code: aus | participant_country: australia | rank: 10.0 | result: 211.9766 | result_type: points | result_IRM:  | result_diff: 71.7168 | start_order: 1.0
date: 2024-08-07t20:35:37+02:00 | stage_code: swaoteam8-------------fnl--------- | event_code: swaoteam8 | event_name: team | event_stage: team final | stage: final results | gender: o | discipline_name: artistic swimming | discipline_code: swa | venue:  | participant_code: swawteam8---chn01 | participant_name: people's republic of china | participant_type: team | participant_country_code: chn | participant_country: china | rank: 1.0 | result: 996.1389 | result_type: points | result_IRM:  | result_diff:  | start_order: 
date: 2024-08-07t20:35:37+02:00 | stage_code: swaoteam8-------------fnl--------- | event_code: swaoteam8 | event_name: team | event_stage: team final | stage: final results | gender: o | discipline_name: artistic swimming | discipline_code: swa | venue:  | participant_code: swawteam8---usa01 | participant_name: united states of america | participant_type: team | participant_country_code: usa | participant_country: united states | rank: 2.0 | result: 914.3421 | result_type: points | result_IRM:  | result_diff: 81.7968 | start_order: 
date: 2024-08-07t20:35:37+02:00 | stage_code: swaoteam8-------------fnl--------- | event_code: swaoteam8 | event_name: team | event_stage: team final | stage: final results | gender: o | discipline_name: artistic swimming | discipline_code: swa | venue:  | participant_code: swawteam8---esp01 | participant_name: spain | participant_type: team | participant_country_code: esp | participant_country: spain | rank: 3.0 | result: 900.7319 | result_type: points | result_IRM:  | result_diff: 95.407 | start_order: 
date: 2024-08-07t20:35:37+02:00 | stage_code: swaoteam8-------------fnl--------- | event_code: swaoteam8 | event_name: team | event_stage: team final | stage: final results | gender: o | discipline_name: artistic swimming | discipline_code: swa | venue:  | participant_code: swawteam8---fra01 | participant_name: france | participant_type: team | participant_country_code: fra | participant_country: france | rank: 4.0 | result: 886.6487 | result_type: points | result_IRM:  | result_diff: 109.4902 | start_order: 
date: 2024-08-07t20:35:37+02:00 | stage_code: swaoteam8-------------fnl--------- | event_code: swaoteam8 | event_name: team | event_stage: team final | stage: final results | gender: o | discipline_name: artistic swimming | discipline_code: swa | venue:  | participant_code: swawteam8---jpn01 | participant_name: japan | participant_type: team | participant_country_code: jpn | participant_country: japan | rank: 5.0 | result: 880.6841 | result_type: points | result_IRM:  | result_diff: 115.4548 | start_order: 
date: 2024-08-07t20:35:37+02:00 | stage_code: swaoteam8-------------fnl--------- | event_code: swaoteam8 | event_name: team | event_stage: team final | stage: final results | gender: o | discipline_name: artistic swimming | discipline_code: swa | venue:  | participant_code: swawteam8---can01 | participant_name: canada | participant_type: team | participant_country_code: can | participant_country: canada | rank: 6.0 | result: 859.2229 | result_type: points | result_IRM:  | result_diff: 136.916 | start_order: 
date: 2024-08-07t20:35:37+02:00 | stage_code: swaoteam8-------------fnl--------- | event_code: swaoteam8 | event_name: team | event_stage: team final | stage: final results | gender: o | discipline_name: artistic swimming | discipline_code: swa | venue:  | participant_code: swawteam8---mex01 | participant_name: mexico | participant_type: team | participant_country_code: mex | participant_country: mexico | rank: 7.0 | result: 853.7932 | result_type: points | result_IRM:  | result_diff: 142.3457 | start_order: 
date: 2024-08-07t20:35:37+02:00 | stage_code: swaoteam8-------------fnl--------- | event_code: swaoteam8 | event_name: team | event_stage: team final | stage: final results | gender: o | discipline_name: artistic swimming | discipline_code: swa | venue:  | participant_code: swawteam8---ita01 | participant_name: italy | participant_type: team | participant_country_code: ita | participant_country: italy | rank: 8.0 | result: 845.967 | result_type: points | result_IRM:  | result_diff: 150.1719 | start_order: 
date: 2024-08-07t20:35:37+02:00 | stage_code: swaoteam8-------------fnl--------- | event_code: swaoteam8 | event_name: team | event_stage: team final | stage: final results | gender: o | discipline_name: artistic swimming | discipline_code: swa | venue:  | participant_code: swawteam8---aus01 | participant_name: australia | participant_type: team | participant_country_code: aus | participant_country: australia | rank: 9.0 | result: 728.4358 | result_type: points | result_IRM:  | result_diff: 267.7031 | start_order: 
date: 2024-08-07t20:35:37+02:00 | stage_code: swaoteam8-------------fnl--------- | event_code: swaoteam8 | event_name: team | event_stage: team final | stage: final results | gender: o | discipline_name: artistic swimming | discipline_code: swa | venue:  | participant_code: swawteam8---egy01 | participant_name: egypt | participant_type: team | participant_country_code: egy | participant_country: egypt | rank: 10.0 | result: 705.9814 | result_type: points | result_IRM:  | result_diff: 290.1575 | start_order: 
