text
date: 2024-07-27t12:56:50+02:00 | stage_code: bkbmteam5-------------gpa-000100-- | event_code: bkbmteam5 | event_name: men | event_stage: men's group phase - group a | stage: group phase - group a | gender: m | discipline_name: basketball | discipline_code: bkb | venue: pierre mauroy stadium | participant_code: bkbmteam5---aus01 | participant_name: australia | participant_type: team | participant_country_code: aus | participant_country: australia | result: 92 | result_type: points | result_WLT: w | start_order: 1
date: 2024-07-27t12:56:50+02:00 | stage_code: bkbmteam5-------------gpa-000100-- | event_code: bkbmteam5 | event_name: men | event_stage: men's group phase - group a | stage: group phase - group a | gender: m | discipline_name: basketball | discipline_code: bkb | venue: pierre mauroy stadium | participant_code: bkbmteam5---esp01 | participant_name: spain | participant_type: team | participant_country_code: esp | participant_country: spain | result: 80 | result_type: points | result_WLT: l | start_order: 2
date: 2024-07-27t15:13:15+02:00 | stage_code: bkbmteam5-------------gpb-000100-- | event_code: bkbmteam5 | event_name: men | event_stage: men's group phase - group b | stage: group phase - group b | gender: m | discipline_name: basketball | discipline_code: bkb | venue: pierre mauroy stadium | participant_code: bkbmteam5---ger01 | participant_name: germany | participant_type: team | participant_country_code: ger | participant_country: germany | result: 97 | result_type: points | result_WLT: w | start_order: 1
date: 2024-07-27t15:13:15+02:00 | stage_code: bkbmteam5-------------gpb-000100-- | event_code: bkbmteam5 | event_name: men | event_stage: men's group phase - group b | stage: group phase - group b | gender: m | discipline_name: basketball | discipline_code: bkb | venue: pierre mauroy stadium | participant_code: bkbmteam5---jpn01 | participant_name: japan | participant_type: team | participant_country_code: jpn | participant_country: japan | result: 77 | result_type: points | result_WLT: l | start_order: 2
date: 2024-07-27t19:20:21+02:00 | stage_code: bkbmteam5-------------gpb-000200-- | event_code: bkbmteam5 | event_name: men | event_stage: men's group phase - group b | stage: group phase - group b | gender: m | discipline_name: basketball | discipline_code: bkb | venue: pierre mauroy stadium | participant_code: bkbmteam5---fra01 | participant_name: france | participant_type: team | participant_country_code: fra | participant_country: france | result: 78 | result_type: points | result_WLT: w | start_order: 1
date: 2024-07-27t19:20:21+02:00 | stage_code: bkbmteam5-------------gpb-000200-- | event_code: bkbmteam5 | event_name: men | event_stage: men's group phase - group b | stage: group phase - group b | gender: m | discipline_name: basketball | discipline_code: bkb | venue: pierre mauroy stadium | participant_code: bkbmteam5---bra01 | participant_name: brazil | participant_type: team | participant_country_code: bra | participant_country: brazil | result: 66 | result_type: points | result_WLT: l | start_order: 2
date: 2024-07-27t23:12:29+02:00 | stage_code: bkbmteam5-------------gpa-000200-- | event_code: bkbmteam5 | event_name: men | event_stage: men's group phase - group a | stage: group phase - group a | gender: m | discipline_name: basketball | discipline_code: bkb | venue: pierre mauroy stadium | participant_code: bkbmteam5---gre01 | participant_name: greece | participant_type: team | participant_country_code: gre | participant_country: greece | result: 79 | result_type: points | result_WLT: l | start_order: 1
date: 2024-07-27t23:12:29+02:00 | stage_code: bkbmteam5-------------gpa-000200-- | event_code: bkbmteam5 | event_name: men | event_stage: men's group phase - group a | stage: group phase - group a | gender: m | discipline_name: basketball | discipline_code: bkb | venue: pierre mauroy stadium | participant_code: bkbmteam5---can01 | participant_name: canada | participant_type: team | participant_country_code: can | participant_country: canada | result: 86 | result_type: points | result_WLT: w | start_order: 2
date: 2024-07-28t13:10:52+02:00 | stage_code: bkbmteam5-------------gpc-000100-- | event_code: bkbmteam5 | event_name: men | event_stage: men's group phase - group c | stage: group phase - group c | gender: m | discipline_name: basketball | discipline_code: bkb | venue: pierre mauroy stadium | participant_code: bkbmteam5---ssd01 | participant_name: south sudan | participant_type: team | participant_country_code: ssd | participant_country: south sudan | result: 90 | result_type: points | result_WLT: w | start_order: 1
date: 2024-07-28t13:10:52+02:00 | stage_code: bkbmteam5-------------gpc-000100-- | event_code: bkbmteam5 | event_name: men | event_stage: men's group phase - group c | stage: group phase - group c | gender: m | discipline_name: basketball | discipline_code: bkb | venue: pierre mauroy stadium | participant_code: bkbmteam5---pur01 | participant_name: puerto rico | participant_type: team | participant_country_code: pur | participant_country: puerto rico | result: 79 | result_type: points | result_WLT: l | start_order: 2
date: 2024-07-28t19:12:49+02:00 | stage_code: bkbmteam5-------------gpc-000200-- | event_code: bkbmteam5 | event_name: men | event_stage: men's group phase - group c | stage: group phase - group c | gender: m | discipline_name: basketball | discipline_code: bkb | venue: pierre mauroy stadium | participant_code: bkbmteam5---srb01 | participant_name: serbia | participant_type: team | participant_country_code: srb | participant_country: serbia | result: 84 | result_type: points | result_WLT: l | start_order: 1
date: 2024-07-28t19:12:49+02:00 | stage_code: bkbmteam5-------------gpc-000200-- | event_code: bkbmteam5 | event_name: men | event_stage: men's group phase - group c | stage: group phase - group c | gender: m | discipline_name: basketball | discipline_code: bkb | venue: pierre mauroy stadium | participant_code: bkbmteam5---usa01 | participant_name: united states of america | participant_type: team | participant_country_code: usa | participant_country: united states | result: 110 | result_type: points | result_WLT: w | start_order: 2
date: 2024-07-30t12:55:46+02:00 | stage_code: bkbmteam5-------------gpa-000300-- | event_code: bkbmteam5 | event_name: men | event_stage: men's group phase - group a | stage: group phase - group a | gender: m | discipline_name: basketball | discipline_code: bkb | venue: pierre mauroy stadium | participant_code: bkbmteam5---esp01 | participant_name: spain | participant_type: team | participant_country_code: esp | participant_country: spain | result: 84 | result_type: points | result_WLT: w | start_order: 1
date: 2024-07-30t12:55:46+02:00 | stage_code: bkbmteam5-------------gpa-000300-- | event_code: bkbmteam5 | event_name: men | event_stage: men's group phase - group a | stage: group phase - group a | gender: m | discipline_name: basketball | discipline_code: bkb | venue: pierre mauroy stadium | participant_code: bkbmteam5---gre01 | participant_name: greece | participant_type: team | participant_country_code: gre | participant_country: greece | result: 77 | result_type: points | result_WLT: l | start_order: 2
date: 2024-07-30t15:16:04+02:00 | stage_code: bkbmteam5-------------gpa-000400-- | event_code: bkbmteam5 | event_name: men | event_stage: men's group phase - group a | stage: group phase - group a | gender: m | discipline_name: basketball | discipline_code: bkb | venue: pierre mauroy stadium | participant_code: bkbmteam5---can01 | participant_name: canada | participant_type: team | participant_country_code: can | participant_country: canada | result: 93 | result_type: points | result_WLT: w | start_order: 1
date: 2024-07-30t15:16:04+02:00 | stage_code: bkbmteam5-------------gpa-000400-- | event_code: bkbmteam5 | event_name: men | event_stage: men's group phase - group a | stage: group phase - group a | gender: m | discipline_name: basketball | discipline_code: bkb | venue: pierre mauroy stadium | participant_code: bkbmteam5---aus01 | participant_name: australia | participant_type: team | participant_country_code: aus | participant_country: australia | result: 83 | result_type: points | result_WLT: l | start_order: 2
date: 2024-07-30t19:21:11+02:00 | stage_code: bkbmteam5-------------gpb-000300-- | event_code: bkbmteam5 | event_name: men | event_stage: men's group phase - group b | stage: group phase - group b | gender: m | discipline_name: basketball | discipline_code: bkb | venue: pierre mauroy stadium | participant_code: bkbmteam5---jpn01 | participant_name: japan | participant_type: team | participant_country_code: jpn | participant_country: japan | result: 90 | result_type: points | result_WLT: l | start_order: 1
date: 2024-07-30t19:21:11+02:00 | stage_code: bkbmteam5-------------gpb-000300-- | event_code: bkbmteam5 | event_name: men | event_stage: men's group phase - group b | stage: group phase - group b | gender: m | discipline_name: basketball | discipline_code: bkb | venue: pierre mauroy stadium | participant_code: bkbmteam5---fra01 | participant_name: france | participant_type: team | participant_country_code: fra | participant_country: france | result: 94 | result_type: points | result_WLT: w | start_order: 2
date: 2024-07-30t23:02:45+02:00 | stage_code: bkbmteam5-------------gpb-000400-- | event_code: bkbmteam5 | event_name: men | event_stage: men's group phase - group b | stage: group phase - group b | gender: m | discipline_name: basketball | discipline_code: bkb | venue: pierre mauroy stadium | participant_code: bkbmteam5---bra01 | participant_name: brazil | participant_type: team | participant_country_code: bra | participant_country: brazil | result: 73 | result_type: points | result_WLT: l | start_order: 1
date: 2024-07-30t23:02:45+02:00 | stage_code: bkbmteam5-------------gpb-000400-- | event_code: bkbmteam5 | event_name: men | event_stage: men's group phase - group b | stage: group phase - group b | gender: m | discipline_name: basketball | discipline_code: bkb | venue: pierre mauroy stadium | participant_code: bkbmteam5---ger01 | participant_name: germany | participant_type: team | participant_country_code: ger | participant_country: germany | result: 86 | result_type: points | result_WLT: w | start_order: 2
date: 2024-07-31t19:09:20+02:00 | stage_code: bkbmteam5-------------gpc-000300-- | event_code: bkbmteam5 | event_name: men | event_stage: men's group phase - group c | stage: group phase - group c | gender: m | discipline_name: basketball | discipline_code: bkb | venue: pierre mauroy stadium | participant_code: bkbmteam5---pur01 | participant_name: puerto rico | participant_type: team | participant_country_code: pur | participant_country: puerto rico | result: 66 | result_type: points | result_WLT: l | start_order: 1
date: 2024-07-31t19:09:20+02:00 | stage_code: bkbmteam5-------------gpc-000300-- | event_code: bkbmteam5 | event_name: men | event_stage: men's group phase - group c | stage: group phase - group c | gender: m | discipline_name: basketball | discipline_code: bkb | venue: pierre mauroy stadium | participant_code: bkbmteam5---srb01 | participant_name: serbia | participant_type: team | participant_country_code: srb | participant_country: serbia | result: 107 | result_type: points | result_WLT: w | start_order: 2
date: 2024-07-31t22:58:01+02:00 | stage_code: bkbmteam5-------------gpc-000400-- | event_code: bkbmteam5 | event_name: men | event_stage: men's group phase - group c | stage: group phase - group c | gender: m | discipline_name: basketball | discipline_code: bkb | venue: pierre mauroy stadium | participant_code: bkbmteam5---usa01 | participant_name: united states of america | participant_type: team | participant_country_code: usa | participant_country: united states | result: 103 | result_type: points | result_WLT: w | start_order: 1
date: 2024-07-31t22:58:01+02:00 | stage_code: bkbmteam5-------------gpc-000400-- | event_code: bkbmteam5 | event_name: men | event_stage: men's group phase - group c | stage: group phase - group c | gender: m | discipline_name: basketball | discipline_code: bkb | venue: pierre mauroy stadium | participant_code: bkbmteam5---ssd01 | participant_name: south sudan | participant_type: team | participant_country_code: ssd | participant_country: south sudan | result: 86 | result_type: points | result_WLT: l | start_order: 2
date: 2024-08-02t12:49:05+02:00 | stage_code: bkbmteam5-------------gpb-000500-- | event_code: bkbmteam5 | event_name: men | event_stage: men's group phase - group b | stage: group phase - group b | gender: m | discipline_name: basketball | discipline_code: bkb | venue: pierre mauroy stadium | participant_code: bkbmteam5---jpn01 | participant_name: japan | participant_type: team | participant_country_code: jpn | participant_country: japan | result: 84 | result_type: points | result_WLT: l | start_order: 1
date: 2024-08-02t12:49:05+02:00 | stage_code: bkbmteam5-------------gpb-000500-- | event_code: bkbmteam5 | event_name: men | event_stage: men's group phase - group b | stage: group phase - group b | gender: m | discipline_name: basketball | discipline_code: bkb | venue: pierre mauroy stadium | participant_code: bkbmteam5---bra01 | participant_name: brazil | participant_type: team | participant_country_code: bra | participant_country: brazil | result: 102 | result_type: points | result_WLT: w | start_order: 2
date: 2024-08-02t15:26:24+02:00 | stage_code: bkbmteam5-------------gpa-000500-- | event_code: bkbmteam5 | event_name: men | event_stage: men's group phase - group a | stage: group phase - group a | gender: m | discipline_name: basketball | discipline_code: bkb | venue: pierre mauroy stadium | participant_code: bkbmteam5---aus01 | participant_name: australia | participant_type: team | participant_country_code: aus | participant_country: australia | result: 71 | result_type: points | result_WLT: l | start_order: 1
date: 2024-08-02t15:26:24+02:00 | stage_code: bkbmteam5-------------gpa-000500-- | event_code: bkbmteam5 | event_name: men | event_stage: men's group phase - group a | stage: group phase - group a | gender: m | discipline_name: basketball | discipline_code: bkb | venue: pierre mauroy stadium | participant_code: bkbmteam5---gre01 | participant_name: greece | participant_type: team | participant_country_code: gre | participant_country: greece | result: 77 | result_type: points | result_WLT: w | start_order: 2
date: 2024-08-02t19:13:18+02:00 | stage_code: bkbmteam5-------------gpa-000600-- | event_code: bkbmteam5 | event_name: men | event_stage: men's group phase - group a | stage: group phase - group a | gender: m | discipline_name: basketball | discipline_code: bkb | venue: pierre mauroy stadium | participant_code: bkbmteam5---can01 | participant_name: canada | participant_type: team | participant_country_code: can | participant_country: canada | result: 88 | result_type: points | result_WLT: w | start_order: 1
date: 2024-08-02t19:13:18+02:00 | stage_code: bkbmteam5-------------gpa-000600-- | event_code: bkbmteam5 | event_name: men | event_stage: men's group phase - group a | stage: group phase - group a | gender: m | discipline_name: basketball | discipline_code: bkb | venue: pierre mauroy stadium | participant_code: bkbmteam5---esp01 | participant_name: spain | participant_type: team | participant_country_code: esp | participant_country: spain | result: 85 | result_type: points | result_WLT: l | start_order: 2
date: 2024-08-02t22:45:53+02:00 | stage_code: bkbmteam5-------------gpb-000600-- | event_code: bkbmteam5 | event_name: men | event_stage: men's group phase - group b | stage: group phase - group b | gender: m | discipline_name: basketball | discipline_code: bkb | venue: pierre mauroy stadium | participant_code: bkbmteam5---fra01 | participant_name: france | participant_type: team | participant_country_code: fra | participant_country: france | result: 71 | result_type: points | result_WLT: l | start_order: 1
date: 2024-08-02t22:45:53+02:00 | stage_code: bkbmteam5-------------gpb-000600-- | event_code: bkbmteam5 | event_name: men | event_stage: men's group phase - group b | stage: group phase - group b | gender: m | discipline_name: basketball | discipline_code: bkb | venue: pierre mauroy stadium | participant_code: bkbmteam5---ger01 | participant_name: germany | participant_type: team | participant_country_code: ger | participant_country: germany | result: 85 | result_type: points | result_WLT: w | start_order: 2
date: 2024-08-03t18:59:11+02:00 | stage_code: bkbmteam5-------------gpc-000500-- | event_code: bkbmteam5 | event_name: men | event_stage: men's group phase - group c | stage: group phase - group c | gender: m | discipline_name: basketball | discipline_code: bkb | venue: pierre mauroy stadium | participant_code: bkbmteam5---pur01 | participant_name: puerto rico | participant_type: team | participant_country_code: pur | participant_country: puerto rico | result: 83 | result_type: points | result_WLT: l | start_order: 1
date: 2024-08-03t18:59:11+02:00 | stage_code: bkbmteam5-------------gpc-000500-- | event_code: bkbmteam5 | event_name: men | event_stage: men's group phase - group c | stage: group phase - group c | gender: m | discipline_name: basketball | discipline_code: bkb | venue: pierre mauroy stadium | participant_code: bkbmteam5---usa01 | participant_name: united states of america | participant_type: team | participant_country_code: usa | participant_country: united states | result: 104 | result_type: points | result_WLT: w | start_order: 2
date: 2024-08-03t22:57:44+02:00 | stage_code: bkbmteam5-------------gpc-000600-- | event_code: bkbmteam5 | event_name: men | event_stage: men's group phase - group c | stage: group phase - group c | gender: m | discipline_name: basketball | discipline_code: bkb | venue: pierre mauroy stadium | participant_code: bkbmteam5---srb01 | participant_name: serbia | participant_type: team | participant_country_code: srb | participant_country: serbia | result: 96 | result_type: points | result_WLT: w | start_order: 1
date: 2024-08-03t22:57:44+02:00 | stage_code: bkbmteam5-------------gpc-000600-- | event_code: bkbmteam5 | event_name: men | event_stage: men's group phase - group c | stage: group phase - group c | gender: m | discipline_name: basketball | discipline_code: bkb | venue: pierre mauroy stadium | participant_code: bkbmteam5---ssd01 | participant_name: south sudan | participant_type: team | participant_country_code: ssd | participant_country: south sudan | result: 85 | result_type: points | result_WLT: l | start_order: 2
date: 2024-08-06t12:49:10+02:00 | stage_code: bkbmteam5-------------qfnl000200-- | event_code: bkbmteam5 | event_name: men | event_stage: men's quarterfinal | stage: quarterfinal | gender: m | discipline_name: basketball | discipline_code: bkb | venue: bercy arena | participant_code: bkbmteam5---ger01 | participant_name: germany | participant_type: team | participant_country_code: ger | participant_country: germany | result: 76 | result_type: points | result_WLT: w | start_order: 1
date: 2024-08-06t12:49:10+02:00 | stage_code: bkbmteam5-------------qfnl000200-- | event_code: bkbmteam5 | event_name: men | event_stage: men's quarterfinal | stage: quarterfinal | gender: m | discipline_name: basketball | discipline_code: bkb | venue: bercy arena | participant_code: bkbmteam5---gre01 | participant_name: greece | participant_type: team | participant_country_code: gre | participant_country: greece | result: 63 | result_type: points | result_WLT: l | start_order: 2
date: 2024-08-06t16:51:14+02:00 | stage_code: bkbmteam5-------------qfnl000400-- | event_code: bkbmteam5 | event_name: men | event_stage: men's quarterfinal | stage: quarterfinal | gender: m | discipline_name: basketball | discipline_code: bkb | venue: bercy arena | participant_code: bkbmteam5---srb01 | participant_name: serbia | participant_type: team | participant_country_code: srb | participant_country: serbia | result: 95 | result_type: points | result_WLT: w | start_order: 1
date: 2024-08-06t16:51:14+02:00 | stage_code: bkbmteam5-------------qfnl000400-- | event_code: bkbmteam5 | event_name: men | event_stage: men's quarterfinal | stage: quarterfinal | gender: m | discipline_name: basketball | discipline_code: bkb | venue: bercy arena | participant_code: bkbmteam5---aus01 | participant_name: australia | participant_type: team | participant_country_code: aus | participant_country: australia | result: 90 | result_type: points | result_WLT: l | start_order: 2
date: 2024-08-06t20:16:19+02:00 | stage_code: bkbmteam5-------------qfnl000100-- | event_code: bkbmteam5 | event_name: men | event_stage: men's quarterfinal | stage: quarterfinal | gender: m | discipline_name: basketball | discipline_code: bkb | venue: bercy arena | participant_code: bkbmteam5---fra01 | participant_name: france | participant_type: team | participant_country_code: fra | participant_country: france | result: 82 | result_type: points | result_WLT: w | start_order: 1
date: 2024-08-06t20:16:19+02:00 | stage_code: bkbmteam5-------------qfnl000100-- | event_code: bkbmteam5 | event_name: men | event_stage: men's quarterfinal | stage: quarterfinal | gender: m | discipline_name: basketball | discipline_code: bkb | venue: bercy arena | participant_code: bkbmteam5---can01 | participant_name: canada | participant_type: team | participant_country_code: can | participant_country: canada | result: 73 | result_type: points | result_WLT: l | start_order: 2
date: 2024-08-06t23:18:23+02:00 | stage_code: bkbmteam5-------------qfnl000300-- | event_code: bkbmteam5 | event_name: men | event_stage: men's quarterfinal | stage: quarterfinal | gender: m | discipline_name: basketball | discipline_code: bkb | venue: bercy arena | participant_code: bkbmteam5---bra01 | participant_name: brazil | participant_type: team | participant_country_code: bra | participant_country: brazil | result: 87 | result_type: points | result_WLT: l | start_order: 1
date: 2024-08-06t23:18:23+02:00 | stage_code: bkbmteam5-------------qfnl000300-- | event_code: bkbmteam5 | event_name: men | event_stage: men's quarterfinal | stage: quarterfinal | gender: m | discipline_name: basketball | discipline_code: bkb | venue: bercy arena | participant_code: bkbmteam5---usa01 | participant_name: united states of america | participant_type: team | participant_country_code: usa | participant_country: united states | result: 122 | result_type: points | result_WLT: w | start_order: 2
date: 2024-08-08t19:40:25+02:00 | stage_code: bkbmteam5-------------sfnl000100-- | event_code: bkbmteam5 | event_name: men | event_stage: men's semifinal | stage: semifinal | gender: m | discipline_name: basketball | discipline_code: bkb | venue: bercy arena | participant_code: bkbmteam5---fra01 | participant_name: france | participant_type: team | participant_country_code: fra | participant_country: france | result: 73 | result_type: points | result_WLT: w | start_order: 1
date: 2024-08-08t19:40:25+02:00 | stage_code: bkbmteam5-------------sfnl000100-- | event_code: bkbmteam5 | event_name: men | event_stage: men's semifinal | stage: semifinal | gender: m | discipline_name: basketball | discipline_code: bkb | venue: bercy arena | participant_code: bkbmteam5---ger01 | participant_name: germany | participant_type: team | participant_country_code: ger | participant_country: germany | result: 69 | result_type: points | result_WLT: l | start_order: 2
date: 2024-08-08t22:52:59+02:00 | stage_code: bkbmteam5-------------sfnl000200-- | event_code: bkbmteam5 | event_name: men | event_stage: men's semifinal | stage: semifinal | gender: m | discipline_name: basketball | discipline_code: bkb | venue: bercy arena | participant_code: bkbmteam5---usa01 | participant_name: united states of america | participant_type: team | participant_country_code: usa | participant_country: united states | result: 95 | result_type: points | result_WLT: w | start_order: 1
date: 2024-08-08t22:52:59+02:00 | stage_code: bkbmteam5-------------sfnl000200-- | event_code: bkbmteam5 | event_name: men | event_stage: men's semifinal | stage: semifinal | gender: m | discipline_name: basketball | discipline_code: bkb | venue: bercy arena | participant_code: bkbmteam5---srb01 | participant_name: serbia | participant_type: team | participant_country_code: srb | participant_country: serbia | result: 91 | result_type: points | result_WLT: l | start_order: 2
date: 2024-08-10t12:53:01+02:00 | stage_code: bkbmteam5-------------fnl-000200-- | event_code: bkbmteam5 | event_name: men | event_stage: men's bronze medal game | stage: bronze medal game | gender: m | discipline_name: basketball | discipline_code: bkb | venue: bercy arena | participant_code: bkbmteam5---ger01 | participant_name: germany | participant_type: team | participant_country_code: ger | participant_country: germany | result: 83 | result_type: points | result_WLT: l | start_order: 1
date: 2024-08-10t12:53:01+02:00 | stage_code: bkbmteam5-------------fnl-000200-- | event_code: bkbmteam5 | event_name: men | event_stage: men's bronze medal game | stage: bronze medal game | gender: m | discipline_name: basketball | discipline_code: bkb | venue: bercy arena | participant_code: bkbmteam5---srb01 | participant_name: serbia | participant_type: team | participant_country_code: srb | participant_country: serbia | result: 93 | result_type: points | result_WLT: w | start_order: 2
date: 2024-08-10t23:22:32+02:00 | stage_code: bkbmteam5-------------fnl-000100-- | event_code: bkbmteam5 | event_name: men | event_stage: men's gold medal game | stage: gold medal game | gender: m | discipline_name: basketball | discipline_code: bkb | venue: bercy arena | participant_code: bkbmteam5---fra01 | participant_name: france | participant_type: team | participant_country_code: fra | participant_country: france | result: 87 | result_type: points | result_WLT: l | start_order: 1
date: 2024-08-10t23:22:32+02:00 | stage_code: bkbmteam5-------------fnl-000100-- | event_code: bkbmteam5 | event_name: men | event_stage: men's gold medal game | stage: gold medal game | gender: m | discipline_name: basketball | discipline_code: bkb | venue: bercy arena | participant_code: bkbmteam5---usa01 | participant_name: united states of america | participant_type: team | participant_country_code: usa | participant_country: united states | result: 98 | result_type: points | result_WLT: w | start_order: 2
date: 2024-07-28t15:53:12+02:00 | stage_code: bkbwteam5-------------gpa-000100-- | event_code: bkbwteam5 | event_name: women | event_stage: women's group phase - group a | stage: group phase - group a | gender: w | discipline_name: basketball | discipline_code: bkb | venue: pierre mauroy stadium | participant_code: bkbwteam5---esp01 | participant_name: spain | participant_type: team | participant_country_code: esp | participant_country: spain | result: 90 | result_type: points | result_WLT: w | start_order: 1
date: 2024-07-28t15:53:12+02:00 | stage_code: bkbwteam5-------------gpa-000100-- | event_code: bkbwteam5 | event_name: women | event_stage: women's group phase - group a | stage: group phase - group a | gender: w | discipline_name: basketball | discipline_code: bkb | venue: pierre mauroy stadium | participant_code: bkbwteam5---chn01 | participant_name: people's republic of china | participant_type: team | participant_country_code: chn | participant_country: china | result: 89 | result_type: points | result_WLT: l | start_order: 2
date: 2024-07-28t22:57:24+02:00 | stage_code: bkbwteam5-------------gpa-000200-- | event_code: bkbwteam5 | event_name: women | event_stage: women's group phase - group a | stage: group phase - group a | gender: w | discipline_name: basketball | discipline_code: bkb | venue: pierre mauroy stadium | participant_code: bkbwteam5---srb01 | participant_name: serbia | participant_type: team | participant_country_code: srb | participant_country: serbia | result: 58 | result_type: points | result_WLT: w | start_order: 1
date: 2024-07-28t22:57:24+02:00 | stage_code: bkbwteam5-------------gpa-000200-- | event_code: bkbwteam5 | event_name: women | event_stage: women's group phase - group a | stage: group phase - group a | gender: w | discipline_name: basketball | discipline_code: bkb | venue: pierre mauroy stadium | participant_code: bkbwteam5---pur01 | participant_name: puerto rico | participant_type: team | participant_country_code: pur | participant_country: puerto rico | result: 55 | result_type: points | result_WLT: l | start_order: 2
date: 2024-07-29t12:59:01+02:00 | stage_code: bkbwteam5-------------gpb-000100-- | event_code: bkbwteam5 | event_name: women | event_stage: women's group phase - group b | stage: group phase - group b | gender: w | discipline_name: basketball | discipline_code: bkb | venue: pierre mauroy stadium | participant_code: bkbwteam5---ngr01 | participant_name: nigeria | participant_type: team | participant_country_code: ngr | participant_country: nigeria | result: 75 | result_type: points | result_WLT: w | start_order: 1
date: 2024-07-29t12:59:01+02:00 | stage_code: bkbwteam5-------------gpb-000100-- | event_code: bkbwteam5 | event_name: women | event_stage: women's group phase - group b | stage: group phase - group b | gender: w | discipline_name: basketball | discipline_code: bkb | venue: pierre mauroy stadium | participant_code: bkbwteam5---aus01 | participant_name: australia | participant_type: team | participant_country_code: aus | participant_country: australia | result: 62 | result_type: points | result_WLT: l | start_order: 2
date: 2024-07-29t15:28:33+02:00 | stage_code: bkbwteam5-------------gpc-000100-- | event_code: bkbwteam5 | event_name: women | event_stage: women's group phase - group c | stage: group phase - group c | gender: w | discipline_name: basketball | discipline_code: bkb | venue: pierre mauroy stadium | participant_code: bkbwteam5---ger01 | participant_name: germany | participant_type: team | participant_country_code: ger | participant_country: germany | result: 83 | result_type: points | result_WLT: w | start_order: 1
date: 2024-07-29t15:28:33+02:00 | stage_code: bkbwteam5-------------gpc-000100-- | event_code: bkbwteam5 | event_name: women | event_stage: women's group phase - group c | stage: group phase - group c | gender: w | discipline_name: basketball | discipline_code: bkb | venue: pierre mauroy stadium | participant_code: bkbwteam5---bel01 | participant_name: belgium | participant_type: team | participant_country_code: bel | participant_country: belgium | result: 69 | result_type: points | result_WLT: l | start_order: 2
date: 2024-07-29t19:05:51+02:00 | stage_code: bkbwteam5-------------gpb-000200-- | event_code: bkbwteam5 | event_name: women | event_stage: women's group phase - group b | stage: group phase - group b | gender: w | discipline_name: basketball | discipline_code: bkb | venue: pierre mauroy stadium | participant_code: bkbwteam5---can01 | participant_name: canada | participant_type: team | participant_country_code: can | participant_country: canada | result: 54 | result_type: points | result_WLT: l | start_order: 1
date: 2024-07-29t19:05:51+02:00 | stage_code: bkbwteam5-------------gpb-000200-- | event_code: bkbwteam5 | event_name: women | event_stage: women's group phase - group b | stage: group phase - group b | gender: w | discipline_name: basketball | discipline_code: bkb | venue: pierre mauroy stadium | participant_code: bkbwteam5---fra01 | participant_name: france | participant_type: team | participant_country_code: fra | participant_country: france | result: 75 | result_type: points | result_WLT: w | start_order: 2
date: 2024-07-29t22:45:22+02:00 | stage_code: bkbwteam5-------------gpc-000200-- | event_code: bkbwteam5 | event_name: women | event_stage: women's group phase - group c | stage: group phase - group c | gender: w | discipline_name: basketball | discipline_code: bkb | venue: pierre mauroy stadium | participant_code: bkbwteam5---usa01 | participant_name: united states of america | participant_type: team | participant_country_code: usa | participant_country: united states | result: 102 | result_type: points | result_WLT: w | start_order: 1
date: 2024-07-29t22:45:22+02:00 | stage_code: bkbwteam5-------------gpc-000200-- | event_code: bkbwteam5 | event_name: women | event_stage: women's group phase - group c | stage: group phase - group c | gender: w | discipline_name: basketball | discipline_code: bkb | venue: pierre mauroy stadium | participant_code: bkbwteam5---jpn01 | participant_name: japan | participant_type: team | participant_country_code: jpn | participant_country: japan | result: 76 | result_type: points | result_WLT: l | start_order: 2
date: 2024-07-31t12:49:52+02:00 | stage_code: bkbwteam5-------------gpa-000300-- | event_code: bkbwteam5 | event_name: women | event_stage: women's group phase - group a | stage: group phase - group a | gender: w | discipline_name: basketball | discipline_code: bkb | venue: pierre mauroy stadium | participant_code: bkbwteam5---pur01 | participant_name: puerto rico | participant_type: team | participant_country_code: pur | participant_country: puerto rico | result: 62 | result_type: points | result_WLT: l | start_order: 1
date: 2024-07-31t12:49:52+02:00 | stage_code: bkbwteam5-------------gpa-000300-- | event_code: bkbwteam5 | event_name: women | event_stage: women's group phase - group a | stage: group phase - group a | gender: w | discipline_name: basketball | discipline_code: bkb | venue: pierre mauroy stadium | participant_code: bkbwteam5---esp01 | participant_name: spain | participant_type: team | participant_country_code: esp | participant_country: spain | result: 63 | result_type: points | result_WLT: w | start_order: 2
date: 2024-07-31t15:15:36+02:00 | stage_code: bkbwteam5-------------gpa-000400-- | event_code: bkbwteam5 | event_name: women | event_stage: women's group phase - group a | stage: group phase - group a | gender: w | discipline_name: basketball | discipline_code: bkb | venue: pierre mauroy stadium | participant_code: bkbwteam5---chn01 | participant_name: people's republic of china | participant_type: team | participant_country_code: chn | participant_country: china | result: 59 | result_type: points | result_WLT: l | start_order: 1
date: 2024-07-31t15:15:36+02:00 | stage_code: bkbwteam5-------------gpa-000400-- | event_code: bkbwteam5 | event_name: women | event_stage: women's group phase - group a | stage: group phase - group a | gender: w | discipline_name: basketball | discipline_code: bkb | venue: pierre mauroy stadium | participant_code: bkbwteam5---srb01 | participant_name: serbia | participant_type: team | participant_country_code: srb | participant_country: serbia | result: 81 | result_type: points | result_WLT: w | start_order: 2
date: 2024-08-01t12:59:05+02:00 | stage_code: bkbwteam5-------------gpc-000300-- | event_code: bkbwteam5 | event_name: women | event_stage: women's group phase - group c | stage: group phase - group c | gender: w | discipline_name: basketball | discipline_code: bkb | venue: pierre mauroy stadium | participant_code: bkbwteam5---jpn01 | participant_name: japan | participant_type: team | participant_country_code: jpn | participant_country: japan | result: 64 | result_type: points | result_WLT: l | start_order: 1
date: 2024-08-01t12:59:05+02:00 | stage_code: bkbwteam5-------------gpc-000300-- | event_code: bkbwteam5 | event_name: women | event_stage: women's group phase - group c | stage: group phase - group c | gender: w | discipline_name: basketball | discipline_code: bkb | venue: pierre mauroy stadium | participant_code: bkbwteam5---ger01 | participant_name: germany | participant_type: team | participant_country_code: ger | participant_country: germany | result: 75 | result_type: points | result_WLT: w | start_order: 2
date: 2024-08-01t15:25:17+02:00 | stage_code: bkbwteam5-------------gpb-000300-- | event_code: bkbwteam5 | event_name: women | event_stage: women's group phase - group b | stage: group phase - group b | gender: w | discipline_name: basketball | discipline_code: bkb | venue: pierre mauroy stadium | participant_code: bkbwteam5---aus01 | participant_name: australia | participant_type: team | participant_country_code: aus | participant_country: australia | result: 70 | result_type: points | result_WLT: w | start_order: 1
date: 2024-08-01t15:25:17+02:00 | stage_code: bkbwteam5-------------gpb-000300-- | event_code: bkbwteam5 | event_name: women | event_stage: women's group phase - group b | stage: group phase - group b | gender: w | discipline_name: basketball | discipline_code: bkb | venue: pierre mauroy stadium | participant_code: bkbwteam5---can01 | participant_name: canada | participant_type: team | participant_country_code: can | participant_country: canada | result: 65 | result_type: points | result_WLT: l | start_order: 2
date: 2024-08-01t19:03:45+02:00 | stage_code: bkbwteam5-------------gpb-000400-- | event_code: bkbwteam5 | event_name: women | event_stage: women's group phase - group b | stage: group phase - group b | gender: w | discipline_name: basketball | discipline_code: bkb | venue: pierre mauroy stadium | participant_code: bkbwteam5---fra01 | participant_name: france | participant_type: team | participant_country_code: fra | participant_country: france | result: 75 | result_type: points | result_WLT: w | start_order: 1
date: 2024-08-01t19:03:45+02:00 | stage_code: bkbwteam5-------------gpb-000400-- | event_code: bkbwteam5 | event_name: women | event_stage: women's group phase - group b | stage: group phase - group b | gender: w | discipline_name: basketball | discipline_code: bkb | venue: pierre mauroy stadium | participant_code: bkbwteam5---ngr01 | participant_name: nigeria | participant_type: team | participant_country_code: ngr | participant_country: nigeria | result: 54 | result_type: points | result_WLT: l | start_order: 2
date: 2024-08-01t22:58:29+02:00 | stage_code: bkbwteam5-------------gpc-000400-- | event_code: bkbwteam5 | event_name: women | event_stage: women's group phase - group c | stage: group phase - group c | gender: w | discipline_name: basketball | discipline_code: bkb | venue: pierre mauroy stadium | participant_code: bkbwteam5---bel01 | participant_name: belgium | participant_type: team | participant_country_code: bel | participant_country: belgium | result: 74 | result_type: points | result_WLT: l | start_order: 1
date: 2024-08-01t22:58:29+02:00 | stage_code: bkbwteam5-------------gpc-000400-- | event_code: bkbwteam5 | event_name: women | event_stage: women's group phase - group c | stage: group phase - group c | gender: w | discipline_name: basketball | discipline_code: bkb | venue: pierre mauroy stadium | participant_code: bkbwteam5---usa01 | participant_name: united states of america | participant_type: team | participant_country_code: usa | participant_country: united states | result: 87 | result_type: points | result_WLT: w | start_order: 2
date: 2024-08-03t12:52:12+02:00 | stage_code: bkbwteam5-------------gpa-000500-- | event_code: bkbwteam5 | event_name: women | event_stage: women's group phase - group a | stage: group phase - group a | gender: w | discipline_name: basketball | discipline_code: bkb | venue: pierre mauroy stadium | participant_code: bkbwteam5---chn01 | participant_name: people's republic of china | participant_type: team | participant_country_code: chn | participant_country: china | result: 80 | result_type: points | result_WLT: w | start_order: 1
date: 2024-08-03t12:52:12+02:00 | stage_code: bkbwteam5-------------gpa-000500-- | event_code: bkbwteam5 | event_name: women | event_stage: women's group phase - group a | stage: group phase - group a | gender: w | discipline_name: basketball | discipline_code: bkb | venue: pierre mauroy stadium | participant_code: bkbwteam5---pur01 | participant_name: puerto rico | participant_type: team | participant_country_code: pur | participant_country: puerto rico | result: 58 | result_type: points | result_WLT: l | start_order: 2
date: 2024-08-03t15:22:42+02:00 | stage_code: bkbwteam5-------------gpa-000600-- | event_code: bkbwteam5 | event_name: women | event_stage: women's group phase - group a | stage: group phase - group a | gender: w | discipline_name: basketball | discipline_code: bkb | venue: pierre mauroy stadium | participant_code: bkbwteam5---srb01 | participant_name: serbia | participant_type: team | participant_country_code: srb | participant_country: serbia | result: 62 | result_type: points | result_WLT: l | start_order: 1
date: 2024-08-03t15:22:42+02:00 | stage_code: bkbwteam5-------------gpa-000600-- | event_code: bkbwteam5 | event_name: women | event_stage: women's group phase - group a | stage: group phase - group a | gender: w | discipline_name: basketball | discipline_code: bkb | venue: pierre mauroy stadium | participant_code: bkbwteam5---esp01 | participant_name: spain | participant_type: team | participant_country_code: esp | participant_country: spain | result: 70 | result_type: points | result_WLT: w | start_order: 2
date: 2024-08-04t12:48:53+02:00 | stage_code: bkbwteam5-------------gpc-000500-- | event_code: bkbwteam5 | event_name: women | event_stage: women's group phase - group c | stage: group phase - group c | gender: w | discipline_name: basketball | discipline_code: bkb | venue: pierre mauroy stadium | participant_code: bkbwteam5---jpn01 | participant_name: japan | participant_type: team | participant_country_code: jpn | participant_country: japan | result: 58 | result_type: points | result_WLT: l | start_order: 1
date: 2024-08-04t12:48:53+02:00 | stage_code: bkbwteam5-------------gpc-000500-- | event_code: bkbwteam5 | event_name: women | event_stage: women's group phase - group c | stage: group phase - group c | gender: w | discipline_name: basketball | discipline_code: bkb | venue: pierre mauroy stadium | participant_code: bkbwteam5---bel01 | participant_name: belgium | participant_type: team | participant_country_code: bel | participant_country: belgium | result: 85 | result_type: points | result_WLT: w | start_order: 2
date: 2024-08-04t15:24:58+02:00 | stage_code: bkbwteam5-------------gpb-000500-- | event_code: bkbwteam5 | event_name: women | event_stage: women's group phase - group b | stage: group phase - group b | gender: w | discipline_name: basketball | discipline_code: bkb | venue: pierre mauroy stadium | participant_code: bkbwteam5---can01 | participant_name: canada | participant_type: team | participant_country_code: can | participant_country: canada | result: 70 | result_type: points | result_WLT: l | start_order: 1
date: 2024-08-04t15:24:58+02:00 | stage_code: bkbwteam5-------------gpb-000500-- | event_code: bkbwteam5 | event_name: women | event_stage: women's group phase - group b | stage: group phase - group b | gender: w | discipline_name: basketball | discipline_code: bkb | venue: pierre mauroy stadium | participant_code: bkbwteam5---ngr01 | participant_name: nigeria | participant_type: team | participant_country_code: ngr | participant_country: nigeria | result: 79 | result_type: points | result_WLT: w | start_order: 2
date: 2024-08-04t18:54:44+02:00 | stage_code: bkbwteam5-------------gpc-000600-- | event_code: bkbwteam5 | event_name: women | event_stage: women's group phase - group c | stage: group phase - group c | gender: w | discipline_name: basketball | discipline_code: bkb | venue: pierre mauroy stadium | participant_code: bkbwteam5---ger01 | participant_name: germany | participant_type: team | participant_country_code: ger | participant_country: germany | result: 68 | result_type: points | result_WLT: l | start_order: 1
date: 2024-08-04t18:54:44+02:00 | stage_code: bkbwteam5-------------gpc-000600-- | event_code: bkbwteam5 | event_name: women | event_stage: women's group phase - group c | stage: group phase - group c | gender: w | discipline_name: basketball | discipline_code: bkb | venue: pierre mauroy stadium | participant_code: bkbwteam5---usa01 | participant_name: united states of america | participant_type: team | participant_country_code: usa | participant_country: united states | result: 87 | result_type: points | result_WLT: w | start_order: 2
date: 2024-08-04t22:55:54+02:00 | stage_code: bkbwteam5-------------gpb-000600-- | event_code: bkbwteam5 | event_name: women | event_stage: women's group phase - group b | stage: group phase - group b | gender: w | discipline_name: basketball | discipline_code: bkb | venue: pierre mauroy stadium | participant_code: bkbwteam5---aus01 | participant_name: australia | participant_type: team | participant_country_code: aus | participant_country: australia | result: 79 | result_type: points | result_WLT: w | start_order: 1
date: 2024-08-04t22:55:54+02:00 | stage_code: bkbwteam5-------------gpb-000600-- | event_code: bkbwteam5 | event_name: women | event_stage: women's group phase - group b | stage: group phase - group b | gender: w | discipline_name: basketball | discipline_code: bkb | venue: pierre mauroy stadium | participant_code: bkbwteam5---fra01 | participant_name: france | participant_type: team | participant_country_code: fra | participant_country: france | result: 72 | result_type: points | result_WLT: l | start_order: 2
date: 2024-08-07t12:50:41+02:00 | stage_code: bkbwteam5-------------qfnl000400-- | event_code: bkbwteam5 | event_name: women | event_stage: women's quarterfinal | stage: quarterfinal | gender: w | discipline_name: basketball | discipline_code: bkb | venue: bercy arena | participant_code: bkbwteam5---srb01 | participant_name: serbia | participant_type: team | participant_country_code: srb | participant_country: serbia | result: 67 | result_type: points | result_WLT: l | start_order: 1
date: 2024-08-07t12:50:41+02:00 | stage_code: bkbwteam5-------------qfnl000400-- | event_code: bkbwteam5 | event_name: women | event_stage: women's quarterfinal | stage: quarterfinal | gender: w | discipline_name: basketball | discipline_code: bkb | venue: bercy arena | participant_code: bkbwteam5---aus01 | participant_name: australia | participant_type: team | participant_country_code: aus | participant_country: australia | result: 85 | result_type: points | result_WLT: w | start_order: 2
date: 2024-08-07t16:14:22+02:00 | stage_code: bkbwteam5-------------qfnl000200-- | event_code: bkbwteam5 | event_name: women | event_stage: women's quarterfinal | stage: quarterfinal | gender: w | discipline_name: basketball | discipline_code: bkb | venue: bercy arena | participant_code: bkbwteam5---esp01 | participant_name: spain | participant_type: team | participant_country_code: esp | participant_country: spain | result: 66 | result_type: points | result_WLT: l | start_order: 1
date: 2024-08-07t16:14:22+02:00 | stage_code: bkbwteam5-------------qfnl000200-- | event_code: bkbwteam5 | event_name: women | event_stage: women's quarterfinal | stage: quarterfinal | gender: w | discipline_name: basketball | discipline_code: bkb | venue: bercy arena | participant_code: bkbwteam5---bel01 | participant_name: belgium | participant_type: team | participant_country_code: bel | participant_country: belgium | result: 79 | result_type: points | result_WLT: w | start_order: 2
date: 2024-08-07t20:03:09+02:00 | stage_code: bkbwteam5-------------qfnl000100-- | event_code: bkbwteam5 | event_name: women | event_stage: women's quarterfinal | stage: quarterfinal | gender: w | discipline_name: basketball | discipline_code: bkb | venue: bercy arena | participant_code: bkbwteam5---ger01 | participant_name: germany | participant_type: team | participant_country_code: ger | participant_country: germany | result: 71 | result_type: points | result_WLT: l | start_order: 1
date: 2024-08-07t20:03:09+02:00 | stage_code: bkbwteam5-------------qfnl000100-- | event_code: bkbwteam5 | event_name: women | event_stage: women's quarterfinal | stage: quarterfinal | gender: w | discipline_name: basketball | discipline_code: bkb | venue: bercy arena | participant_code: bkbwteam5---fra01 | participant_name: france | participant_type: team | participant_country_code: fra | participant_country: france | result: 84 | result_type: points | result_WLT: w | start_order: 2
date: 2024-08-07t23:15:39+02:00 | stage_code: bkbwteam5-------------qfnl000300-- | event_code: bkbwteam5 | event_name: women | event_stage: women's quarterfinal | stage: quarterfinal | gender: w | discipline_name: basketball | discipline_code: bkb | venue: bercy arena | participant_code: bkbwteam5---ngr01 | participant_name: nigeria | participant_type: team | participant_country_code: ngr | participant_country: nigeria | result: 74 | result_type: points | result_WLT: l | start_order: 1
date: 2024-08-07t23:15:39+02:00 | stage_code: bkbwteam5-------------qfnl000300-- | event_code: bkbwteam5 | event_name: women | event_stage: women's quarterfinal | stage: quarterfinal | gender: w | discipline_name: basketball | discipline_code: bkb | venue: bercy arena | participant_code: bkbwteam5---usa01 | participant_name: united states of america | participant_type: team | participant_country_code: usa | participant_country: united states | result: 88 | result_type: points | result_WLT: w | start_order: 2
date: 2024-08-09t19:08:24+02:00 | stage_code: bkbwteam5-------------sfnl000200-- | event_code: bkbwteam5 | event_name: women | event_stage: women's semifinal | stage: semifinal | gender: w | discipline_name: basketball | discipline_code: bkb | venue: bercy arena | participant_code: bkbwteam5---usa01 | participant_name: united states of america | participant_type: team | participant_country_code: usa | participant_country: united states | result: 85 | result_type: points | result_WLT: w | start_order: 1
date: 2024-08-09t19:08:24+02:00 | stage_code: bkbwteam5-------------sfnl000200-- | event_code: bkbwteam5 | event_name: women | event_stage: women's semifinal | stage: semifinal | gender: w | discipline_name: basketball | discipline_code: bkb | venue: bercy arena | participant_code: bkbwteam5---aus01 | participant_name: australia | participant_type: team | participant_country_code: aus | participant_country: australia | result: 64 | result_type: points | result_WLT: l | start_order: 2
date: 2024-08-09t23:22:57+02:00 | stage_code: bkbwteam5-------------sfnl000100-- | event_code: bkbwteam5 | event_name: women | event_stage: women's semifinal | stage: semifinal | gender: w | discipline_name: basketball | discipline_code: bkb | venue: bercy arena | participant_code: bkbwteam5---fra01 | participant_name: france | participant_type: team | participant_country_code: fra | participant_country: france | result: 81 | result_type: points | result_WLT: w | start_order: 1
date: 2024-08-09t23:22:57+02:00 | stage_code: bkbwteam5-------------sfnl000100-- | event_code: bkbwteam5 | event_name: women | event_stage: women's semifinal | stage: semifinal | gender: w | discipline_name: basketball | discipline_code: bkb | venue: bercy arena | participant_code: bkbwteam5---bel01 | participant_name: belgium | participant_type: team | participant_country_code: bel | participant_country: belgium | result: 75 | result_type: points | result_WLT: l | start_order: 2
date: 2024-08-11t13:17:16+02:00 | stage_code: bkbwteam5-------------fnl-000200-- | event_code: bkbwteam5 | event_name: women | event_stage: women's bronze medal game | stage: bronze medal game | gender: w | discipline_name: basketball | discipline_code: bkb | venue: bercy arena | participant_code: bkbwteam5---bel01 | participant_name: belgium | participant_type: team | participant_country_code: bel | participant_country: belgium | result: 81 | result_type: points | result_WLT: l | start_order: 1
date: 2024-08-11t13:17:16+02:00 | stage_code: bkbwteam5-------------fnl-000200-- | event_code: bkbwteam5 | event_name: women | event_stage: women's bronze medal game | stage: bronze medal game | gender: w | discipline_name: basketball | discipline_code: bkb | venue: bercy arena | participant_code: bkbwteam5---aus01 | participant_name: australia | participant_type: team | participant_country_code: aus | participant_country: australia | result: 85 | result_type: points | result_WLT: w | start_order: 2
date: 2024-08-11t17:27:08+02:00 | stage_code: bkbwteam5-------------fnl-000100-- | event_code: bkbwteam5 | event_name: women | event_stage: women's gold medal game | stage: gold medal game | gender: w | discipline_name: basketball | discipline_code: bkb | venue: bercy arena | participant_code: bkbwteam5---fra01 | participant_name: france | participant_type: team | participant_country_code: fra | participant_country: france | result: 66 | result_type: points | result_WLT: l | start_order: 1
date: 2024-08-11t17:27:08+02:00 | stage_code: bkbwteam5-------------fnl-000100-- | event_code: bkbwteam5 | event_name: women | event_stage: women's gold medal game | stage: gold medal game | gender: w | discipline_name: basketball | discipline_code: bkb | venue: bercy arena | participant_code: bkbwteam5---usa01 | participant_name: united states of america | participant_type: team | participant_country_code: usa | participant_country: united states | result: 67 | result_type: points | result_WLT: w | start_order: 2
