text
date: 2024-07-30t16:39:52+02:00 | stage_code: bmfmindvfrst----------qual-------- | event_code: bmfmindvfrst | event_name: men's park | event_stage: men's park qualification | stage: qualification | gender: m | discipline_name: cycling bmx freestyle | discipline_code: bmf | venue: la concorde 2 | participant_code: 1912548 | participant_name: reilly kieran darren david | participant_type: person | participant_country_code: gbr | participant_country: great britain | rank: 1.0 | result: 91.21 | result_type: points | qualification_mark: q | start_order: 5
date: 2024-07-30t16:39:52+02:00 | stage_code: bmfmindvfrst----------qual-------- | event_code: bmfmindvfrst | event_name: men's park | event_stage: men's park qualification | stage: qualification | gender: m | discipline_name: cycling bmx freestyle | discipline_code: bmf | venue: la concorde 2 | participant_code: 1955074 | participant_name: christopher marcus | participant_type: person | participant_country_code: usa | participant_country: united states | rank: 2.0 | result: 89.48 | result_type: points | qualification_mark: q | start_order: 6
date: 2024-07-30t16:39:52+02:00 | stage_code: bmfmindvfrst----------qual-------- | event_code: bmfmindvfrst | event_name: men's park | event_stage: men's park qualification | stage: qualification | gender: m | discipline_name: cycling bmx freestyle | discipline_code: bmf | venue: la concorde 2 | participant_code: 1940117 | participant_name: martin logan | participant_type: person | participant_country_code: aus | participant_country: australia | rank: 3.0 | result: 89.39 | result_type: points | qualification_mark: q | start_order: 4
date: 2024-07-30t16:39:52+02:00 | stage_code: bmfmindvfrst----------qual-------- | event_code: bmfmindvfrst | event_name: men's park | event_stage: men's park qualification | stage: qualification | gender: m | discipline_name: cycling bmx freestyle | discipline_code: bmf | venue: la concorde 2 | participant_code: 1955078 | participant_name: dowell justin | participant_type: person | participant_country_code: usa | participant_country: united states | rank: 4.0 | result: 89.07 | result_type: points | qualification_mark: q | start_order: 4
date: 2024-07-30t16:39:52+02:00 | stage_code: bmfmindvfrst----------qual-------- | event_code: bmfmindvfrst | event_name: men's park | event_stage: men's park qualification | stage: qualification | gender: m | discipline_name: cycling bmx freestyle | discipline_code: bmf | venue: la concorde 2 | participant_code: 1895685 | participant_name: jeanjean anthony | participant_type: person | participant_country_code: fra | participant_country: france | rank: 5.0 | result: 87.58 | result_type: points | qualification_mark: q | start_order: 6
date: 2024-07-30t16:39:52+02:00 | stage_code: bmfmindvfrst----------qual-------- | event_code: bmfmindvfrst | event_name: men's park | event_stage: men's park qualification | stage: qualification | gender: m | discipline_name: cycling bmx freestyle | discipline_code: bmf | venue: la concorde 2 | participant_code: 1945766 | participant_name: nakamura rimu | participant_type: person | participant_country_code: jpn | participant_country: japan | rank: 6.0 | result: 87.03 | result_type: points | qualification_mark: q | start_order: 2
date: 2024-07-30t16:39:52+02:00 | stage_code: bmfmindvfrst----------qual-------- | event_code: bmfmindvfrst | event_name: men's park | event_stage: men's park qualification | stage: qualification | gender: m | discipline_name: cycling bmx freestyle | discipline_code: bmf | venue: la concorde 2 | participant_code: 1916809 | participant_name: torres gil jose | participant_type: person | participant_country_code: arg | participant_country: argentina | rank: 7.0 | result: 86.66 | result_type: points | qualification_mark: q | start_order: 5
date: 2024-07-30t16:39:52+02:00 | stage_code: bmfmindvfrst----------qual-------- | event_code: bmfmindvfrst | event_name: men's park | event_stage: men's park qualification | stage: qualification | gender: m | discipline_name: cycling bmx freestyle | discipline_code: bmf | venue: la concorde 2 | participant_code: 1953471 | participant_name: batista de oliveira gustavo | participant_type: person | participant_country_code: bra | participant_country: brazil | rank: 8.0 | result: 85.79 | result_type: points | qualification_mark: q | start_order: 1
date: 2024-07-30t16:39:52+02:00 | stage_code: bmfmindvfrst----------qual-------- | event_code: bmfmindvfrst | event_name: men's park | event_stage: men's park qualification | stage: qualification | gender: m | discipline_name: cycling bmx freestyle | discipline_code: bmf | venue: la concorde 2 | participant_code: 1947927 | participant_name: zebolds ernests | participant_type: person | participant_country_code: lat | participant_country: latvia | rank: 9.0 | result: 84.94 | result_type: points | qualification_mark: q | start_order: 3
date: 2024-07-30t16:39:52+02:00 | stage_code: bmfmindvfrst----------qual-------- | event_code: bmfmindvfrst | event_name: men's park | event_stage: men's park qualification | stage: qualification | gender: m | discipline_name: cycling bmx freestyle | discipline_code: bmf | venue: la concorde 2 | participant_code: 1966681 | participant_name: whaley jeffrey | participant_type: person | participant_country_code: can | participant_country: canada | rank: 10.0 | result: 78.51 | result_type: points | qualification_mark:  | start_order: 2
date: 2024-07-30t16:39:52+02:00 | stage_code: bmfmindvfrst----------qual-------- | event_code: bmfmindvfrst | event_name: men's park | event_stage: men's park qualification | stage: qualification | gender: m | discipline_name: cycling bmx freestyle | discipline_code: bmf | venue: la concorde 2 | participant_code: 1894361 | participant_name: rantes marin | participant_type: person | participant_country_code: cro | participant_country: croatia | rank: 11.0 | result: 76.29 | result_type: points | qualification_mark:  | start_order: 3
date: 2024-07-30t16:39:52+02:00 | stage_code: bmfmindvfrst----------qual-------- | event_code: bmfmindvfrst | event_name: men's park | event_stage: men's park qualification | stage: qualification | gender: m | discipline_name: cycling bmx freestyle | discipline_code: bmf | venue: la concorde 2 | participant_code: 1943608 | participant_name: leygonie vincent | participant_type: person | participant_country_code: rsa | participant_country: south africa | rank: 12.0 | result: 75.85 | result_type: points | qualification_mark:  | start_order: 1
date: 2024-07-31t15:27:30+02:00 | stage_code: bmfmindvfrst----------fnl-000100-- | event_code: bmfmindvfrst | event_name: men's park | event_stage: men's park final | stage: final | gender: m | discipline_name: cycling bmx freestyle | discipline_code: bmf | venue: la concorde 2 | participant_code: 1916809 | participant_name: torres gil jose | participant_type: person | participant_country_code: arg | participant_country: argentina | rank: 1.0 | result: 94.82 | result_type: points | qualification_mark:  | start_order: 3
date: 2024-07-31t15:27:30+02:00 | stage_code: bmfmindvfrst----------fnl-000100-- | event_code: bmfmindvfrst | event_name: men's park | event_stage: men's park final | stage: final | gender: m | discipline_name: cycling bmx freestyle | discipline_code: bmf | venue: la concorde 2 | participant_code: 1912548 | participant_name: reilly kieran darren david | participant_type: person | participant_country_code: gbr | participant_country: great britain | rank: 2.0 | result: 93.91 | result_type: points | qualification_mark:  | start_order: 9
date: 2024-07-31t15:27:30+02:00 | stage_code: bmfmindvfrst----------fnl-000100-- | event_code: bmfmindvfrst | event_name: men's park | event_stage: men's park final | stage: final | gender: m | discipline_name: cycling bmx freestyle | discipline_code: bmf | venue: la concorde 2 | participant_code: 1895685 | participant_name: jeanjean anthony | participant_type: person | participant_country_code: fra | participant_country: france | rank: 3.0 | result: 93.76 | result_type: points | qualification_mark:  | start_order: 5
date: 2024-07-31t15:27:30+02:00 | stage_code: bmfmindvfrst----------fnl-000100-- | event_code: bmfmindvfrst | event_name: men's park | event_stage: men's park final | stage: final | gender: m | discipline_name: cycling bmx freestyle | discipline_code: bmf | venue: la concorde 2 | participant_code: 1955074 | participant_name: christopher marcus | participant_type: person | participant_country_code: usa | participant_country: united states | rank: 4.0 | result: 93.11 | result_type: points | qualification_mark:  | start_order: 8
date: 2024-07-31t15:27:30+02:00 | stage_code: bmfmindvfrst----------fnl-000100-- | event_code: bmfmindvfrst | event_name: men's park | event_stage: men's park final | stage: final | gender: m | discipline_name: cycling bmx freestyle | discipline_code: bmf | venue: la concorde 2 | participant_code: 1945766 | participant_name: nakamura rimu | participant_type: person | participant_country_code: jpn | participant_country: japan | rank: 5.0 | result: 90.89 | result_type: points | qualification_mark:  | start_order: 4
date: 2024-07-31t15:27:30+02:00 | stage_code: bmfmindvfrst----------fnl-000100-- | event_code: bmfmindvfrst | event_name: men's park | event_stage: men's park final | stage: final | gender: m | discipline_name: cycling bmx freestyle | discipline_code: bmf | venue: la concorde 2 | participant_code: 1953471 | participant_name: batista de oliveira gustavo | participant_type: person | participant_country_code: bra | participant_country: brazil | rank: 6.0 | result: 90.2 | result_type: points | qualification_mark:  | start_order: 2
date: 2024-07-31t15:27:30+02:00 | stage_code: bmfmindvfrst----------fnl-000100-- | event_code: bmfmindvfrst | event_name: men's park | event_stage: men's park final | stage: final | gender: m | discipline_name: cycling bmx freestyle | discipline_code: bmf | venue: la concorde 2 | participant_code: 1955078 | participant_name: dowell justin | participant_type: person | participant_country_code: usa | participant_country: united states | rank: 7.0 | result: 88.35 | result_type: points | qualification_mark:  | start_order: 6
date: 2024-07-31t15:27:30+02:00 | stage_code: bmfmindvfrst----------fnl-000100-- | event_code: bmfmindvfrst | event_name: men's park | event_stage: men's park final | stage: final | gender: m | discipline_name: cycling bmx freestyle | discipline_code: bmf | venue: la concorde 2 | participant_code: 1947927 | participant_name: zebolds ernests | participant_type: person | participant_country_code: lat | participant_country: latvia | rank: 8.0 | result: 87.14 | result_type: points | qualification_mark:  | start_order: 1
date: 2024-07-31t15:27:30+02:00 | stage_code: bmfmindvfrst----------fnl-000100-- | event_code: bmfmindvfrst | event_name: men's park | event_stage: men's park final | stage: final | gender: m | discipline_name: cycling bmx freestyle | discipline_code: bmf | venue: la concorde 2 | participant_code: 1940117 | participant_name: martin logan | participant_type: person | participant_country_code: aus | participant_country: australia | rank: 9.0 | result: 64.4 | result_type: points | qualification_mark:  | start_order: 7
date: 2024-07-30t14:50:53+02:00 | stage_code: bmfwindvfrst----------qual-------- | event_code: bmfwindvfrst | event_name: women's park | event_stage: women's park qualification | stage: qualification | gender: w | discipline_name: cycling bmx freestyle | discipline_code: bmf | venue: la concorde 2 | participant_code: 1955100 | participant_name: roberts hannah | participant_type: person | participant_country_code: usa | participant_country: united states | rank: 1.0 | result: 91.45 | result_type: points | qualification_mark: q | start_order: 6
date: 2024-07-30t14:50:53+02:00 | stage_code: bmfwindvfrst----------qual-------- | event_code: bmfwindvfrst | event_name: women's park | event_stage: women's park qualification | stage: qualification | gender: w | discipline_name: cycling bmx freestyle | discipline_code: bmf | venue: la concorde 2 | participant_code: 1920569 | participant_name: deng yawen | participant_type: person | participant_country_code: chn | participant_country: china | rank: 2.0 | result: 91.03 | result_type: points | qualification_mark: q | start_order: 5
date: 2024-07-30t14:50:53+02:00 | stage_code: bmfwindvfrst----------qual-------- | event_code: bmfwindvfrst | event_name: women's park | event_stage: women's park qualification | stage: qualification | gender: w | discipline_name: cycling bmx freestyle | discipline_code: bmf | venue: la concorde 2 | participant_code: 1920571 | participant_name: sun jiaqi | participant_type: person | participant_country_code: chn | participant_country: china | rank: 3.0 | result: 87.83 | result_type: points | qualification_mark: q | start_order: 2
date: 2024-07-30t14:50:53+02:00 | stage_code: bmfwindvfrst----------qual-------- | event_code: bmfwindvfrst | event_name: women's park | event_stage: women's park qualification | stage: qualification | gender: w | discipline_name: cycling bmx freestyle | discipline_code: bmf | venue: la concorde 2 | participant_code: 1955071 | participant_name: benegas perris | participant_type: person | participant_country_code: usa | participant_country: united states | rank: 4.0 | result: 85.44 | result_type: points | qualification_mark: q | start_order: 1
date: 2024-07-30t14:50:53+02:00 | stage_code: bmfwindvfrst----------qual-------- | event_code: bmfwindvfrst | event_name: women's park | event_stage: women's park qualification | stage: qualification | gender: w | discipline_name: cycling bmx freestyle | discipline_code: bmf | venue: la concorde 2 | participant_code: 1946324 | participant_name: miculycova iveta | participant_type: person | participant_country_code: cze | participant_country: czechia | rank: 5.0 | result: 84.46 | result_type: points | qualification_mark: q | start_order: 5
date: 2024-07-30t14:50:53+02:00 | stage_code: bmfwindvfrst----------qual-------- | event_code: bmfwindvfrst | event_name: women's park | event_stage: women's park qualification | stage: qualification | gender: w | discipline_name: cycling bmx freestyle | discipline_code: bmf | venue: la concorde 2 | participant_code: 1543494 | participant_name: villegas serna queen saray | participant_type: person | participant_country_code: col | participant_country: colombia | rank: 6.0 | result: 84.42 | result_type: points | qualification_mark: q | start_order: 3
date: 2024-07-30t14:50:53+02:00 | stage_code: bmfwindvfrst----------qual-------- | event_code: bmfwindvfrst | event_name: women's park | event_stage: women's park qualification | stage: qualification | gender: w | discipline_name: cycling bmx freestyle | discipline_code: bmf | venue: la concorde 2 | participant_code: 1934346 | participant_name: perez grasset macarena | participant_type: person | participant_country_code: chi | participant_country: chile | rank: 7.0 | result: 84.24 | result_type: points | qualification_mark: q | start_order: 4
date: 2024-07-30t14:50:53+02:00 | stage_code: bmfwindvfrst----------qual-------- | event_code: bmfwindvfrst | event_name: women's park | event_stage: women's park qualification | stage: qualification | gender: w | discipline_name: cycling bmx freestyle | discipline_code: bmf | venue: la concorde 2 | participant_code: 1940118 | participant_name: diehm natalya | participant_type: person | participant_country_code: aus | participant_country: australia | rank: 8.0 | result: 83.89 | result_type: points | qualification_mark: q | start_order: 1
date: 2024-07-30t14:50:53+02:00 | stage_code: bmfwindvfrst----------qual-------- | event_code: bmfwindvfrst | event_name: women's park | event_stage: women's park qualification | stage: qualification | gender: w | discipline_name: cycling bmx freestyle | discipline_code: bmf | venue: la concorde 2 | participant_code: 1895709 | participant_name: perez laury | participant_type: person | participant_country_code: fra | participant_country: france | rank: 9.0 | result: 83.26 | result_type: points | qualification_mark: q | start_order: 3
date: 2024-07-30t14:50:53+02:00 | stage_code: bmfwindvfrst----------qual-------- | event_code: bmfwindvfrst | event_name: women's park | event_stage: women's park qualification | stage: qualification | gender: w | discipline_name: cycling bmx freestyle | discipline_code: bmf | venue: la concorde 2 | participant_code: 1976500 | participant_name: ducarroz nikita | participant_type: person | participant_country_code: sui | participant_country: switzerland | rank: 10.0 | result: 79.78 | result_type: points | qualification_mark:  | start_order: 6
date: 2024-07-30t14:50:53+02:00 | stage_code: bmfwindvfrst----------qual-------- | event_code: bmfwindvfrst | event_name: women's park | event_stage: women's park qualification | stage: qualification | gender: w | discipline_name: cycling bmx freestyle | discipline_code: bmf | venue: la concorde 2 | participant_code: 1912576 | participant_name: worthington charlotte elizabeth | participant_type: person | participant_country_code: gbr | participant_country: great britain | rank: 11.0 | result: 79.01 | result_type: points | qualification_mark:  | start_order: 2
date: 2024-07-30t14:50:53+02:00 | stage_code: bmfwindvfrst----------qual-------- | event_code: bmfwindvfrst | event_name: women's park | event_stage: women's park qualification | stage: qualification | gender: w | discipline_name: cycling bmx freestyle | discipline_code: bmf | venue: la concorde 2 | participant_code: 1889764 | participant_name: mueller kim lea | participant_type: person | participant_country_code: ger | participant_country: germany | rank: 12.0 | result: 77.95 | result_type: points | qualification_mark:  | start_order: 4
date: 2024-07-31t14:01:20+02:00 | stage_code: bmfwindvfrst----------fnl-000100-- | event_code: bmfwindvfrst | event_name: women's park | event_stage: women's park final | stage: final | gender: w | discipline_name: cycling bmx freestyle | discipline_code: bmf | venue: la concorde 2 | participant_code: 1920569 | participant_name: deng yawen | participant_type: person | participant_country_code: chn | participant_country: china | rank: 1.0 | result: 92.6 | result_type: points | qualification_mark:  | start_order: 8
date: 2024-07-31t14:01:20+02:00 | stage_code: bmfwindvfrst----------fnl-000100-- | event_code: bmfwindvfrst | event_name: women's park | event_stage: women's park final | stage: final | gender: w | discipline_name: cycling bmx freestyle | discipline_code: bmf | venue: la concorde 2 | participant_code: 1955071 | participant_name: benegas perris | participant_type: person | participant_country_code: usa | participant_country: united states | rank: 2.0 | result: 90.7 | result_type: points | qualification_mark:  | start_order: 6
date: 2024-07-31t14:01:20+02:00 | stage_code: bmfwindvfrst----------fnl-000100-- | event_code: bmfwindvfrst | event_name: women's park | event_stage: women's park final | stage: final | gender: w | discipline_name: cycling bmx freestyle | discipline_code: bmf | venue: la concorde 2 | participant_code: 1940118 | participant_name: diehm natalya | participant_type: person | participant_country_code: aus | participant_country: australia | rank: 3.0 | result: 88.8 | result_type: points | qualification_mark:  | start_order: 2
date: 2024-07-31t14:01:20+02:00 | stage_code: bmfwindvfrst----------fnl-000100-- | event_code: bmfwindvfrst | event_name: women's park | event_stage: women's park final | stage: final | gender: w | discipline_name: cycling bmx freestyle | discipline_code: bmf | venue: la concorde 2 | participant_code: 1543494 | participant_name: villegas serna queen saray | participant_type: person | participant_country_code: col | participant_country: colombia | rank: 4.0 | result: 88.0 | result_type: points | qualification_mark:  | start_order: 4
date: 2024-07-31t14:01:20+02:00 | stage_code: bmfwindvfrst----------fnl-000100-- | event_code: bmfwindvfrst | event_name: women's park | event_stage: women's park final | stage: final | gender: w | discipline_name: cycling bmx freestyle | discipline_code: bmf | venue: la concorde 2 | participant_code: 1934346 | participant_name: perez grasset macarena | participant_type: person | participant_country_code: chi | participant_country: chile | rank: 5.0 | result: 84.55 | result_type: points | qualification_mark:  | start_order: 3
date: 2024-07-31t14:01:20+02:00 | stage_code: bmfwindvfrst----------fnl-000100-- | event_code: bmfwindvfrst | event_name: women's park | event_stage: women's park final | stage: final | gender: w | discipline_name: cycling bmx freestyle | discipline_code: bmf | venue: la concorde 2 | participant_code: 1946324 | participant_name: miculycova iveta | participant_type: person | participant_country_code: cze | participant_country: czechia | rank: 6.0 | result: 82.3 | result_type: points | qualification_mark:  | start_order: 5
date: 2024-07-31t14:01:20+02:00 | stage_code: bmfwindvfrst----------fnl-000100-- | event_code: bmfwindvfrst | event_name: women's park | event_stage: women's park final | stage: final | gender: w | discipline_name: cycling bmx freestyle | discipline_code: bmf | venue: la concorde 2 | participant_code: 1920571 | participant_name: sun jiaqi | participant_type: person | participant_country_code: chn | participant_country: china | rank: 7.0 | result: 70.8 | result_type: points | qualification_mark:  | start_order: 7
date: 2024-07-31t14:01:20+02:00 | stage_code: bmfwindvfrst----------fnl-000100-- | event_code: bmfwindvfrst | event_name: women's park | event_stage: women's park final | stage: final | gender: w | discipline_name: cycling bmx freestyle | discipline_code: bmf | venue: la concorde 2 | participant_code: 1955100 | participant_name: roberts hannah | participant_type: person | participant_country_code: usa | participant_country: united states | rank: 8.0 | result: 70.0 | result_type: points | qualification_mark:  | start_order: 9
date: 2024-07-31t14:01:20+02:00 | stage_code: bmfwindvfrst----------fnl-000100-- | event_code: bmfwindvfrst | event_name: women's park | event_stage: women's park final | stage: final | gender: w | discipline_name: cycling bmx freestyle | discipline_code: bmf | venue: la concorde 2 | participant_code: 1895709 | participant_name: perez laury | participant_type: person | participant_country_code: fra | participant_country: france | rank: 9.0 | result: 64.3 | result_type: points | qualification_mark:  | start_order: 1
