text
date: 2024-07-29t15:47:24+02:00 | stage_code: mtbmxctry-------------fnl-000100-- | event_code: mtbmxctry | event_name: men's cross-country | event_stage: men's cross-country | stage: cross-country | gender: m | discipline_name: cycling mountain bike | discipline_code: mtb | venue: elancourt hill | participant_code: 1912546 | participant_name: pidcock thomas | participant_type: person | participant_country_code: gbr | participant_country: great britain | rank: 1.0 | result: 1:26:22 | result_type: time | result_IRM:  | result_diff: +0:00 | start_order: 1 | bib: 1
date: 2024-07-29t15:47:24+02:00 | stage_code: mtbmxctry-------------fnl-000100-- | event_code: mtbmxctry | event_name: men's cross-country | event_stage: men's cross-country | stage: cross-country | gender: m | discipline_name: cycling mountain bike | discipline_code: mtb | venue: elancourt hill | participant_code: 1895687 | participant_name: koretzky victor | participant_type: person | participant_country_code: fra | participant_country: france | rank: 2.0 | result: 1:26:31 | result_type: time | result_IRM:  | result_diff: +0:09 | start_order: 1 | bib: 2
date: 2024-07-29t15:47:24+02:00 | stage_code: mtbmxctry-------------fnl-000100-- | event_code: mtbmxctry | event_name: men's cross-country | event_stage: men's cross-country | stage: cross-country | gender: m | discipline_name: cycling mountain bike | discipline_code: mtb | venue: elancourt hill | participant_code: 1943604 | participant_name: hatherly alan | participant_type: person | participant_country_code: rsa | participant_country: south africa | rank: 3.0 | result: 1:26:33 | result_type: time | result_IRM:  | result_diff: +0:11 | start_order: 1 | bib: 5
date: 2024-07-29t15:47:24+02:00 | stage_code: mtbmxctry-------------fnl-000100-- | event_code: mtbmxctry | event_name: men's cross-country | event_stage: men's cross-country | stage: cross-country | gender: m | discipline_name: cycling mountain bike | discipline_code: mtb | venue: elancourt hill | participant_code: 1545903 | participant_name: braidot luca | participant_type: person | participant_country_code: ita | participant_country: italy | rank: 4.0 | result: 1:26:56 | result_type: time | result_IRM:  | result_diff: +0:34 | start_order: 2 | bib: 10
date: 2024-07-29t15:47:24+02:00 | stage_code: mtbmxctry-------------fnl-000100-- | event_code: mtbmxctry | event_name: men's cross-country | event_stage: men's cross-country | stage: cross-country | gender: m | discipline_name: cycling mountain bike | discipline_code: mtb | venue: elancourt hill | participant_code: 1976519 | participant_name: flueckiger mathias | participant_type: person | participant_country_code: sui | participant_country: switzerland | rank: 5.0 | result: 1:27:42 | result_type: time | result_IRM:  | result_diff: +1:20 | start_order: 1 | bib: 3
date: 2024-07-29t15:47:24+02:00 | stage_code: mtbmxctry-------------fnl-000100-- | event_code: mtbmxctry | event_name: men's cross-country | event_stage: men's cross-country | stage: cross-country | gender: m | discipline_name: cycling mountain bike | discipline_code: mtb | venue: elancourt hill | participant_code: 1945045 | participant_name: gaze samuel | participant_type: person | participant_country_code: nzl | participant_country: new zealand | rank: 6.0 | result: 1:28:03 | result_type: time | result_IRM:  | result_diff: +1:41 | start_order: 2 | bib: 15
date: 2024-07-29t15:47:24+02:00 | stage_code: mtbmxctry-------------fnl-000100-- | event_code: mtbmxctry | event_name: men's cross-country | event_stage: men's cross-country | stage: cross-country | gender: m | discipline_name: cycling mountain bike | discipline_code: mtb | venue: elancourt hill | participant_code: 1955068 | participant_name: amos riley | participant_type: person | participant_country_code: usa | participant_country: united states | rank: 7.0 | result: 1:28:08 | result_type: time | result_IRM:  | result_diff: +1:46 | start_order: 1 | bib: 7
date: 2024-07-29t15:47:24+02:00 | stage_code: mtbmxctry-------------fnl-000100-- | event_code: mtbmxctry | event_name: men's cross-country | event_stage: men's cross-country | stage: cross-country | gender: m | discipline_name: cycling mountain bike | discipline_code: mtb | venue: elancourt hill | participant_code: 1912503 | participant_name: aldridge charlie | participant_type: person | participant_country_code: gbr | participant_country: great britain | rank: 8.0 | result: 1:28:32 | result_type: time | result_IRM:  | result_diff: +2:10 | start_order: 2 | bib: 14
date: 2024-07-29t15:47:24+02:00 | stage_code: mtbmxctry-------------fnl-000100-- | event_code: mtbmxctry | event_name: men's cross-country | event_stage: men's cross-country | stage: cross-country | gender: m | discipline_name: cycling mountain bike | discipline_code: mtb | venue: elancourt hill | participant_code: 1977856 | participant_name: schurter nino | participant_type: person | participant_country_code: sui | participant_country: switzerland | rank: 9.0 | result: 1:28:44 | result_type: time | result_IRM:  | result_diff: +2:22 | start_order: 1 | bib: 4
date: 2024-07-29t15:47:24+02:00 | stage_code: mtbmxctry-------------fnl-000100-- | event_code: mtbmxctry | event_name: men's cross-country | event_stage: men's cross-country | stage: cross-country | gender: m | discipline_name: cycling mountain bike | discipline_code: mtb | venue: elancourt hill | participant_code: 1928292 | participant_name: valero serrano david | participant_type: person | participant_country_code: esp | participant_country: spain | rank: 10.0 | result: 1:28:49 | result_type: time | result_IRM:  | result_diff: +2:27 | start_order: 3 | bib: 23
date: 2024-07-29t15:47:24+02:00 | stage_code: mtbmxctry-------------fnl-000100-- | event_code: mtbmxctry | event_name: men's cross-country | event_stage: men's cross-country | stage: cross-country | gender: m | discipline_name: cycling mountain bike | discipline_code: mtb | venue: elancourt hill | participant_code: 1934477 | participant_name: vidaurre kossmann martin | participant_type: person | participant_country_code: chi | participant_country: chile | rank: 11.0 | result: 1:29:00 | result_type: time | result_IRM:  | result_diff: +2:38 | start_order: 2 | bib: 13
date: 2024-07-29t15:47:24+02:00 | stage_code: mtbmxctry-------------fnl-000100-- | event_code: mtbmxctry | event_name: men's cross-country | event_stage: men's cross-country | stage: cross-country | gender: m | discipline_name: cycling mountain bike | discipline_code: mtb | venue: elancourt hill | participant_code: 1879171 | participant_name: andreassen simon | participant_type: person | participant_country_code: den | participant_country: denmark | rank: 12.0 | result: 1:29:05 | result_type: time | result_IRM:  | result_diff: +2:43 | start_order: 2 | bib: 11
date: 2024-07-29t15:47:24+02:00 | stage_code: mtbmxctry-------------fnl-000100-- | event_code: mtbmxctry | event_name: men's cross-country | event_stage: men's cross-country | stage: cross-country | gender: m | discipline_name: cycling mountain bike | discipline_code: mtb | venue: elancourt hill | participant_code: 1955072 | participant_name: blevins christopher | participant_type: person | participant_country_code: usa | participant_country: united states | rank: 13.0 | result: 1:29:06 | result_type: time | result_IRM:  | result_diff: +2:44 | start_order: 2 | bib: 9
date: 2024-07-29t15:47:24+02:00 | stage_code: mtbmxctry-------------fnl-000100-- | event_code: mtbmxctry | event_name: men's cross-country | event_stage: men's cross-country | stage: cross-country | gender: m | discipline_name: cycling mountain bike | discipline_code: mtb | venue: elancourt hill | participant_code: 1895714 | participant_name: sarrou jordan | participant_type: person | participant_country_code: fra | participant_country: france | rank: 14.0 | result: 1:29:08 | result_type: time | result_IRM:  | result_diff: +2:46 | start_order: 1 | bib: 6
date: 2024-07-29t15:47:24+02:00 | stage_code: mtbmxctry-------------fnl-000100-- | event_code: mtbmxctry | event_name: men's cross-country | event_stage: men's cross-country | stage: cross-country | gender: m | discipline_name: cycling mountain bike | discipline_code: mtb | venue: elancourt hill | participant_code: 1889777 | participant_name: schelb julian | participant_type: person | participant_country_code: ger | participant_country: germany | rank: 15.0 | result: 1:29:08 | result_type: time | result_IRM:  | result_diff: +2:46 | start_order: 3 | bib: 19
date: 2024-07-29t15:47:24+02:00 | stage_code: mtbmxctry-------------fnl-000100-- | event_code: mtbmxctry | event_name: men's cross-country | event_stage: men's cross-country | stage: cross-country | gender: m | discipline_name: cycling mountain bike | discipline_code: mtb | venue: elancourt hill | participant_code: 1889717 | participant_name: schwarzbauer luca | participant_type: person | participant_country_code: ger | participant_country: germany | rank: 16.0 | result: 1:29:10 | result_type: time | result_IRM:  | result_diff: +2:48 | start_order: 1 | bib: 8
date: 2024-07-29t15:47:24+02:00 | stage_code: mtbmxctry-------------fnl-000100-- | event_code: mtbmxctry | event_name: men's cross-country | event_stage: men's cross-country | stage: cross-country | gender: m | discipline_name: cycling mountain bike | discipline_code: mtb | venue: elancourt hill | participant_code: 1947989 | participant_name: blums martins | participant_type: person | participant_country_code: lat | participant_country: latvia | rank: 17.0 | result: 1:29:11 | result_type: time | result_IRM:  | result_diff: +2:49 | start_order: 2 | bib: 16
date: 2024-07-29t15:47:24+02:00 | stage_code: mtbmxctry-------------fnl-000100-- | event_code: mtbmxctry | event_name: men's cross-country | event_stage: men's cross-country | stage: cross-country | gender: m | discipline_name: cycling mountain bike | discipline_code: mtb | venue: elancourt hill | participant_code: 1903159 | participant_name: de froidmont pierre | participant_type: person | participant_country_code: bel | participant_country: belgium | rank: 18.0 | result: 1:30:21 | result_type: time | result_IRM:  | result_diff: +3:59 | start_order: 3 | bib: 20
date: 2024-07-29t15:47:24+02:00 | stage_code: mtbmxctry-------------fnl-000100-- | event_code: mtbmxctry | event_name: men's cross-country | event_stage: men's cross-country | stage: cross-country | gender: m | discipline_name: cycling mountain bike | discipline_code: mtb | venue: elancourt hill | participant_code: 1545907 | participant_name: avondetto simone | participant_type: person | participant_country_code: ita | participant_country: italy | rank: 19.0 | result: 1:30:52 | result_type: time | result_IRM:  | result_diff: +4:30 | start_order: 3 | bib: 17
date: 2024-07-29t15:47:24+02:00 | stage_code: mtbmxctry-------------fnl-000100-- | event_code: mtbmxctry | event_name: men's cross-country | event_stage: men's cross-country | stage: cross-country | gender: m | discipline_name: cycling mountain bike | discipline_code: mtb | venue: elancourt hill | participant_code: 1878403 | participant_name: roehme knut | participant_type: person | participant_country_code: nor | participant_country: norway | rank: 20.0 | result: 1:30:55 | result_type: time | result_IRM:  | result_diff: +4:33 | start_order: 4 | bib: 28
date: 2024-07-29t15:47:24+02:00 | stage_code: mtbmxctry-------------fnl-000100-- | event_code: mtbmxctry | event_name: men's cross-country | event_stage: men's cross-country | stage: cross-country | gender: m | discipline_name: cycling mountain bike | discipline_code: mtb | venue: elancourt hill | participant_code: 1953502 | participant_name: bastos galinski ulan | participant_type: person | participant_country_code: bra | participant_country: brazil | rank: 21.0 | result: 1:30:55 | result_type: time | result_IRM:  | result_diff: +4:33 | start_order: 3 | bib: 21
date: 2024-07-29t15:47:24+02:00 | stage_code: mtbmxctry-------------fnl-000100-- | event_code: mtbmxctry | event_name: men's cross-country | event_stage: men's cross-country | stage: cross-country | gender: m | discipline_name: cycling mountain bike | discipline_code: mtb | venue: elancourt hill | participant_code: 1566125 | participant_name: foidl maximilian | participant_type: person | participant_country_code: aut | participant_country: austria | rank: 22.0 | result: 1:31:26 | result_type: time | result_IRM:  | result_diff: +5:04 | start_order: 3 | bib: 24
date: 2024-07-29t15:47:24+02:00 | stage_code: mtbmxctry-------------fnl-000100-- | event_code: mtbmxctry | event_name: men's cross-country | event_stage: men's cross-country | stage: cross-country | gender: m | discipline_name: cycling mountain bike | discipline_code: mtb | venue: elancourt hill | participant_code: 1551907 | participant_name: gutierrez prieto adair zabdiel | participant_type: person | participant_country_code: mex | participant_country: mexico | rank: 23.0 | result: 1:31:42 | result_type: time | result_IRM:  | result_diff: +5:20 | start_order: 4 | bib: 30
date: 2024-07-29t15:47:24+02:00 | stage_code: mtbmxctry-------------fnl-000100-- | event_code: mtbmxctry | event_name: men's cross-country | event_stage: men's cross-country | stage: cross-country | gender: m | discipline_name: cycling mountain bike | discipline_code: mtb | venue: elancourt hill | participant_code: 1928287 | participant_name: cullell estape jofre | participant_type: person | participant_country_code: esp | participant_country: spain | rank: 24.0 | result: 1:32:13 | result_type: time | result_IRM:  | result_diff: +5:51 | start_order: 2 | bib: 12
date: 2024-07-29t15:47:24+02:00 | stage_code: mtbmxctry-------------fnl-000100-- | event_code: mtbmxctry | event_name: men's cross-country | event_stage: men's cross-country | stage: cross-country | gender: m | discipline_name: cycling mountain bike | discipline_code: mtb | venue: elancourt hill | participant_code: 1942691 | participant_name: cink ondrej | participant_type: person | participant_country_code: cze | participant_country: czechia | rank: 25.0 | result: 1:32:28 | result_type: time | result_IRM:  | result_diff: +6:06 | start_order: 3 | bib: 22
date: 2024-07-29t15:47:24+02:00 | stage_code: mtbmxctry-------------fnl-000100-- | event_code: mtbmxctry | event_name: men's cross-country | event_stage: men's cross-country | stage: cross-country | gender: m | discipline_name: cycling mountain bike | discipline_code: mtb | venue: elancourt hill | participant_code: 1903161 | participant_name: schuermans jens | participant_type: person | participant_country_code: bel | participant_country: belgium | rank: 26.0 | result: 1:33:29 | result_type: time | result_IRM:  | result_diff: +7:07 | start_order: 3 | bib: 18
date: 2024-07-29t15:47:24+02:00 | stage_code: mtbmxctry-------------fnl-000100-- | event_code: mtbmxctry | event_name: men's cross-country | event_stage: men's cross-country | stage: cross-country | gender: m | discipline_name: cycling mountain bike | discipline_code: mtb | venue: elancourt hill | participant_code: 1572937 | participant_name: lukasik krzysztof | participant_type: person | participant_country_code: pol | participant_country: poland | rank: 27.0 | result: 1:33:55 | result_type: time | result_IRM:  | result_diff: +7:33 | start_order: 4 | bib: 29
date: 2024-07-29t15:47:24+02:00 | stage_code: mtbmxctry-------------fnl-000100-- | event_code: mtbmxctry | event_name: men's cross-country | event_stage: men's cross-country | stage: cross-country | gender: m | discipline_name: cycling mountain bike | discipline_code: mtb | venue: elancourt hill | participant_code: 1556987 | participant_name: puentener romano | participant_type: person | participant_country_code: lie | participant_country: liechtenstein | rank: 28.0 | result: 1:34:33 | result_type: time | result_IRM:  | result_diff: +8:11 | start_order: 5 | bib: 35
date: 2024-07-29t15:47:24+02:00 | stage_code: mtbmxctry-------------fnl-000100-- | event_code: mtbmxctry | event_name: men's cross-country | event_stage: men's cross-country | stage: cross-country | gender: m | discipline_name: cycling mountain bike | discipline_code: mtb | venue: elancourt hill | participant_code: 1898262 | participant_name: zaltsman tomer | participant_type: person | participant_country_code: isr | participant_country: israel | rank: 29.0 | result: 1:34:47 | result_type: time | result_IRM:  | result_diff: +8:25 | start_order: 4 | bib: 26
date: 2024-07-29t15:47:24+02:00 | stage_code: mtbmxctry-------------fnl-000100-- | event_code: mtbmxctry | event_name: men's cross-country | event_stage: men's cross-country | stage: cross-country | gender: m | discipline_name: cycling mountain bike | discipline_code: mtb | venue: elancourt hill | participant_code: 1966673 | participant_name: holmgren gunnar | participant_type: person | participant_country_code: can | participant_country: canada | rank: 30.0 | result: 1:34:57 | result_type: time | result_IRM:  | result_diff: +8:35 | start_order: 4 | bib: 25
date: 2024-07-29t15:47:24+02:00 | stage_code: mtbmxctry-------------fnl-000100-- | event_code: mtbmxctry | event_name: men's cross-country | event_stage: men's cross-country | stage: cross-country | gender: m | discipline_name: cycling mountain bike | discipline_code: mtb | venue: elancourt hill | participant_code: 1908446 | participant_name: arias cuervo diego alfonso | participant_type: person | participant_country_code: col | participant_country: colombia | rank: 31.0 | result: 1:35:13 | result_type: time | result_IRM:  | result_diff: +8:51 | start_order: 4 | bib: 31
date: 2024-07-29t15:47:24+02:00 | stage_code: mtbmxctry-------------fnl-000100-- | event_code: mtbmxctry | event_name: men's cross-country | event_stage: men's cross-country | stage: cross-country | gender: m | discipline_name: cycling mountain bike | discipline_code: mtb | venue: elancourt hill | participant_code: 1571693 | participant_name: hudyma oleksandr | participant_type: person | participant_country_code: ukr | participant_country: ukraine | rank: 32.0 | result:  | result_type: rank | result_IRM: lap | result_diff:  | start_order: 4 | bib: 27
date: 2024-07-29t15:47:24+02:00 | stage_code: mtbmxctry-------------fnl-000100-- | event_code: mtbmxctry | event_name: men's cross-country | event_stage: men's cross-country | stage: cross-country | gender: m | discipline_name: cycling mountain bike | discipline_code: mtb | venue: elancourt hill | participant_code: 1926789 | participant_name: mi jiujiang | participant_type: person | participant_country_code: chn | participant_country: china | rank: 33.0 | result:  | result_type: rank | result_IRM: lap | result_diff:  | start_order: 5 | bib: 34
date: 2024-07-29t15:47:24+02:00 | stage_code: mtbmxctry-------------fnl-000100-- | event_code: mtbmxctry | event_name: men's cross-country | event_stage: men's cross-country | stage: cross-country | gender: m | discipline_name: cycling mountain bike | discipline_code: mtb | venue: elancourt hill | participant_code: 1541659 | participant_name: molnar ede-karoly | participant_type: person | participant_country_code: rou | participant_country: romania | rank: 34.0 | result:  | result_type: rank | result_IRM: lap | result_diff:  | start_order: 5 | bib: 33
date: 2024-07-29t15:47:24+02:00 | stage_code: mtbmxctry-------------fnl-000100-- | event_code: mtbmxctry | event_name: men's cross-country | event_stage: men's cross-country | stage: cross-country | gender: m | discipline_name: cycling mountain bike | discipline_code: mtb | venue: elancourt hill | participant_code: 1571641 | participant_name: miller alex | participant_type: person | participant_country_code: nam | participant_country: namibia | rank:  | result:  | result_type: irm | result_IRM: dnf | result_diff:  | start_order: 4 | bib: 32
date: 2024-07-29t15:47:24+02:00 | stage_code: mtbmxctry-------------fnl-000100-- | event_code: mtbmxctry | event_name: men's cross-country | event_stage: men's cross-country | stage: cross-country | gender: m | discipline_name: cycling mountain bike | discipline_code: mtb | venue: elancourt hill | participant_code: 1971702 | participant_name: savaste joni | participant_type: person | participant_country_code: fin | participant_country: finland | rank:  | result:  | result_type: irm | result_IRM: dnf | result_diff:  | start_order: 5 | bib: 36
date: 2024-07-28t15:48:39+02:00 | stage_code: mtbwxctry-------------fnl-000100-- | event_code: mtbwxctry | event_name: women's cross-country | event_stage: women's cross-country | stage: cross-country | gender: w | discipline_name: cycling mountain bike | discipline_code: mtb | venue: elancourt hill | participant_code: 1895672 | participant_name: ferrand prevot pauline | participant_type: person | participant_country_code: fra | participant_country: france | rank: 1.0 | result: 1:26:02 | result_type: time | result_IRM:  | result_diff: +0:00 | start_order: 1 | bib: 4
date: 2024-07-28t15:48:39+02:00 | stage_code: mtbwxctry-------------fnl-000100-- | event_code: mtbwxctry | event_name: women's cross-country | event_stage: women's cross-country | stage: cross-country | gender: w | discipline_name: cycling mountain bike | discipline_code: mtb | venue: elancourt hill | participant_code: 1955070 | participant_name: batten haley | participant_type: person | participant_country_code: usa | participant_country: united states | rank: 2.0 | result: 1:28:59 | result_type: time | result_IRM:  | result_diff: +2:57 | start_order: 2 | bib: 11
date: 2024-07-28t15:48:39+02:00 | stage_code: mtbwxctry-------------fnl-000100-- | event_code: mtbwxctry | event_name: women's cross-country | event_stage: women's cross-country | stage: cross-country | gender: w | discipline_name: cycling mountain bike | discipline_code: mtb | venue: elancourt hill | participant_code: 1564023 | participant_name: rissveds jenny | participant_type: person | participant_country_code: swe | participant_country: sweden | rank: 3.0 | result: 1:29:04 | result_type: time | result_IRM:  | result_diff: +3:02 | start_order: 2 | bib: 12
date: 2024-07-28t15:48:39+02:00 | stage_code: mtbwxctry-------------fnl-000100-- | event_code: mtbwxctry | event_name: women's cross-country | event_stage: women's cross-country | stage: cross-country | gender: w | discipline_name: cycling mountain bike | discipline_code: mtb | venue: elancourt hill | participant_code: 1969167 | participant_name: pieterse puck | participant_type: person | participant_country_code: ned | participant_country: netherlands | rank: 4.0 | result: 1:29:25 | result_type: time | result_IRM:  | result_diff: +3:23 | start_order: 1 | bib: 3
date: 2024-07-28t15:48:39+02:00 | stage_code: mtbwxctry-------------fnl-000100-- | event_code: mtbwxctry | event_name: women's cross-country | event_stage: women's cross-country | stage: cross-country | gender: w | discipline_name: cycling mountain bike | discipline_code: mtb | venue: elancourt hill | participant_code: 1912549 | participant_name: richards evie | participant_type: person | participant_country_code: gbr | participant_country: great britain | rank: 5.0 | result: 1:29:29 | result_type: time | result_IRM:  | result_diff: +3:27 | start_order: 2 | bib: 13
date: 2024-07-28t15:48:39+02:00 | stage_code: mtbwxctry-------------fnl-000100-- | event_code: mtbwxctry | event_name: women's cross-country | event_stage: women's cross-country | stage: cross-country | gender: w | discipline_name: cycling mountain bike | discipline_code: mtb | venue: elancourt hill | participant_code: 1566128 | participant_name: stigger laura | participant_type: person | participant_country_code: aut | participant_country: austria | rank: 6.0 | result: 1:30:15 | result_type: time | result_IRM:  | result_diff: +4:13 | start_order: 2 | bib: 10
date: 2024-07-28t15:48:39+02:00 | stage_code: mtbwxctry-------------fnl-000100-- | event_code: mtbwxctry | event_name: women's cross-country | event_stage: women's cross-country | stage: cross-country | gender: w | discipline_name: cycling mountain bike | discipline_code: mtb | venue: elancourt hill | participant_code: 1977678 | participant_name: keller alessandra | participant_type: person | participant_country_code: sui | participant_country: switzerland | rank: 7.0 | result: 1:30:43 | result_type: time | result_IRM:  | result_diff: +4:41 | start_order: 1 | bib: 2
date: 2024-07-28t15:48:39+02:00 | stage_code: mtbwxctry-------------fnl-000100-- | event_code: mtbwxctry | event_name: women's cross-country | event_stage: women's cross-country | stage: cross-country | gender: w | discipline_name: cycling mountain bike | discipline_code: mtb | venue: elancourt hill | participant_code: 1945064 | participant_name: maxwell samara | participant_type: person | participant_country_code: nzl | participant_country: new zealand | rank: 8.0 | result: 1:30:43 | result_type: time | result_IRM:  | result_diff: +4:41 | start_order: 2 | bib: 15
date: 2024-07-28t15:48:39+02:00 | stage_code: mtbwxctry-------------fnl-000100-- | event_code: mtbwxctry | event_name: women's cross-country | event_stage: women's cross-country | stage: cross-country | gender: w | discipline_name: cycling mountain bike | discipline_code: mtb | venue: elancourt hill | participant_code: 1969169 | participant_name: terpstra anne | participant_type: person | participant_country_code: ned | participant_country: netherlands | rank: 9.0 | result: 1:31:35 | result_type: time | result_IRM:  | result_diff: +5:33 | start_order: 3 | bib: 18
date: 2024-07-28t15:48:39+02:00 | stage_code: mtbwxctry-------------fnl-000100-- | event_code: mtbwxctry | event_name: women's cross-country | event_stage: women's cross-country | stage: cross-country | gender: w | discipline_name: cycling mountain bike | discipline_code: mtb | venue: elancourt hill | participant_code: 1894392 | participant_name: vas blanka | participant_type: person | participant_country_code: hun | participant_country: hungary | rank: 10.0 | result: 1:31:42 | result_type: time | result_IRM:  | result_diff: +5:40 | start_order: 5 | bib: 35
date: 2024-07-28t15:48:39+02:00 | stage_code: mtbwxctry-------------fnl-000100-- | event_code: mtbwxctry | event_name: women's cross-country | event_stage: women's cross-country | stage: cross-country | gender: w | discipline_name: cycling mountain bike | discipline_code: mtb | venue: elancourt hill | participant_code: 1545910 | participant_name: teocchi chiara | participant_type: person | participant_country_code: ita | participant_country: italy | rank: 11.0 | result: 1:31:52 | result_type: time | result_IRM:  | result_diff: +5:50 | start_order: 3 | bib: 21
date: 2024-07-28t15:48:39+02:00 | stage_code: mtbwxctry-------------fnl-000100-- | event_code: mtbwxctry | event_name: women's cross-country | event_stage: women's cross-country | stage: cross-country | gender: w | discipline_name: cycling mountain bike | discipline_code: mtb | venue: elancourt hill | participant_code: 1955069 | participant_name: blunk savilia | participant_type: person | participant_country_code: usa | participant_country: united states | rank: 12.0 | result: 1:31:52 | result_type: time | result_IRM:  | result_diff: +5:50 | start_order: 1 | bib: 6
date: 2024-07-28t15:48:39+02:00 | stage_code: mtbwxctry-------------fnl-000100-- | event_code: mtbwxctry | event_name: women's cross-country | event_stage: women's cross-country | stage: cross-country | gender: w | discipline_name: cycling mountain bike | discipline_code: mtb | venue: elancourt hill | participant_code: 1945581 | participant_name: henderson rebecca | participant_type: person | participant_country_code: aus | participant_country: australia | rank: 13.0 | result: 1:32:44 | result_type: time | result_IRM:  | result_diff: +6:42 | start_order: 2 | bib: 14
date: 2024-07-28t15:48:39+02:00 | stage_code: mtbwxctry-------------fnl-000100-- | event_code: mtbwxctry | event_name: women's cross-country | event_stage: women's cross-country | stage: cross-country | gender: w | discipline_name: cycling mountain bike | discipline_code: mtb | venue: elancourt hill | participant_code: 1545909 | participant_name: berta martina | participant_type: person | participant_country_code: ita | participant_country: italy | rank: 14.0 | result: 1:32:50 | result_type: time | result_IRM:  | result_diff: +6:48 | start_order: 1 | bib: 7
date: 2024-07-28t15:48:39+02:00 | stage_code: mtbwxctry-------------fnl-000100-- | event_code: mtbwxctry | event_name: women's cross-country | event_stage: women's cross-country | stage: cross-country | gender: w | discipline_name: cycling mountain bike | discipline_code: mtb | venue: elancourt hill | participant_code: 1879166 | participant_name: bohe caroline | participant_type: person | participant_country_code: den | participant_country: denmark | rank: 15.0 | result: 1:33:11 | result_type: time | result_IRM:  | result_diff: +7:09 | start_order: 3 | bib: 19
date: 2024-07-28t15:48:39+02:00 | stage_code: mtbwxctry-------------fnl-000100-- | event_code: mtbwxctry | event_name: women's cross-country | event_stage: women's cross-country | stage: cross-country | gender: w | discipline_name: cycling mountain bike | discipline_code: mtb | venue: elancourt hill | participant_code: 1889745 | participant_name: benz nina | participant_type: person | participant_country_code: ger | participant_country: germany | rank: 16.0 | result: 1:33:43 | result_type: time | result_IRM:  | result_diff: +7:41 | start_order: 3 | bib: 22
date: 2024-07-28t15:48:39+02:00 | stage_code: mtbwxctry-------------fnl-000100-- | event_code: mtbwxctry | event_name: women's cross-country | event_stage: women's cross-country | stage: cross-country | gender: w | discipline_name: cycling mountain bike | discipline_code: mtb | venue: elancourt hill | participant_code: 1966676 | participant_name: holmgren isabella | participant_type: person | participant_country_code: can | participant_country: canada | rank: 17.0 | result: 1:33:43 | result_type: time | result_IRM:  | result_diff: +7:41 | start_order: 4 | bib: 28
date: 2024-07-28t15:48:39+02:00 | stage_code: mtbwxctry-------------fnl-000100-- | event_code: mtbwxctry | event_name: women's cross-country | event_stage: women's cross-country | stage: cross-country | gender: w | discipline_name: cycling mountain bike | discipline_code: mtb | venue: elancourt hill | participant_code: 1566126 | participant_name: mitterwallner mona | participant_type: person | participant_country_code: aut | participant_country: austria | rank: 18.0 | result: 1:34:44 | result_type: time | result_IRM:  | result_diff: +8:42 | start_order: 1 | bib: 8
date: 2024-07-28t15:48:39+02:00 | stage_code: mtbwxctry-------------fnl-000100-- | event_code: mtbwxctry | event_name: women's cross-country | event_stage: women's cross-country | stage: cross-country | gender: w | discipline_name: cycling mountain bike | discipline_code: mtb | venue: elancourt hill | participant_code: 1898297 | participant_name: loiv janika | participant_type: person | participant_country_code: est | participant_country: estonia | rank: 19.0 | result: 1:35:05 | result_type: time | result_IRM:  | result_diff: +9:03 | start_order: 2 | bib: 17
date: 2024-07-28t15:48:39+02:00 | stage_code: mtbwxctry-------------fnl-000100-- | event_code: mtbwxctry | event_name: women's cross-country | event_stage: women's cross-country | stage: cross-country | gender: w | discipline_name: cycling mountain bike | discipline_code: mtb | venue: elancourt hill | participant_code: 1943609 | participant_name: lill candice | participant_type: person | participant_country_code: rsa | participant_country: south africa | rank: 20.0 | result: 1:35:33 | result_type: time | result_IRM:  | result_diff: +9:31 | start_order: 1 | bib: 9
date: 2024-07-28t15:48:39+02:00 | stage_code: mtbwxctry-------------fnl-000100-- | event_code: mtbwxctry | event_name: women's cross-country | event_stage: women's cross-country | stage: cross-country | gender: w | discipline_name: cycling mountain bike | discipline_code: mtb | venue: elancourt hill | participant_code: 1976524 | participant_name: frei sina | participant_type: person | participant_country_code: sui | participant_country: switzerland | rank: 21.0 | result: 1:35:34 | result_type: time | result_IRM:  | result_diff: +9:32 | start_order: 3 | bib: 23
date: 2024-07-28t15:48:39+02:00 | stage_code: mtbwxctry-------------fnl-000100-- | event_code: mtbwxctry | event_name: women's cross-country | event_stage: women's cross-country | stage: cross-country | gender: w | discipline_name: cycling mountain bike | discipline_code: mtb | venue: elancourt hill | participant_code: 1926794 | participant_name: wu zhifan | participant_type: person | participant_country_code: chn | participant_country: china | rank: 22.0 | result: 1:36:07 | result_type: time | result_IRM:  | result_diff: +10:05 | start_order: 5 | bib: 34
date: 2024-07-28t15:48:39+02:00 | stage_code: mtbwxctry-------------fnl-000100-- | event_code: mtbwxctry | event_name: women's cross-country | event_stage: women's cross-country | stage: cross-country | gender: w | discipline_name: cycling mountain bike | discipline_code: mtb | venue: elancourt hill | participant_code: 1912537 | participant_name: maclean-howell ella | participant_type: person | participant_country_code: gbr | participant_country: great britain | rank: 23.0 | result: 1:36:26 | result_type: time | result_IRM:  | result_diff: +10:24 | start_order: 4 | bib: 31
date: 2024-07-28t15:48:39+02:00 | stage_code: mtbwxctry-------------fnl-000100-- | event_code: mtbwxctry | event_name: women's cross-country | event_stage: women's cross-country | stage: cross-country | gender: w | discipline_name: cycling mountain bike | discipline_code: mtb | venue: elancourt hill | participant_code: 1879184 | participant_name: pedersen sofie heby | participant_type: person | participant_country_code: den | participant_country: denmark | rank: 24.0 | result:  | result_type: rank | result_IRM: lap | result_diff:  | start_order: 3 | bib: 24
date: 2024-07-28t15:48:39+02:00 | stage_code: mtbwxctry-------------fnl-000100-- | event_code: mtbwxctry | event_name: women's cross-country | event_stage: women's cross-country | stage: cross-country | gender: w | discipline_name: cycling mountain bike | discipline_code: mtb | venue: elancourt hill | participant_code: 1903160 | participant_name: detilleux emeline | participant_type: person | participant_country_code: bel | participant_country: belgium | rank: 25.0 | result:  | result_type: rank | result_IRM: lap | result_diff:  | start_order: 4 | bib: 27
date: 2024-07-28t15:48:39+02:00 | stage_code: mtbwxctry-------------fnl-000100-- | event_code: mtbwxctry | event_name: women's cross-country | event_stage: women's cross-country | stage: cross-country | gender: w | discipline_name: cycling mountain bike | discipline_code: mtb | venue: elancourt hill | participant_code: 1571692 | participant_name: belomoina yana | participant_type: person | participant_country_code: ukr | participant_country: ukraine | rank: 26.0 | result:  | result_type: rank | result_IRM: lap | result_diff:  | start_order: 2 | bib: 16
date: 2024-07-28t15:48:39+02:00 | stage_code: mtbwxctry-------------fnl-000100-- | event_code: mtbwxctry | event_name: women's cross-country | event_stage: women's cross-country | stage: cross-country | gender: w | discipline_name: cycling mountain bike | discipline_code: mtb | venue: elancourt hill | participant_code: 1572906 | participant_name: gorycka paula | participant_type: person | participant_country_code: pol | participant_country: poland | rank: 27.0 | result:  | result_type: rank | result_IRM: lap | result_diff:  | start_order: 3 | bib: 20
date: 2024-07-28t15:48:39+02:00 | stage_code: mtbwxctry-------------fnl-000100-- | event_code: mtbwxctry | event_name: women's cross-country | event_stage: women's cross-country | stage: cross-country | gender: w | discipline_name: cycling mountain bike | discipline_code: mtb | venue: elancourt hill | participant_code: 1953496 | participant_name: goulao henrique raiza | participant_type: person | participant_country_code: bra | participant_country: brazil | rank: 28.0 | result:  | result_type: rank | result_IRM: lap | result_diff:  | start_order: 4 | bib: 29
date: 2024-07-28t15:48:39+02:00 | stage_code: mtbwxctry-------------fnl-000100-- | event_code: mtbwxctry | event_name: women's cross-country | event_stage: women's cross-country | stage: cross-country | gender: w | discipline_name: cycling mountain bike | discipline_code: mtb | venue: elancourt hill | participant_code: 1933823 | participant_name: queiros raquel | participant_type: person | participant_country_code: por | participant_country: portugal | rank: 29.0 | result:  | result_type: rank | result_IRM: lap | result_diff:  | start_order: 4 | bib: 26
date: 2024-07-28t15:48:39+02:00 | stage_code: mtbwxctry-------------fnl-000100-- | event_code: mtbwxctry | event_name: women's cross-country | event_stage: women's cross-country | stage: cross-country | gender: w | discipline_name: cycling mountain bike | discipline_code: mtb | venue: elancourt hill | participant_code: 1981521 | participant_name: zakelj tanja | participant_type: person | participant_country_code: slo | participant_country: slovenia | rank: 30.0 | result:  | result_type: rank | result_IRM: lap | result_diff:  | start_order: 4 | bib: 30
date: 2024-07-28t15:48:39+02:00 | stage_code: mtbwxctry-------------fnl-000100-- | event_code: mtbwxctry | event_name: women's cross-country | event_stage: women's cross-country | stage: cross-country | gender: w | discipline_name: cycling mountain bike | discipline_code: mtb | venue: elancourt hill | participant_code: 1942694 | participant_name: holubova adela | participant_type: person | participant_country_code: cze | participant_country: czechia | rank: 31.0 | result:  | result_type: rank | result_IRM: lap | result_diff:  | start_order: 3 | bib: 25
date: 2024-07-28t15:48:39+02:00 | stage_code: mtbwxctry-------------fnl-000100-- | event_code: mtbwxctry | event_name: women's cross-country | event_stage: women's cross-country | stage: cross-country | gender: w | discipline_name: cycling mountain bike | discipline_code: mtb | venue: elancourt hill | participant_code: 1945776 | participant_name: kawaguchi urara | participant_type: person | participant_country_code: jpn | participant_country: japan | rank: 32.0 | result:  | result_type: rank | result_IRM: lap | result_diff:  | start_order: 4 | bib: 33
date: 2024-07-28t15:48:39+02:00 | stage_code: mtbwxctry-------------fnl-000100-- | event_code: mtbwxctry | event_name: women's cross-country | event_stage: women's cross-country | stage: cross-country | gender: w | discipline_name: cycling mountain bike | discipline_code: mtb | venue: elancourt hill | participant_code: 1551912 | participant_name: rodriguez suarez erika monserrath | participant_type: person | participant_country_code: mex | participant_country: mexico | rank: 33.0 | result:  | result_type: rank | result_IRM: lap | result_diff:  | start_order: 4 | bib: 32
date: 2024-07-28t15:48:39+02:00 | stage_code: mtbwxctry-------------fnl-000100-- | event_code: mtbwxctry | event_name: women's cross-country | event_stage: women's cross-country | stage: cross-country | gender: w | discipline_name: cycling mountain bike | discipline_code: mtb | venue: elancourt hill | participant_code: 1980524 | participant_name: mwamikazi jazilla | participant_type: person | participant_country_code: rwa | participant_country: rwanda | rank: 34.0 | result:  | result_type: rank | result_IRM: lap | result_diff:  | start_order: 5 | bib: 37
date: 2024-07-28t15:48:39+02:00 | stage_code: mtbwxctry-------------fnl-000100-- | event_code: mtbwxctry | event_name: women's cross-country | event_stage: women's cross-country | stage: cross-country | gender: w | discipline_name: cycling mountain bike | discipline_code: mtb | venue: elancourt hill | participant_code: 1895697 | participant_name: lecomte loana | participant_type: person | participant_country_code: fra | participant_country: france | rank:  | result:  | result_type: irm | result_IRM: dnf | result_diff:  | start_order: 1 | bib: 5
date: 2024-07-28t15:48:39+02:00 | stage_code: mtbwxctry-------------fnl-000100-- | event_code: mtbwxctry | event_name: women's cross-country | event_stage: women's cross-country | stage: cross-country | gender: w | discipline_name: cycling mountain bike | discipline_code: mtb | venue: elancourt hill | participant_code: 1878325 | participant_name: halbwachs aurelie | participant_type: person | participant_country_code: mri | participant_country: mauritius | rank:  | result:  | result_type: irm | result_IRM: dnf | result_diff:  | start_order: 5 | bib: 36
