text
date: 2024-07-24t17:41:08+02:00 | stage_code: fblmteam11------------gpc-000100-- | event_code: fblmteam11 | event_name: men | event_stage: men's group c | stage: group c | gender: m | discipline_name: football | discipline_code: fbl | venue: parc des princes | participant_code: fblmteam11--uzb01 | participant_name: uzbekistan | participant_type: team | participant_country_code: uzb | participant_country: uzbekistan | result: 1 | result_type: points | result_WLT: l | start_order: 1
date: 2024-07-24t17:41:08+02:00 | stage_code: fblmteam11------------gpc-000100-- | event_code: fblmteam11 | event_name: men | event_stage: men's group c | stage: group c | gender: m | discipline_name: football | discipline_code: fbl | venue: parc des princes | participant_code: fblmteam11--esp01 | participant_name: spain | participant_type: team | participant_country_code: esp | participant_country: spain | result: 2 | result_type: points | result_WLT: w | start_order: 2
date: 2024-07-24t20:17:54+02:00 | stage_code: fblmteam11------------gpb-000100-- | event_code: fblmteam11 | event_name: men | event_stage: men's group b | stage: group b | gender: m | discipline_name: football | discipline_code: fbl | venue: geoffroy-guichard stadium | participant_code: fblmteam11--arg01 | participant_name: argentina | participant_type: team | participant_country_code: arg | participant_country: argentina | result: 1 | result_type: points | result_WLT: l | start_order: 1
date: 2024-07-24t20:17:54+02:00 | stage_code: fblmteam11------------gpb-000100-- | event_code: fblmteam11 | event_name: men | event_stage: men's group b | stage: group b | gender: m | discipline_name: football | discipline_code: fbl | venue: geoffroy-guichard stadium | participant_code: fblmteam11--mar01 | participant_name: morocco | participant_type: team | participant_country_code: mar | participant_country: morocco | result: 2 | result_type: points | result_WLT: w | start_order: 2
date: 2024-07-24t20:28:42+02:00 | stage_code: fblmteam11------------gpa-000200-- | event_code: fblmteam11 | event_name: men | event_stage: men's group a | stage: group a | gender: m | discipline_name: football | discipline_code: fbl | venue: nice stadium | participant_code: fblmteam11--gui01 | participant_name: guinea | participant_type: team | participant_country_code: gui | participant_country: guinea | result: 1 | result_type: points | result_WLT: l | start_order: 1
date: 2024-07-24t20:28:42+02:00 | stage_code: fblmteam11------------gpa-000200-- | event_code: fblmteam11 | event_name: men | event_stage: men's group a | stage: group a | gender: m | discipline_name: football | discipline_code: fbl | venue: nice stadium | participant_code: fblmteam11--nzl01 | participant_name: new zealand | participant_type: team | participant_country_code: nzl | participant_country: new zealand | result: 2 | result_type: points | result_WLT: w | start_order: 2
date: 2024-07-24t21:46:56+02:00 | stage_code: fblmteam11------------gpd-000200-- | event_code: fblmteam11 | event_name: men | event_stage: men's group d | stage: group d | gender: m | discipline_name: football | discipline_code: fbl | venue: bordeaux stadium | participant_code: fblmteam11--jpn01 | participant_name: japan | participant_type: team | participant_country_code: jpn | participant_country: japan | result: 5 | result_type: points | result_WLT: w | start_order: 1
date: 2024-07-24t21:46:56+02:00 | stage_code: fblmteam11------------gpd-000200-- | event_code: fblmteam11 | event_name: men | event_stage: men's group d | stage: group d | gender: m | discipline_name: football | discipline_code: fbl | venue: bordeaux stadium | participant_code: fblmteam11--par01 | participant_name: paraguay | participant_type: team | participant_country_code: par | participant_country: paraguay | result: 0 | result_type: points | result_WLT: l | start_order: 2
date: 2024-07-24t22:05:10+02:00 | stage_code: fblmteam11------------gpb-000200-- | event_code: fblmteam11 | event_name: men | event_stage: men's group b | stage: group b | gender: m | discipline_name: football | discipline_code: fbl | venue: lyon stadium | participant_code: fblmteam11--irq01 | participant_name: iraq | participant_type: team | participant_country_code: irq | participant_country: iraq | result: 2 | result_type: points | result_WLT: w | start_order: 1
date: 2024-07-24t22:05:10+02:00 | stage_code: fblmteam11------------gpb-000200-- | event_code: fblmteam11 | event_name: men | event_stage: men's group b | stage: group b | gender: m | discipline_name: football | discipline_code: fbl | venue: lyon stadium | participant_code: fblmteam11--ukr01 | participant_name: ukraine | participant_type: team | participant_country_code: ukr | participant_country: ukraine | result: 1 | result_type: points | result_WLT: l | start_order: 2
date: 2024-07-24t23:11:22+02:00 | stage_code: fblmteam11------------gpd-000100-- | event_code: fblmteam11 | event_name: men | event_stage: men's group d | stage: group d | gender: m | discipline_name: football | discipline_code: fbl | venue: parc des princes | participant_code: fblmteam11--mli01 | participant_name: mali | participant_type: team | participant_country_code: mli | participant_country: mali | result: 1 | result_type: points | result_WLT: t | start_order: 1
date: 2024-07-24t23:11:22+02:00 | stage_code: fblmteam11------------gpd-000100-- | event_code: fblmteam11 | event_name: men | event_stage: men's group d | stage: group d | gender: m | discipline_name: football | discipline_code: fbl | venue: parc des princes | participant_code: fblmteam11--isr01 | participant_name: israel | participant_type: team | participant_country_code: isr | participant_country: israel | result: 1 | result_type: points | result_WLT: t | start_order: 2
date: 2024-07-24t23:29:10+02:00 | stage_code: fblmteam11------------gpa-000100-- | event_code: fblmteam11 | event_name: men | event_stage: men's group a | stage: group a | gender: m | discipline_name: football | discipline_code: fbl | venue: marseille stadium | participant_code: fblmteam11--fra01 | participant_name: france | participant_type: team | participant_country_code: fra | participant_country: france | result: 3 | result_type: points | result_WLT: w | start_order: 1
date: 2024-07-24t23:29:10+02:00 | stage_code: fblmteam11------------gpa-000100-- | event_code: fblmteam11 | event_name: men | event_stage: men's group a | stage: group a | gender: m | discipline_name: football | discipline_code: fbl | venue: marseille stadium | participant_code: fblmteam11--usa01 | participant_name: united states of america | participant_type: team | participant_country_code: usa | participant_country: united states | result: 0 | result_type: points | result_WLT: l | start_order: 2
date: 2024-07-25t18:00:19+02:00 | stage_code: fblmteam11------------gpc-000200-- | event_code: fblmteam11 | event_name: men | event_stage: men's group c | stage: group c | gender: m | discipline_name: football | discipline_code: fbl | venue: la beaujoire stadium | participant_code: fblmteam11--egy01 | participant_name: egypt | participant_type: team | participant_country_code: egy | participant_country: egypt | result: 0 | result_type: points | result_WLT: t | start_order: 1
date: 2024-07-25t18:00:19+02:00 | stage_code: fblmteam11------------gpc-000200-- | event_code: fblmteam11 | event_name: men | event_stage: men's group c | stage: group c | gender: m | discipline_name: football | discipline_code: fbl | venue: la beaujoire stadium | participant_code: fblmteam11--dom01 | participant_name: dominican republic | participant_type: team | participant_country_code: dom | participant_country: dominican republic | result: 0 | result_type: points | result_WLT: t | start_order: 2
date: 2024-07-27t17:37:43+02:00 | stage_code: fblmteam11------------gpc-000400-- | event_code: fblmteam11 | event_name: men | event_stage: men's group c | stage: group c | gender: m | discipline_name: football | discipline_code: fbl | venue: bordeaux stadium | participant_code: fblmteam11--dom01 | participant_name: dominican republic | participant_type: team | participant_country_code: dom | participant_country: dominican republic | result: 1 | result_type: points | result_WLT: l | start_order: 1
date: 2024-07-27t17:37:43+02:00 | stage_code: fblmteam11------------gpc-000400-- | event_code: fblmteam11 | event_name: men | event_stage: men's group c | stage: group c | gender: m | discipline_name: football | discipline_code: fbl | venue: bordeaux stadium | participant_code: fblmteam11--esp01 | participant_name: spain | participant_type: team | participant_country_code: esp | participant_country: spain | result: 3 | result_type: points | result_WLT: w | start_order: 2
date: 2024-07-27t17:47:02+02:00 | stage_code: fblmteam11------------gpb-000300-- | event_code: fblmteam11 | event_name: men | event_stage: men's group b | stage: group b | gender: m | discipline_name: football | discipline_code: fbl | venue: lyon stadium | participant_code: fblmteam11--arg01 | participant_name: argentina | participant_type: team | participant_country_code: arg | participant_country: argentina | result: 3 | result_type: points | result_WLT: w | start_order: 1
date: 2024-07-27t17:47:02+02:00 | stage_code: fblmteam11------------gpb-000300-- | event_code: fblmteam11 | event_name: men | event_stage: men's group b | stage: group b | gender: m | discipline_name: football | discipline_code: fbl | venue: lyon stadium | participant_code: fblmteam11--irq01 | participant_name: iraq | participant_type: team | participant_country_code: irq | participant_country: iraq | result: 1 | result_type: points | result_WLT: l | start_order: 2
date: 2024-07-27t20:04:22+02:00 | stage_code: fblmteam11------------gpb-000400-- | event_code: fblmteam11 | event_name: men | event_stage: men's group b | stage: group b | gender: m | discipline_name: football | discipline_code: fbl | venue: geoffroy-guichard stadium | participant_code: fblmteam11--ukr01 | participant_name: ukraine | participant_type: team | participant_country_code: ukr | participant_country: ukraine | result: 2 | result_type: points | result_WLT: w | start_order: 1
date: 2024-07-27t20:04:22+02:00 | stage_code: fblmteam11------------gpb-000400-- | event_code: fblmteam11 | event_name: men | event_stage: men's group b | stage: group b | gender: m | discipline_name: football | discipline_code: fbl | venue: geoffroy-guichard stadium | participant_code: fblmteam11--mar01 | participant_name: morocco | participant_type: team | participant_country_code: mar | participant_country: morocco | result: 1 | result_type: points | result_WLT: l | start_order: 2
date: 2024-07-27t21:32:58+02:00 | stage_code: fblmteam11------------gpa-000400-- | event_code: fblmteam11 | event_name: men | event_stage: men's group a | stage: group a | gender: m | discipline_name: football | discipline_code: fbl | venue: marseille stadium | participant_code: fblmteam11--nzl01 | participant_name: new zealand | participant_type: team | participant_country_code: nzl | participant_country: new zealand | result: 1 | result_type: points | result_WLT: l | start_order: 1
date: 2024-07-27t21:32:58+02:00 | stage_code: fblmteam11------------gpa-000400-- | event_code: fblmteam11 | event_name: men | event_stage: men's group a | stage: group a | gender: m | discipline_name: football | discipline_code: fbl | venue: marseille stadium | participant_code: fblmteam11--usa01 | participant_name: united states of america | participant_type: team | participant_country_code: usa | participant_country: united states | result: 4 | result_type: points | result_WLT: w | start_order: 2
date: 2024-07-27t22:55:34+02:00 | stage_code: fblmteam11------------gpc-000300-- | event_code: fblmteam11 | event_name: men | event_stage: men's group c | stage: group c | gender: m | discipline_name: football | discipline_code: fbl | venue: la beaujoire stadium | participant_code: fblmteam11--uzb01 | participant_name: uzbekistan | participant_type: team | participant_country_code: uzb | participant_country: uzbekistan | result: 0 | result_type: points | result_WLT: l | start_order: 1
date: 2024-07-27t22:55:34+02:00 | stage_code: fblmteam11------------gpc-000300-- | event_code: fblmteam11 | event_name: men | event_stage: men's group c | stage: group c | gender: m | discipline_name: football | discipline_code: fbl | venue: la beaujoire stadium | participant_code: fblmteam11--egy01 | participant_name: egypt | participant_type: team | participant_country_code: egy | participant_country: egypt | result: 1 | result_type: points | result_WLT: w | start_order: 2
date: 2024-07-27t23:13:36+02:00 | stage_code: fblmteam11------------gpa-000300-- | event_code: fblmteam11 | event_name: men | event_stage: men's group a | stage: group a | gender: m | discipline_name: football | discipline_code: fbl | venue: nice stadium | participant_code: fblmteam11--fra01 | participant_name: france | participant_type: team | participant_country_code: fra | participant_country: france | result: 1 | result_type: points | result_WLT: w | start_order: 1
date: 2024-07-27t23:13:36+02:00 | stage_code: fblmteam11------------gpa-000300-- | event_code: fblmteam11 | event_name: men | event_stage: men's group a | stage: group a | gender: m | discipline_name: football | discipline_code: fbl | venue: nice stadium | participant_code: fblmteam11--gui01 | participant_name: guinea | participant_type: team | participant_country_code: gui | participant_country: guinea | result: 0 | result_type: points | result_WLT: l | start_order: 2
date: 2024-07-27t23:34:10+02:00 | stage_code: fblmteam11------------gpd-000400-- | event_code: fblmteam11 | event_name: men | event_stage: men's group d | stage: group d | gender: m | discipline_name: football | discipline_code: fbl | venue: bordeaux stadium | participant_code: fblmteam11--jpn01 | participant_name: japan | participant_type: team | participant_country_code: jpn | participant_country: japan | result: 1 | result_type: points | result_WLT: w | start_order: 1
date: 2024-07-27t23:34:10+02:00 | stage_code: fblmteam11------------gpd-000400-- | event_code: fblmteam11 | event_name: men | event_stage: men's group d | stage: group d | gender: m | discipline_name: football | discipline_code: fbl | venue: bordeaux stadium | participant_code: fblmteam11--mli01 | participant_name: mali | participant_type: team | participant_country_code: mli | participant_country: mali | result: 0 | result_type: points | result_WLT: l | start_order: 2
date: 2024-07-30t17:25:33+02:00 | stage_code: fblmteam11------------gpc-000500-- | event_code: fblmteam11 | event_name: men | event_stage: men's group c | stage: group c | gender: m | discipline_name: football | discipline_code: fbl | venue: parc des princes | participant_code: fblmteam11--dom01 | participant_name: dominican republic | participant_type: team | participant_country_code: dom | participant_country: dominican republic | result: 1 | result_type: points | result_WLT: t | start_order: 1
date: 2024-07-30t17:25:33+02:00 | stage_code: fblmteam11------------gpc-000500-- | event_code: fblmteam11 | event_name: men | event_stage: men's group c | stage: group c | gender: m | discipline_name: football | discipline_code: fbl | venue: parc des princes | participant_code: fblmteam11--uzb01 | participant_name: uzbekistan | participant_type: team | participant_country_code: uzb | participant_country: uzbekistan | result: 1 | result_type: points | result_WLT: t | start_order: 2
date: 2024-07-30t18:05:22+02:00 | stage_code: fblmteam11------------gpc-000600-- | event_code: fblmteam11 | event_name: men | event_stage: men's group c | stage: group c | gender: m | discipline_name: football | discipline_code: fbl | venue: bordeaux stadium | participant_code: fblmteam11--esp01 | participant_name: spain | participant_type: team | participant_country_code: esp | participant_country: spain | result: 1 | result_type: points | result_WLT: l | start_order: 1
date: 2024-07-30t18:05:22+02:00 | stage_code: fblmteam11------------gpc-000600-- | event_code: fblmteam11 | event_name: men | event_stage: men's group c | stage: group c | gender: m | discipline_name: football | discipline_code: fbl | venue: bordeaux stadium | participant_code: fblmteam11--egy01 | participant_name: egypt | participant_type: team | participant_country_code: egy | participant_country: egypt | result: 2 | result_type: points | result_WLT: w | start_order: 2
date: 2024-07-30t19:14:25+02:00 | stage_code: fblmteam11------------gpb-000600-- | event_code: fblmteam11 | event_name: men | event_stage: men's group b | stage: group b | gender: m | discipline_name: football | discipline_code: fbl | venue: nice stadium | participant_code: fblmteam11--mar01 | participant_name: morocco | participant_type: team | participant_country_code: mar | participant_country: morocco | result: 3 | result_type: points | result_WLT: w | start_order: 1
date: 2024-07-30t19:14:25+02:00 | stage_code: fblmteam11------------gpb-000600-- | event_code: fblmteam11 | event_name: men | event_stage: men's group b | stage: group b | gender: m | discipline_name: football | discipline_code: fbl | venue: nice stadium | participant_code: fblmteam11--irq01 | participant_name: iraq | participant_type: team | participant_country_code: irq | participant_country: iraq | result: 0 | result_type: points | result_WLT: l | start_order: 2
date: 2024-07-30t19:32:53+02:00 | stage_code: fblmteam11------------gpb-000500-- | event_code: fblmteam11 | event_name: men | event_stage: men's group b | stage: group b | gender: m | discipline_name: football | discipline_code: fbl | venue: lyon stadium | participant_code: fblmteam11--ukr01 | participant_name: ukraine | participant_type: team | participant_country_code: ukr | participant_country: ukraine | result: 0 | result_type: points | result_WLT: l | start_order: 1
date: 2024-07-30t19:32:53+02:00 | stage_code: fblmteam11------------gpb-000500-- | event_code: fblmteam11 | event_name: men | event_stage: men's group b | stage: group b | gender: m | discipline_name: football | discipline_code: fbl | venue: lyon stadium | participant_code: fblmteam11--arg01 | participant_name: argentina | participant_type: team | participant_country_code: arg | participant_country: argentina | result: 2 | result_type: points | result_WLT: w | start_order: 2
date: 2024-07-30t21:21:40+02:00 | stage_code: fblmteam11------------gpa-000600-- | event_code: fblmteam11 | event_name: men | event_stage: men's group a | stage: group a | gender: m | discipline_name: football | discipline_code: fbl | venue: geoffroy-guichard stadium | participant_code: fblmteam11--usa01 | participant_name: united states of america | participant_type: team | participant_country_code: usa | participant_country: united states | result: 3 | result_type: points | result_WLT: w | start_order: 1
date: 2024-07-30t21:21:40+02:00 | stage_code: fblmteam11------------gpa-000600-- | event_code: fblmteam11 | event_name: men | event_stage: men's group a | stage: group a | gender: m | discipline_name: football | discipline_code: fbl | venue: geoffroy-guichard stadium | participant_code: fblmteam11--gui01 | participant_name: guinea | participant_type: team | participant_country_code: gui | participant_country: guinea | result: 0 | result_type: points | result_WLT: l | start_order: 2
date: 2024-07-30t21:21:42+02:00 | stage_code: fblmteam11------------gpa-000500-- | event_code: fblmteam11 | event_name: men | event_stage: men's group a | stage: group a | gender: m | discipline_name: football | discipline_code: fbl | venue: marseille stadium | participant_code: fblmteam11--nzl01 | participant_name: new zealand | participant_type: team | participant_country_code: nzl | participant_country: new zealand | result: 0 | result_type: points | result_WLT: l | start_order: 1
date: 2024-07-30t21:21:42+02:00 | stage_code: fblmteam11------------gpa-000500-- | event_code: fblmteam11 | event_name: men | event_stage: men's group a | stage: group a | gender: m | discipline_name: football | discipline_code: fbl | venue: marseille stadium | participant_code: fblmteam11--fra01 | participant_name: france | participant_type: team | participant_country_code: fra | participant_country: france | result: 3 | result_type: points | result_WLT: w | start_order: 2
date: 2024-07-30t23:14:27+02:00 | stage_code: fblmteam11------------gpd-000600-- | event_code: fblmteam11 | event_name: men | event_stage: men's group d | stage: group d | gender: m | discipline_name: football | discipline_code: fbl | venue: parc des princes | participant_code: fblmteam11--par01 | participant_name: paraguay | participant_type: team | participant_country_code: par | participant_country: paraguay | result: 1 | result_type: points | result_WLT: w | start_order: 1
date: 2024-07-30t23:14:27+02:00 | stage_code: fblmteam11------------gpd-000600-- | event_code: fblmteam11 | event_name: men | event_stage: men's group d | stage: group d | gender: m | discipline_name: football | discipline_code: fbl | venue: parc des princes | participant_code: fblmteam11--mli01 | participant_name: mali | participant_type: team | participant_country_code: mli | participant_country: mali | result: 0 | result_type: points | result_WLT: l | start_order: 2
date: 2024-07-30t23:24:25+02:00 | stage_code: fblmteam11------------gpd-000500-- | event_code: fblmteam11 | event_name: men | event_stage: men's group d | stage: group d | gender: m | discipline_name: football | discipline_code: fbl | venue: la beaujoire stadium | participant_code: fblmteam11--isr01 | participant_name: israel | participant_type: team | participant_country_code: isr | participant_country: israel | result: 0 | result_type: points | result_WLT: l | start_order: 1
date: 2024-07-30t23:24:25+02:00 | stage_code: fblmteam11------------gpd-000500-- | event_code: fblmteam11 | event_name: men | event_stage: men's group d | stage: group d | gender: m | discipline_name: football | discipline_code: fbl | venue: la beaujoire stadium | participant_code: fblmteam11--jpn01 | participant_name: japan | participant_type: team | participant_country_code: jpn | participant_country: japan | result: 1 | result_type: points | result_WLT: w | start_order: 2
date: 2024-08-03t01:03:12+02:00 | stage_code: fblmteam11------------qfnl000100-- | event_code: fblmteam11 | event_name: men | event_stage: men's quarter-final | stage: quarter-final | gender: m | discipline_name: football | discipline_code: fbl | venue: bordeaux stadium | participant_code: fblmteam11--fra01 | participant_name: france | participant_type: team | participant_country_code: fra | participant_country: france | result: 1 | result_type: points | result_WLT: w | start_order: 1
date: 2024-08-03t01:03:12+02:00 | stage_code: fblmteam11------------qfnl000100-- | event_code: fblmteam11 | event_name: men | event_stage: men's quarter-final | stage: quarter-final | gender: m | discipline_name: football | discipline_code: fbl | venue: bordeaux stadium | participant_code: fblmteam11--arg01 | participant_name: argentina | participant_type: team | participant_country_code: arg | participant_country: argentina | result: 0 | result_type: points | result_WLT: l | start_order: 2
date: 2024-08-03t01:03:39+02:00 | stage_code: fblmteam11------------qfnl000200-- | event_code: fblmteam11 | event_name: men | event_stage: men's quarter-final | stage: quarter-final | gender: m | discipline_name: football | discipline_code: fbl | venue: marseille stadium | participant_code: fblmteam11--egy01 | participant_name: egypt | participant_type: team | participant_country_code: egy | participant_country: egypt | result: 1 | result_type: points | result_WLT: w | start_order: 1
date: 2024-08-03t01:03:39+02:00 | stage_code: fblmteam11------------qfnl000200-- | event_code: fblmteam11 | event_name: men | event_stage: men's quarter-final | stage: quarter-final | gender: m | discipline_name: football | discipline_code: fbl | venue: marseille stadium | participant_code: fblmteam11--par01 | participant_name: paraguay | participant_type: team | participant_country_code: par | participant_country: paraguay | result: 1 | result_type: points | result_WLT: l | start_order: 2
date: 2024-08-03t01:03:48+02:00 | stage_code: fblmteam11------------qfnl000400-- | event_code: fblmteam11 | event_name: men | event_stage: men's quarter-final | stage: quarter-final | gender: m | discipline_name: football | discipline_code: fbl | venue: lyon stadium | participant_code: fblmteam11--jpn01 | participant_name: japan | participant_type: team | participant_country_code: jpn | participant_country: japan | result: 0 | result_type: points | result_WLT: l | start_order: 1
date: 2024-08-03t01:03:48+02:00 | stage_code: fblmteam11------------qfnl000400-- | event_code: fblmteam11 | event_name: men | event_stage: men's quarter-final | stage: quarter-final | gender: m | discipline_name: football | discipline_code: fbl | venue: lyon stadium | participant_code: fblmteam11--esp01 | participant_name: spain | participant_type: team | participant_country_code: esp | participant_country: spain | result: 3 | result_type: points | result_WLT: w | start_order: 2
date: 2024-08-03t01:03:53+02:00 | stage_code: fblmteam11------------qfnl000300-- | event_code: fblmteam11 | event_name: men | event_stage: men's quarter-final | stage: quarter-final | gender: m | discipline_name: football | discipline_code: fbl | venue: parc des princes | participant_code: fblmteam11--mar01 | participant_name: morocco | participant_type: team | participant_country_code: mar | participant_country: morocco | result: 4 | result_type: points | result_WLT: w | start_order: 1
date: 2024-08-03t01:03:53+02:00 | stage_code: fblmteam11------------qfnl000300-- | event_code: fblmteam11 | event_name: men | event_stage: men's quarter-final | stage: quarter-final | gender: m | discipline_name: football | discipline_code: fbl | venue: parc des princes | participant_code: fblmteam11--usa01 | participant_name: united states of america | participant_type: team | participant_country_code: usa | participant_country: united states | result: 0 | result_type: points | result_WLT: l | start_order: 2
date: 2024-08-03t01:41:26+02:00 | stage_code: fblmteam11------------gpd-000300-- | event_code: fblmteam11 | event_name: men | event_stage: men's group d | stage: group d | gender: m | discipline_name: football | discipline_code: fbl | venue: parc des princes | participant_code: fblmteam11--isr01 | participant_name: israel | participant_type: team | participant_country_code: isr | participant_country: israel | result: 2 | result_type: points | result_WLT: l | start_order: 1
date: 2024-08-03t01:41:26+02:00 | stage_code: fblmteam11------------gpd-000300-- | event_code: fblmteam11 | event_name: men | event_stage: men's group d | stage: group d | gender: m | discipline_name: football | discipline_code: fbl | venue: parc des princes | participant_code: fblmteam11--par01 | participant_name: paraguay | participant_type: team | participant_country_code: par | participant_country: paraguay | result: 4 | result_type: points | result_WLT: w | start_order: 2
date: 2024-08-05t20:46:15+02:00 | stage_code: fblmteam11------------sfnl000200-- | event_code: fblmteam11 | event_name: men | event_stage: men's semi-final | stage: semi-final | gender: m | discipline_name: football | discipline_code: fbl | venue: marseille stadium | participant_code: fblmteam11--mar01 | participant_name: morocco | participant_type: team | participant_country_code: mar | participant_country: morocco | result: 1 | result_type: points | result_WLT: l | start_order: 1
date: 2024-08-05t20:46:15+02:00 | stage_code: fblmteam11------------sfnl000200-- | event_code: fblmteam11 | event_name: men | event_stage: men's semi-final | stage: semi-final | gender: m | discipline_name: football | discipline_code: fbl | venue: marseille stadium | participant_code: fblmteam11--esp01 | participant_name: spain | participant_type: team | participant_country_code: esp | participant_country: spain | result: 2 | result_type: points | result_WLT: w | start_order: 2
date: 2024-08-06t00:12:29+02:00 | stage_code: fblmteam11------------sfnl000100-- | event_code: fblmteam11 | event_name: men | event_stage: men's semi-final | stage: semi-final | gender: m | discipline_name: football | discipline_code: fbl | venue: lyon stadium | participant_code: fblmteam11--fra01 | participant_name: france | participant_type: team | participant_country_code: fra | participant_country: france | result: 3 | result_type: points | result_WLT: w | start_order: 1
date: 2024-08-06t00:12:29+02:00 | stage_code: fblmteam11------------sfnl000100-- | event_code: fblmteam11 | event_name: men | event_stage: men's semi-final | stage: semi-final | gender: m | discipline_name: football | discipline_code: fbl | venue: lyon stadium | participant_code: fblmteam11--egy01 | participant_name: egypt | participant_type: team | participant_country_code: egy | participant_country: egypt | result: 1 | result_type: points | result_WLT: l | start_order: 2
date: 2024-08-08t19:26:22+02:00 | stage_code: fblmteam11------------fnl-000200-- | event_code: fblmteam11 | event_name: men | event_stage: men's bronze medal match | stage: bronze medal match | gender: m | discipline_name: football | discipline_code: fbl | venue: la beaujoire stadium | participant_code: fblmteam11--egy01 | participant_name: egypt | participant_type: team | participant_country_code: egy | participant_country: egypt | result: 0 | result_type: points | result_WLT: l | start_order: 1
date: 2024-08-08t19:26:22+02:00 | stage_code: fblmteam11------------fnl-000200-- | event_code: fblmteam11 | event_name: men | event_stage: men's bronze medal match | stage: bronze medal match | gender: m | discipline_name: football | discipline_code: fbl | venue: la beaujoire stadium | participant_code: fblmteam11--mar01 | participant_name: morocco | participant_type: team | participant_country_code: mar | participant_country: morocco | result: 6 | result_type: points | result_WLT: w | start_order: 2
date: 2024-08-09t20:58:54+02:00 | stage_code: fblmteam11------------fnl-000100-- | event_code: fblmteam11 | event_name: men | event_stage: men's gold medal match | stage: gold medal match | gender: m | discipline_name: football | discipline_code: fbl | venue: parc des princes | participant_code: fblmteam11--fra01 | participant_name: france | participant_type: team | participant_country_code: fra | participant_country: france | result: 3 | result_type: points | result_WLT: l | start_order: 1
date: 2024-08-09t20:58:54+02:00 | stage_code: fblmteam11------------fnl-000100-- | event_code: fblmteam11 | event_name: men | event_stage: men's gold medal match | stage: gold medal match | gender: m | discipline_name: football | discipline_code: fbl | venue: parc des princes | participant_code: fblmteam11--esp01 | participant_name: spain | participant_type: team | participant_country_code: esp | participant_country: spain | result: 5 | result_type: points | result_WLT: w | start_order: 2
date: 2024-07-25t19:15:01+02:00 | stage_code: fblwteam11------------gpa-000200-- | event_code: fblwteam11 | event_name: women | event_stage: women's group a | stage: group a | gender: w | discipline_name: football | discipline_code: fbl | venue: geoffroy-guichard stadium | participant_code: fblwteam11--can01 | participant_name: canada | participant_type: team | participant_country_code: can | participant_country: canada | result: 2 | result_type: points | result_WLT: w | start_order: 1
date: 2024-07-25t19:15:01+02:00 | stage_code: fblwteam11------------gpa-000200-- | event_code: fblwteam11 | event_name: women | event_stage: women's group a | stage: group a | gender: w | discipline_name: football | discipline_code: fbl | venue: geoffroy-guichard stadium | participant_code: fblwteam11--nzl01 | participant_name: new zealand | participant_type: team | participant_country_code: nzl | participant_country: new zealand | result: 1 | result_type: points | result_WLT: l | start_order: 2
date: 2024-07-25t21:20:12+02:00 | stage_code: fblwteam11------------gpc-000100-- | event_code: fblwteam11 | event_name: women | event_stage: women's group c | stage: group c | gender: w | discipline_name: football | discipline_code: fbl | venue: la beaujoire stadium | participant_code: fblwteam11--esp01 | participant_name: spain | participant_type: team | participant_country_code: esp | participant_country: spain | result: 2 | result_type: points | result_WLT: w | start_order: 1
date: 2024-07-25t21:20:12+02:00 | stage_code: fblwteam11------------gpc-000100-- | event_code: fblwteam11 | event_name: women | event_stage: women's group c | stage: group c | gender: w | discipline_name: football | discipline_code: fbl | venue: la beaujoire stadium | participant_code: fblwteam11--jpn01 | participant_name: japan | participant_type: team | participant_country_code: jpn | participant_country: japan | result: 1 | result_type: points | result_WLT: l | start_order: 2
date: 2024-07-25t21:20:14+02:00 | stage_code: fblwteam11------------gpc-000200-- | event_code: fblwteam11 | event_name: women | event_stage: women's group c | stage: group c | gender: w | discipline_name: football | discipline_code: fbl | venue: bordeaux stadium | participant_code: fblwteam11--ngr01 | participant_name: nigeria | participant_type: team | participant_country_code: ngr | participant_country: nigeria | result: 0 | result_type: points | result_WLT: l | start_order: 1
date: 2024-07-25t21:20:14+02:00 | stage_code: fblwteam11------------gpc-000200-- | event_code: fblwteam11 | event_name: women | event_stage: women's group c | stage: group c | gender: w | discipline_name: football | discipline_code: fbl | venue: bordeaux stadium | participant_code: fblwteam11--bra01 | participant_name: brazil | participant_type: team | participant_country_code: bra | participant_country: brazil | result: 1 | result_type: points | result_WLT: w | start_order: 2
date: 2024-07-25t22:17:14+02:00 | stage_code: fblwteam11------------gpb-000200-- | event_code: fblwteam11 | event_name: women | event_stage: women's group b | stage: group b | gender: w | discipline_name: football | discipline_code: fbl | venue: marseille stadium | participant_code: fblwteam11--ger01 | participant_name: germany | participant_type: team | participant_country_code: ger | participant_country: germany | result: 3 | result_type: points | result_WLT: w | start_order: 1
date: 2024-07-25t22:17:14+02:00 | stage_code: fblwteam11------------gpb-000200-- | event_code: fblwteam11 | event_name: women | event_stage: women's group b | stage: group b | gender: w | discipline_name: football | discipline_code: fbl | venue: marseille stadium | participant_code: fblwteam11--aus01 | participant_name: australia | participant_type: team | participant_country_code: aus | participant_country: australia | result: 0 | result_type: points | result_WLT: l | start_order: 2
date: 2024-07-25t23:01:49+02:00 | stage_code: fblwteam11------------gpb-000100-- | event_code: fblwteam11 | event_name: women | event_stage: women's group b | stage: group b | gender: w | discipline_name: football | discipline_code: fbl | venue: nice stadium | participant_code: fblwteam11--usa01 | participant_name: united states of america | participant_type: team | participant_country_code: usa | participant_country: united states | result: 3 | result_type: points | result_WLT: w | start_order: 1
date: 2024-07-25t23:01:49+02:00 | stage_code: fblwteam11------------gpb-000100-- | event_code: fblwteam11 | event_name: women | event_stage: women's group b | stage: group b | gender: w | discipline_name: football | discipline_code: fbl | venue: nice stadium | participant_code: fblwteam11--zam01 | participant_name: zambia | participant_type: team | participant_country_code: zam | participant_country: zambia | result: 0 | result_type: points | result_WLT: l | start_order: 2
date: 2024-07-25t23:50:14+02:00 | stage_code: fblwteam11------------gpa-000100-- | event_code: fblwteam11 | event_name: women | event_stage: women's group a | stage: group a | gender: w | discipline_name: football | discipline_code: fbl | venue: lyon stadium | participant_code: fblwteam11--fra01 | participant_name: france | participant_type: team | participant_country_code: fra | participant_country: france | result: 3 | result_type: points | result_WLT: w | start_order: 1
date: 2024-07-25t23:50:14+02:00 | stage_code: fblwteam11------------gpa-000100-- | event_code: fblwteam11 | event_name: women | event_stage: women's group a | stage: group a | gender: w | discipline_name: football | discipline_code: fbl | venue: lyon stadium | participant_code: fblwteam11--col01 | participant_name: colombia | participant_type: team | participant_country_code: col | participant_country: colombia | result: 2 | result_type: points | result_WLT: l | start_order: 2
date: 2024-07-28t19:09:17+02:00 | stage_code: fblwteam11------------gpc-000400-- | event_code: fblwteam11 | event_name: women | event_stage: women's group c | stage: group c | gender: w | discipline_name: football | discipline_code: fbl | venue: parc des princes | participant_code: fblwteam11--bra01 | participant_name: brazil | participant_type: team | participant_country_code: bra | participant_country: brazil | result: 1 | result_type: points | result_WLT: l | start_order: 1
date: 2024-07-28t19:09:17+02:00 | stage_code: fblwteam11------------gpc-000400-- | event_code: fblwteam11 | event_name: women | event_stage: women's group c | stage: group c | gender: w | discipline_name: football | discipline_code: fbl | venue: parc des princes | participant_code: fblwteam11--jpn01 | participant_name: japan | participant_type: team | participant_country_code: jpn | participant_country: japan | result: 2 | result_type: points | result_WLT: w | start_order: 2
date: 2024-07-28t19:44:01+02:00 | stage_code: fblwteam11------------gpa-000400-- | event_code: fblwteam11 | event_name: women | event_stage: women's group a | stage: group a | gender: w | discipline_name: football | discipline_code: fbl | venue: lyon stadium | participant_code: fblwteam11--nzl01 | participant_name: new zealand | participant_type: team | participant_country_code: nzl | participant_country: new zealand | result: 0 | result_type: points | result_WLT: l | start_order: 1
date: 2024-07-28t19:44:01+02:00 | stage_code: fblwteam11------------gpa-000400-- | event_code: fblwteam11 | event_name: women | event_stage: women's group a | stage: group a | gender: w | discipline_name: football | discipline_code: fbl | venue: lyon stadium | participant_code: fblwteam11--col01 | participant_name: colombia | participant_type: team | participant_country_code: col | participant_country: colombia | result: 2 | result_type: points | result_WLT: w | start_order: 2
date: 2024-07-28t21:09:04+02:00 | stage_code: fblwteam11------------gpb-000400-- | event_code: fblwteam11 | event_name: women | event_stage: women's group b | stage: group b | gender: w | discipline_name: football | discipline_code: fbl | venue: nice stadium | participant_code: fblwteam11--aus01 | participant_name: australia | participant_type: team | participant_country_code: aus | participant_country: australia | result: 6 | result_type: points | result_WLT: w | start_order: 1
date: 2024-07-28t21:09:04+02:00 | stage_code: fblwteam11------------gpb-000400-- | event_code: fblwteam11 | event_name: women | event_stage: women's group b | stage: group b | gender: w | discipline_name: football | discipline_code: fbl | venue: nice stadium | participant_code: fblwteam11--zam01 | participant_name: zambia | participant_type: team | participant_country_code: zam | participant_country: zambia | result: 5 | result_type: points | result_WLT: l | start_order: 2
date: 2024-07-28t21:29:14+02:00 | stage_code: fblwteam11------------gpc-000300-- | event_code: fblwteam11 | event_name: women | event_stage: women's group c | stage: group c | gender: w | discipline_name: football | discipline_code: fbl | venue: la beaujoire stadium | participant_code: fblwteam11--esp01 | participant_name: spain | participant_type: team | participant_country_code: esp | participant_country: spain | result: 1 | result_type: points | result_WLT: w | start_order: 1
date: 2024-07-28t21:29:14+02:00 | stage_code: fblwteam11------------gpc-000300-- | event_code: fblwteam11 | event_name: women | event_stage: women's group c | stage: group c | gender: w | discipline_name: football | discipline_code: fbl | venue: la beaujoire stadium | participant_code: fblwteam11--ngr01 | participant_name: nigeria | participant_type: team | participant_country_code: ngr | participant_country: nigeria | result: 0 | result_type: points | result_WLT: l | start_order: 2
date: 2024-07-28t23:28:52+02:00 | stage_code: fblwteam11------------gpb-000300-- | event_code: fblwteam11 | event_name: women | event_stage: women's group b | stage: group b | gender: w | discipline_name: football | discipline_code: fbl | venue: marseille stadium | participant_code: fblwteam11--usa01 | participant_name: united states of america | participant_type: team | participant_country_code: usa | participant_country: united states | result: 4 | result_type: points | result_WLT: w | start_order: 1
date: 2024-07-28t23:28:52+02:00 | stage_code: fblwteam11------------gpb-000300-- | event_code: fblwteam11 | event_name: women | event_stage: women's group b | stage: group b | gender: w | discipline_name: football | discipline_code: fbl | venue: marseille stadium | participant_code: fblwteam11--ger01 | participant_name: germany | participant_type: team | participant_country_code: ger | participant_country: germany | result: 1 | result_type: points | result_WLT: l | start_order: 2
date: 2024-07-28t23:51:01+02:00 | stage_code: fblwteam11------------gpa-000300-- | event_code: fblwteam11 | event_name: women | event_stage: women's group a | stage: group a | gender: w | discipline_name: football | discipline_code: fbl | venue: geoffroy-guichard stadium | participant_code: fblwteam11--fra01 | participant_name: france | participant_type: team | participant_country_code: fra | participant_country: france | result: 1 | result_type: points | result_WLT: l | start_order: 1
date: 2024-07-28t23:51:01+02:00 | stage_code: fblwteam11------------gpa-000300-- | event_code: fblwteam11 | event_name: women | event_stage: women's group a | stage: group a | gender: w | discipline_name: football | discipline_code: fbl | venue: geoffroy-guichard stadium | participant_code: fblwteam11--can01 | participant_name: canada | participant_type: team | participant_country_code: can | participant_country: canada | result: 2 | result_type: points | result_WLT: w | start_order: 2
date: 2024-07-31t19:20:07+02:00 | stage_code: fblwteam11------------gpc-000600-- | event_code: fblwteam11 | event_name: women | event_stage: women's group c | stage: group c | gender: w | discipline_name: football | discipline_code: fbl | venue: la beaujoire stadium | participant_code: fblwteam11--jpn01 | participant_name: japan | participant_type: team | participant_country_code: jpn | participant_country: japan | result: 3 | result_type: points | result_WLT: w | start_order: 1
date: 2024-07-31t19:20:07+02:00 | stage_code: fblwteam11------------gpc-000600-- | event_code: fblwteam11 | event_name: women | event_stage: women's group c | stage: group c | gender: w | discipline_name: football | discipline_code: fbl | venue: la beaujoire stadium | participant_code: fblwteam11--ngr01 | participant_name: nigeria | participant_type: team | participant_country_code: ngr | participant_country: nigeria | result: 1 | result_type: points | result_WLT: l | start_order: 2
date: 2024-07-31t19:36:51+02:00 | stage_code: fblwteam11------------gpc-000500-- | event_code: fblwteam11 | event_name: women | event_stage: women's group c | stage: group c | gender: w | discipline_name: football | discipline_code: fbl | venue: bordeaux stadium | participant_code: fblwteam11--bra01 | participant_name: brazil | participant_type: team | participant_country_code: bra | participant_country: brazil | result: 0 | result_type: points | result_WLT: l | start_order: 1
date: 2024-07-31t19:36:51+02:00 | stage_code: fblwteam11------------gpc-000500-- | event_code: fblwteam11 | event_name: women | event_stage: women's group c | stage: group c | gender: w | discipline_name: football | discipline_code: fbl | venue: bordeaux stadium | participant_code: fblwteam11--esp01 | participant_name: spain | participant_type: team | participant_country_code: esp | participant_country: spain | result: 2 | result_type: points | result_WLT: w | start_order: 2
date: 2024-07-31t21:16:46+02:00 | stage_code: fblwteam11------------gpb-000600-- | event_code: fblwteam11 | event_name: women | event_stage: women's group b | stage: group b | gender: w | discipline_name: football | discipline_code: fbl | venue: geoffroy-guichard stadium | participant_code: fblwteam11--zam01 | participant_name: zambia | participant_type: team | participant_country_code: zam | participant_country: zambia | result: 1 | result_type: points | result_WLT: l | start_order: 1
date: 2024-07-31t21:16:46+02:00 | stage_code: fblwteam11------------gpb-000600-- | event_code: fblwteam11 | event_name: women | event_stage: women's group b | stage: group b | gender: w | discipline_name: football | discipline_code: fbl | venue: geoffroy-guichard stadium | participant_code: fblwteam11--ger01 | participant_name: germany | participant_type: team | participant_country_code: ger | participant_country: germany | result: 4 | result_type: points | result_WLT: w | start_order: 2
date: 2024-07-31t21:38:18+02:00 | stage_code: fblwteam11------------gpb-000500-- | event_code: fblwteam11 | event_name: women | event_stage: women's group b | stage: group b | gender: w | discipline_name: football | discipline_code: fbl | venue: marseille stadium | participant_code: fblwteam11--aus01 | participant_name: australia | participant_type: team | participant_country_code: aus | participant_country: australia | result: 1 | result_type: points | result_WLT: l | start_order: 1
date: 2024-07-31t21:38:18+02:00 | stage_code: fblwteam11------------gpb-000500-- | event_code: fblwteam11 | event_name: women | event_stage: women's group b | stage: group b | gender: w | discipline_name: football | discipline_code: fbl | venue: marseille stadium | participant_code: fblwteam11--usa01 | participant_name: united states of america | participant_type: team | participant_country_code: usa | participant_country: united states | result: 2 | result_type: points | result_WLT: w | start_order: 2
date: 2024-07-31t23:07:18+02:00 | stage_code: fblwteam11------------gpa-000600-- | event_code: fblwteam11 | event_name: women | event_stage: women's group a | stage: group a | gender: w | discipline_name: football | discipline_code: fbl | venue: nice stadium | participant_code: fblwteam11--col01 | participant_name: colombia | participant_type: team | participant_country_code: col | participant_country: colombia | result: 0 | result_type: points | result_WLT: l | start_order: 1
date: 2024-07-31t23:07:18+02:00 | stage_code: fblwteam11------------gpa-000600-- | event_code: fblwteam11 | event_name: women | event_stage: women's group a | stage: group a | gender: w | discipline_name: football | discipline_code: fbl | venue: nice stadium | participant_code: fblwteam11--can01 | participant_name: canada | participant_type: team | participant_country_code: can | participant_country: canada | result: 1 | result_type: points | result_WLT: w | start_order: 2
date: 2024-07-31t23:10:50+02:00 | stage_code: fblwteam11------------gpa-000500-- | event_code: fblwteam11 | event_name: women | event_stage: women's group a | stage: group a | gender: w | discipline_name: football | discipline_code: fbl | venue: lyon stadium | participant_code: fblwteam11--nzl01 | participant_name: new zealand | participant_type: team | participant_country_code: nzl | participant_country: new zealand | result: 1 | result_type: points | result_WLT: l | start_order: 1
date: 2024-07-31t23:10:50+02:00 | stage_code: fblwteam11------------gpa-000500-- | event_code: fblwteam11 | event_name: women | event_stage: women's group a | stage: group a | gender: w | discipline_name: football | discipline_code: fbl | venue: lyon stadium | participant_code: fblwteam11--fra01 | participant_name: france | participant_type: team | participant_country_code: fra | participant_country: france | result: 2 | result_type: points | result_WLT: w | start_order: 2
date: 2024-08-03t17:53:04+02:00 | stage_code: fblwteam11------------qfnl000300-- | event_code: fblwteam11 | event_name: women | event_stage: women's quarter-final | stage: quarter-final | gender: w | discipline_name: football | discipline_code: fbl | venue: parc des princes | participant_code: fblwteam11--usa01 | participant_name: united states of america | participant_type: team | participant_country_code: usa | participant_country: united states | result: 1 | result_type: points | result_WLT:  | start_order: 1
date: 2024-08-03t17:53:04+02:00 | stage_code: fblwteam11------------qfnl000300-- | event_code: fblwteam11 | event_name: women | event_stage: women's quarter-final | stage: quarter-final | gender: w | discipline_name: football | discipline_code: fbl | venue: parc des princes | participant_code: fblwteam11--jpn01 | participant_name: japan | participant_type: team | participant_country_code: jpn | participant_country: japan | result: 0 | result_type: points | result_WLT:  | start_order: 2
date: 2024-08-03t20:25:45+02:00 | stage_code: fblwteam11------------qfnl000200-- | event_code: fblwteam11 | event_name: women | event_stage: women's quarter-final | stage: quarter-final | gender: w | discipline_name: football | discipline_code: fbl | venue: lyon stadium | participant_code: fblwteam11--esp01 | participant_name: spain | participant_type: team | participant_country_code: esp | participant_country: spain | result: 2 | result_type: points | result_WLT: w | start_order: 1
date: 2024-08-03t20:25:45+02:00 | stage_code: fblwteam11------------qfnl000200-- | event_code: fblwteam11 | event_name: women | event_stage: women's quarter-final | stage: quarter-final | gender: w | discipline_name: football | discipline_code: fbl | venue: lyon stadium | participant_code: fblwteam11--col01 | participant_name: colombia | participant_type: team | participant_country_code: col | participant_country: colombia | result: 2 | result_type: points | result_WLT: l | start_order: 2
date: 2024-08-03t22:10:20+02:00 | stage_code: fblwteam11------------qfnl000400-- | event_code: fblwteam11 | event_name: women | event_stage: women's quarter-final | stage: quarter-final | gender: w | discipline_name: football | discipline_code: fbl | venue: marseille stadium | participant_code: fblwteam11--can01 | participant_name: canada | participant_type: team | participant_country_code: can | participant_country: canada | result: 0 | result_type: points | result_WLT: l | start_order: 1
date: 2024-08-03t22:10:20+02:00 | stage_code: fblwteam11------------qfnl000400-- | event_code: fblwteam11 | event_name: women | event_stage: women's quarter-final | stage: quarter-final | gender: w | discipline_name: football | discipline_code: fbl | venue: marseille stadium | participant_code: fblwteam11--ger01 | participant_name: germany | participant_type: team | participant_country_code: ger | participant_country: germany | result: 0 | result_type: points | result_WLT: w | start_order: 2
date: 2024-08-03t23:41:46+02:00 | stage_code: fblwteam11------------qfnl000100-- | event_code: fblwteam11 | event_name: women | event_stage: women's quarter-final | stage: quarter-final | gender: w | discipline_name: football | discipline_code: fbl | venue: la beaujoire stadium | participant_code: fblwteam11--fra01 | participant_name: france | participant_type: team | participant_country_code: fra | participant_country: france | result: 0 | result_type: points | result_WLT: l | start_order: 1
date: 2024-08-03t23:41:46+02:00 | stage_code: fblwteam11------------qfnl000100-- | event_code: fblwteam11 | event_name: women | event_stage: women's quarter-final | stage: quarter-final | gender: w | discipline_name: football | discipline_code: fbl | venue: la beaujoire stadium | participant_code: fblwteam11--bra01 | participant_name: brazil | participant_type: team | participant_country_code: bra | participant_country: brazil | result: 1 | result_type: points | result_WLT: w | start_order: 2
date: 2024-08-06t20:44:05+02:00 | stage_code: fblwteam11------------sfnl000200-- | event_code: fblwteam11 | event_name: women | event_stage: women's semi-final | stage: semi-final | gender: w | discipline_name: football | discipline_code: fbl | venue: lyon stadium | participant_code: fblwteam11--usa01 | participant_name: united states of america | participant_type: team | participant_country_code: usa | participant_country: united states | result: 1 | result_type: points | result_WLT: w | start_order: 1
date: 2024-08-06t20:44:05+02:00 | stage_code: fblwteam11------------sfnl000200-- | event_code: fblwteam11 | event_name: women | event_stage: women's semi-final | stage: semi-final | gender: w | discipline_name: football | discipline_code: fbl | venue: lyon stadium | participant_code: fblwteam11--ger01 | participant_name: germany | participant_type: team | participant_country_code: ger | participant_country: germany | result: 0 | result_type: points | result_WLT: l | start_order: 2
date: 2024-08-06t23:29:21+02:00 | stage_code: fblwteam11------------sfnl000100-- | event_code: fblwteam11 | event_name: women | event_stage: women's semi-final | stage: semi-final | gender: w | discipline_name: football | discipline_code: fbl | venue: marseille stadium | participant_code: fblwteam11--bra01 | participant_name: brazil | participant_type: team | participant_country_code: bra | participant_country: brazil | result: 4 | result_type: points | result_WLT: w | start_order: 1
date: 2024-08-06t23:29:21+02:00 | stage_code: fblwteam11------------sfnl000100-- | event_code: fblwteam11 | event_name: women | event_stage: women's semi-final | stage: semi-final | gender: w | discipline_name: football | discipline_code: fbl | venue: marseille stadium | participant_code: fblwteam11--esp01 | participant_name: spain | participant_type: team | participant_country_code: esp | participant_country: spain | result: 2 | result_type: points | result_WLT: l | start_order: 2
date: 2024-08-09t17:25:33+02:00 | stage_code: fblwteam11------------fnl-000200-- | event_code: fblwteam11 | event_name: women | event_stage: women's bronze medal match | stage: bronze medal match | gender: w | discipline_name: football | discipline_code: fbl | venue: lyon stadium | participant_code: fblwteam11--esp01 | participant_name: spain | participant_type: team | participant_country_code: esp | participant_country: spain | result: 0 | result_type: points | result_WLT: l | start_order: 1
date: 2024-08-09t17:25:33+02:00 | stage_code: fblwteam11------------fnl-000200-- | event_code: fblwteam11 | event_name: women | event_stage: women's bronze medal match | stage: bronze medal match | gender: w | discipline_name: football | discipline_code: fbl | venue: lyon stadium | participant_code: fblwteam11--ger01 | participant_name: germany | participant_type: team | participant_country_code: ger | participant_country: germany | result: 1 | result_type: points | result_WLT: w | start_order: 2
date: 2024-08-10t19:10:18+02:00 | stage_code: fblwteam11------------fnl-000100-- | event_code: fblwteam11 | event_name: women | event_stage: women's gold medal match | stage: gold medal match | gender: w | discipline_name: football | discipline_code: fbl | venue: parc des princes | participant_code: fblwteam11--bra01 | participant_name: brazil | participant_type: team | participant_country_code: bra | participant_country: brazil | result: 0 | result_type: points | result_WLT: l | start_order: 1
date: 2024-08-10t19:10:18+02:00 | stage_code: fblwteam11------------fnl-000100-- | event_code: fblwteam11 | event_name: women | event_stage: women's gold medal match | stage: gold medal match | gender: w | discipline_name: football | discipline_code: fbl | venue: parc des princes | participant_code: fblwteam11--usa01 | participant_name: united states of america | participant_type: team | participant_country_code: usa | participant_country: united states | result: 1 | result_type: points | result_WLT: w | start_order: 2
