text
date: 2024-07-27t12:30:42+02:00 | stage_code: hblmteam7-------------gpb-000100-- | event_code: hblmteam7 | event_name: men | event_stage: men's preliminary round group b | stage: preliminary round group b | gender: m | discipline_name: handball | discipline_code: hbl | venue: south paris arena 6 | participant_code: hblmteam7---hun01 | participant_name: hungary | participant_type: team | participant_country_code: hun | participant_country: hungary | result: 32 | result_type: points | result_WLT: l | start_order: 1
date: 2024-07-27t12:30:42+02:00 | stage_code: hblmteam7-------------gpb-000100-- | event_code: hblmteam7 | event_name: men | event_stage: men's preliminary round group b | stage: preliminary round group b | gender: m | discipline_name: handball | discipline_code: hbl | venue: south paris arena 6 | participant_code: hblmteam7---egy01 | participant_name: egypt | participant_type: team | participant_country_code: egy | participant_country: egypt | result: 35 | result_type: points | result_WLT: w | start_order: 2
date: 2024-07-27t15:35:10+02:00 | stage_code: hblmteam7-------------gpa-000200-- | event_code: hblmteam7 | event_name: men | event_stage: men's preliminary round group a | stage: preliminary round group a | gender: m | discipline_name: handball | discipline_code: hbl | venue: south paris arena 6 | participant_code: hblmteam7---cro01 | participant_name: croatia | participant_type: team | participant_country_code: cro | participant_country: croatia | result: 30 | result_type: points | result_WLT: w | start_order: 1
date: 2024-07-27t15:35:10+02:00 | stage_code: hblmteam7-------------gpa-000200-- | event_code: hblmteam7 | event_name: men | event_stage: men's preliminary round group a | stage: preliminary round group a | gender: m | discipline_name: handball | discipline_code: hbl | venue: south paris arena 6 | participant_code: hblmteam7---jpn01 | participant_name: japan | participant_type: team | participant_country_code: jpn | participant_country: japan | result: 29 | result_type: points | result_WLT: l | start_order: 2
date: 2024-07-27t17:47:30+02:00 | stage_code: hblmteam7-------------gpb-000200-- | event_code: hblmteam7 | event_name: men | event_stage: men's preliminary round group b | stage: preliminary round group b | gender: m | discipline_name: handball | discipline_code: hbl | venue: south paris arena 6 | participant_code: hblmteam7---nor01 | participant_name: norway | participant_type: team | participant_country_code: nor | participant_country: norway | result: 36 | result_type: points | result_WLT: w | start_order: 1
date: 2024-07-27t17:47:30+02:00 | stage_code: hblmteam7-------------gpb-000200-- | event_code: hblmteam7 | event_name: men | event_stage: men's preliminary round group b | stage: preliminary round group b | gender: m | discipline_name: handball | discipline_code: hbl | venue: south paris arena 6 | participant_code: hblmteam7---arg01 | participant_name: argentina | participant_type: team | participant_country_code: arg | participant_country: argentina | result: 31 | result_type: points | result_WLT: l | start_order: 2
date: 2024-07-27t18:01:16+02:00 | stage_code: hblmteam7-------------gpa-000100-- | event_code: hblmteam7 | event_name: men | event_stage: men's preliminary round group a | stage: preliminary round group a | gender: m | discipline_name: handball | discipline_code: hbl | venue: south paris arena 6 | participant_code: hblmteam7---esp01 | participant_name: spain | participant_type: team | participant_country_code: esp | participant_country: spain | result: 25 | result_type: points | result_WLT: w | start_order: 1
date: 2024-07-27t18:01:16+02:00 | stage_code: hblmteam7-------------gpa-000100-- | event_code: hblmteam7 | event_name: men | event_stage: men's preliminary round group a | stage: preliminary round group a | gender: m | discipline_name: handball | discipline_code: hbl | venue: south paris arena 6 | participant_code: hblmteam7---slo01 | participant_name: slovenia | participant_type: team | participant_country_code: slo | participant_country: slovenia | result: 22 | result_type: points | result_WLT: l | start_order: 2
date: 2024-07-27t20:42:11+02:00 | stage_code: hblmteam7-------------gpa-000300-- | event_code: hblmteam7 | event_name: men | event_stage: men's preliminary round group a | stage: preliminary round group a | gender: m | discipline_name: handball | discipline_code: hbl | venue: south paris arena 6 | participant_code: hblmteam7---ger01 | participant_name: germany | participant_type: team | participant_country_code: ger | participant_country: germany | result: 30 | result_type: points | result_WLT: w | start_order: 1
date: 2024-07-27t20:42:11+02:00 | stage_code: hblmteam7-------------gpa-000300-- | event_code: hblmteam7 | event_name: men | event_stage: men's preliminary round group a | stage: preliminary round group a | gender: m | discipline_name: handball | discipline_code: hbl | venue: south paris arena 6 | participant_code: hblmteam7---swe01 | participant_name: sweden | participant_type: team | participant_country_code: swe | participant_country: sweden | result: 27 | result_type: points | result_WLT: l | start_order: 2
date: 2024-07-27t22:39:06+02:00 | stage_code: hblmteam7-------------gpb-000300-- | event_code: hblmteam7 | event_name: men | event_stage: men's preliminary round group b | stage: preliminary round group b | gender: m | discipline_name: handball | discipline_code: hbl | venue: south paris arena 6 | participant_code: hblmteam7---den01 | participant_name: denmark | participant_type: team | participant_country_code: den | participant_country: denmark | result: 37 | result_type: points | result_WLT: w | start_order: 1
date: 2024-07-27t22:39:06+02:00 | stage_code: hblmteam7-------------gpb-000300-- | event_code: hblmteam7 | event_name: men | event_stage: men's preliminary round group b | stage: preliminary round group b | gender: m | discipline_name: handball | discipline_code: hbl | venue: south paris arena 6 | participant_code: hblmteam7---fra01 | participant_name: france | participant_type: team | participant_country_code: fra | participant_country: france | result: 29 | result_type: points | result_WLT: l | start_order: 2
date: 2024-07-29t10:35:16+02:00 | stage_code: hblmteam7-------------gpa-000400-- | event_code: hblmteam7 | event_name: men | event_stage: men's preliminary round group a | stage: preliminary round group a | gender: m | discipline_name: handball | discipline_code: hbl | venue: south paris arena 6 | participant_code: hblmteam7---jpn01 | participant_name: japan | participant_type: team | participant_country_code: jpn | participant_country: japan | result: 26 | result_type: points | result_WLT: l | start_order: 1
date: 2024-07-29t10:35:16+02:00 | stage_code: hblmteam7-------------gpa-000400-- | event_code: hblmteam7 | event_name: men | event_stage: men's preliminary round group a | stage: preliminary round group a | gender: m | discipline_name: handball | discipline_code: hbl | venue: south paris arena 6 | participant_code: hblmteam7---ger01 | participant_name: germany | participant_type: team | participant_country_code: ger | participant_country: germany | result: 37 | result_type: points | result_WLT: w | start_order: 2
date: 2024-07-29t12:41:56+02:00 | stage_code: hblmteam7-------------gpa-000500-- | event_code: hblmteam7 | event_name: men | event_stage: men's preliminary round group a | stage: preliminary round group a | gender: m | discipline_name: handball | discipline_code: hbl | venue: south paris arena 6 | participant_code: hblmteam7---slo01 | participant_name: slovenia | participant_type: team | participant_country_code: slo | participant_country: slovenia | result: 31 | result_type: points | result_WLT: w | start_order: 1
date: 2024-07-29t12:41:56+02:00 | stage_code: hblmteam7-------------gpa-000500-- | event_code: hblmteam7 | event_name: men | event_stage: men's preliminary round group a | stage: preliminary round group a | gender: m | discipline_name: handball | discipline_code: hbl | venue: south paris arena 6 | participant_code: hblmteam7---cro01 | participant_name: croatia | participant_type: team | participant_country_code: cro | participant_country: croatia | result: 29 | result_type: points | result_WLT: l | start_order: 2
date: 2024-07-29t17:35:38+02:00 | stage_code: hblmteam7-------------gpa-000600-- | event_code: hblmteam7 | event_name: men | event_stage: men's preliminary round group a | stage: preliminary round group a | gender: m | discipline_name: handball | discipline_code: hbl | venue: south paris arena 6 | participant_code: hblmteam7---swe01 | participant_name: sweden | participant_type: team | participant_country_code: swe | participant_country: sweden | result: 29 | result_type: points | result_WLT: w | start_order: 1
date: 2024-07-29t17:35:38+02:00 | stage_code: hblmteam7-------------gpa-000600-- | event_code: hblmteam7 | event_name: men | event_stage: men's preliminary round group a | stage: preliminary round group a | gender: m | discipline_name: handball | discipline_code: hbl | venue: south paris arena 6 | participant_code: hblmteam7---esp01 | participant_name: spain | participant_type: team | participant_country_code: esp | participant_country: spain | result: 26 | result_type: points | result_WLT: l | start_order: 2
date: 2024-07-29t18:06:57+02:00 | stage_code: hblmteam7-------------gpb-000400-- | event_code: hblmteam7 | event_name: men | event_stage: men's preliminary round group b | stage: preliminary round group b | gender: m | discipline_name: handball | discipline_code: hbl | venue: south paris arena 6 | participant_code: hblmteam7---egy01 | participant_name: egypt | participant_type: team | participant_country_code: egy | participant_country: egypt | result: 27 | result_type: points | result_WLT: l | start_order: 1
date: 2024-07-29t18:06:57+02:00 | stage_code: hblmteam7-------------gpb-000400-- | event_code: hblmteam7 | event_name: men | event_stage: men's preliminary round group b | stage: preliminary round group b | gender: m | discipline_name: handball | discipline_code: hbl | venue: south paris arena 6 | participant_code: hblmteam7---den01 | participant_name: denmark | participant_type: team | participant_country_code: den | participant_country: denmark | result: 30 | result_type: points | result_WLT: w | start_order: 2
date: 2024-07-29t20:35:13+02:00 | stage_code: hblmteam7-------------gpb-000500-- | event_code: hblmteam7 | event_name: men | event_stage: men's preliminary round group b | stage: preliminary round group b | gender: m | discipline_name: handball | discipline_code: hbl | venue: south paris arena 6 | participant_code: hblmteam7---fra01 | participant_name: france | participant_type: team | participant_country_code: fra | participant_country: france | result: 22 | result_type: points | result_WLT: l | start_order: 1
date: 2024-07-29t20:35:13+02:00 | stage_code: hblmteam7-------------gpb-000500-- | event_code: hblmteam7 | event_name: men | event_stage: men's preliminary round group b | stage: preliminary round group b | gender: m | discipline_name: handball | discipline_code: hbl | venue: south paris arena 6 | participant_code: hblmteam7---nor01 | participant_name: norway | participant_type: team | participant_country_code: nor | participant_country: norway | result: 27 | result_type: points | result_WLT: w | start_order: 2
date: 2024-07-29t22:43:42+02:00 | stage_code: hblmteam7-------------gpb-000600-- | event_code: hblmteam7 | event_name: men | event_stage: men's preliminary round group b | stage: preliminary round group b | gender: m | discipline_name: handball | discipline_code: hbl | venue: south paris arena 6 | participant_code: hblmteam7---arg01 | participant_name: argentina | participant_type: team | participant_country_code: arg | participant_country: argentina | result: 25 | result_type: points | result_WLT: l | start_order: 1
date: 2024-07-29t22:43:42+02:00 | stage_code: hblmteam7-------------gpb-000600-- | event_code: hblmteam7 | event_name: men | event_stage: men's preliminary round group b | stage: preliminary round group b | gender: m | discipline_name: handball | discipline_code: hbl | venue: south paris arena 6 | participant_code: hblmteam7---hun01 | participant_name: hungary | participant_type: team | participant_country_code: hun | participant_country: hungary | result: 35 | result_type: points | result_WLT: w | start_order: 2
date: 2024-07-31t10:33:30+02:00 | stage_code: hblmteam7-------------gpb-000700-- | event_code: hblmteam7 | event_name: men | event_stage: men's preliminary round group b | stage: preliminary round group b | gender: m | discipline_name: handball | discipline_code: hbl | venue: south paris arena 6 | participant_code: hblmteam7---nor01 | participant_name: norway | participant_type: team | participant_country_code: nor | participant_country: norway | result: 26 | result_type: points | result_WLT: w | start_order: 1
date: 2024-07-31t10:33:30+02:00 | stage_code: hblmteam7-------------gpb-000700-- | event_code: hblmteam7 | event_name: men | event_stage: men's preliminary round group b | stage: preliminary round group b | gender: m | discipline_name: handball | discipline_code: hbl | venue: south paris arena 6 | participant_code: hblmteam7---hun01 | participant_name: hungary | participant_type: team | participant_country_code: hun | participant_country: hungary | result: 25 | result_type: points | result_WLT: l | start_order: 2
date: 2024-07-31t12:38:38+02:00 | stage_code: hblmteam7-------------gpa-000700-- | event_code: hblmteam7 | event_name: men | event_stage: men's preliminary round group a | stage: preliminary round group a | gender: m | discipline_name: handball | discipline_code: hbl | venue: south paris arena 6 | participant_code: hblmteam7---cro01 | participant_name: croatia | participant_type: team | participant_country_code: cro | participant_country: croatia | result: 31 | result_type: points | result_WLT: w | start_order: 1
date: 2024-07-31t12:38:38+02:00 | stage_code: hblmteam7-------------gpa-000700-- | event_code: hblmteam7 | event_name: men | event_stage: men's preliminary round group a | stage: preliminary round group a | gender: m | discipline_name: handball | discipline_code: hbl | venue: south paris arena 6 | participant_code: hblmteam7---ger01 | participant_name: germany | participant_type: team | participant_country_code: ger | participant_country: germany | result: 26 | result_type: points | result_WLT: l | start_order: 2
date: 2024-07-31t15:29:08+02:00 | stage_code: hblmteam7-------------gpa-000800-- | event_code: hblmteam7 | event_name: men | event_stage: men's preliminary round group a | stage: preliminary round group a | gender: m | discipline_name: handball | discipline_code: hbl | venue: south paris arena 6 | participant_code: hblmteam7---esp01 | participant_name: spain | participant_type: team | participant_country_code: esp | participant_country: spain | result: 37 | result_type: points | result_WLT: w | start_order: 1
date: 2024-07-31t15:29:08+02:00 | stage_code: hblmteam7-------------gpa-000800-- | event_code: hblmteam7 | event_name: men | event_stage: men's preliminary round group a | stage: preliminary round group a | gender: m | discipline_name: handball | discipline_code: hbl | venue: south paris arena 6 | participant_code: hblmteam7---jpn01 | participant_name: japan | participant_type: team | participant_country_code: jpn | participant_country: japan | result: 33 | result_type: points | result_WLT: l | start_order: 2
date: 2024-07-31t17:39:37+02:00 | stage_code: hblmteam7-------------gpa-000900-- | event_code: hblmteam7 | event_name: men | event_stage: men's preliminary round group a | stage: preliminary round group a | gender: m | discipline_name: handball | discipline_code: hbl | venue: south paris arena 6 | participant_code: hblmteam7---slo01 | participant_name: slovenia | participant_type: team | participant_country_code: slo | participant_country: slovenia | result: 29 | result_type: points | result_WLT: w | start_order: 1
date: 2024-07-31t17:39:37+02:00 | stage_code: hblmteam7-------------gpa-000900-- | event_code: hblmteam7 | event_name: men | event_stage: men's preliminary round group a | stage: preliminary round group a | gender: m | discipline_name: handball | discipline_code: hbl | venue: south paris arena 6 | participant_code: hblmteam7---swe01 | participant_name: sweden | participant_type: team | participant_country_code: swe | participant_country: sweden | result: 24 | result_type: points | result_WLT: l | start_order: 2
date: 2024-07-31t20:39:31+02:00 | stage_code: hblmteam7-------------gpb-000800-- | event_code: hblmteam7 | event_name: men | event_stage: men's preliminary round group b | stage: preliminary round group b | gender: m | discipline_name: handball | discipline_code: hbl | venue: south paris arena 6 | participant_code: hblmteam7---fra01 | participant_name: france | participant_type: team | participant_country_code: fra | participant_country: france | result: 26 | result_type: points | result_WLT: t | start_order: 1
date: 2024-07-31t20:39:31+02:00 | stage_code: hblmteam7-------------gpb-000800-- | event_code: hblmteam7 | event_name: men | event_stage: men's preliminary round group b | stage: preliminary round group b | gender: m | discipline_name: handball | discipline_code: hbl | venue: south paris arena 6 | participant_code: hblmteam7---egy01 | participant_name: egypt | participant_type: team | participant_country_code: egy | participant_country: egypt | result: 26 | result_type: points | result_WLT: t | start_order: 2
date: 2024-07-31t22:40:17+02:00 | stage_code: hblmteam7-------------gpb-000900-- | event_code: hblmteam7 | event_name: men | event_stage: men's preliminary round group b | stage: preliminary round group b | gender: m | discipline_name: handball | discipline_code: hbl | venue: south paris arena 6 | participant_code: hblmteam7---den01 | participant_name: denmark | participant_type: team | participant_country_code: den | participant_country: denmark | result: 38 | result_type: points | result_WLT: w | start_order: 1
date: 2024-07-31t22:40:17+02:00 | stage_code: hblmteam7-------------gpb-000900-- | event_code: hblmteam7 | event_name: men | event_stage: men's preliminary round group b | stage: preliminary round group b | gender: m | discipline_name: handball | discipline_code: hbl | venue: south paris arena 6 | participant_code: hblmteam7---arg01 | participant_name: argentina | participant_type: team | participant_country_code: arg | participant_country: argentina | result: 27 | result_type: points | result_WLT: l | start_order: 2
date: 2024-08-02t10:32:44+02:00 | stage_code: hblmteam7-------------gpb-001000-- | event_code: hblmteam7 | event_name: men | event_stage: men's preliminary round group b | stage: preliminary round group b | gender: m | discipline_name: handball | discipline_code: hbl | venue: south paris arena 6 | participant_code: hblmteam7---hun01 | participant_name: hungary | participant_type: team | participant_country_code: hun | participant_country: hungary | result: 25 | result_type: points | result_WLT: l | start_order: 1
date: 2024-08-02t10:32:44+02:00 | stage_code: hblmteam7-------------gpb-001000-- | event_code: hblmteam7 | event_name: men | event_stage: men's preliminary round group b | stage: preliminary round group b | gender: m | discipline_name: handball | discipline_code: hbl | venue: south paris arena 6 | participant_code: hblmteam7---den01 | participant_name: denmark | participant_type: team | participant_country_code: den | participant_country: denmark | result: 28 | result_type: points | result_WLT: w | start_order: 2
date: 2024-08-02t12:34:22+02:00 | stage_code: hblmteam7-------------gpb-001100-- | event_code: hblmteam7 | event_name: men | event_stage: men's preliminary round group b | stage: preliminary round group b | gender: m | discipline_name: handball | discipline_code: hbl | venue: south paris arena 6 | participant_code: hblmteam7---arg01 | participant_name: argentina | participant_type: team | participant_country_code: arg | participant_country: argentina | result: 21 | result_type: points | result_WLT: l | start_order: 1
date: 2024-08-02t12:34:22+02:00 | stage_code: hblmteam7-------------gpb-001100-- | event_code: hblmteam7 | event_name: men | event_stage: men's preliminary round group b | stage: preliminary round group b | gender: m | discipline_name: handball | discipline_code: hbl | venue: south paris arena 6 | participant_code: hblmteam7---fra01 | participant_name: france | participant_type: team | participant_country_code: fra | participant_country: france | result: 28 | result_type: points | result_WLT: w | start_order: 2
date: 2024-08-02t15:39:14+02:00 | stage_code: hblmteam7-------------gpa-001000-- | event_code: hblmteam7 | event_name: men | event_stage: men's preliminary round group a | stage: preliminary round group a | gender: m | discipline_name: handball | discipline_code: hbl | venue: south paris arena 6 | participant_code: hblmteam7---cro01 | participant_name: croatia | participant_type: team | participant_country_code: cro | participant_country: croatia | result: 27 | result_type: points | result_WLT: l | start_order: 1
date: 2024-08-02t15:39:14+02:00 | stage_code: hblmteam7-------------gpa-001000-- | event_code: hblmteam7 | event_name: men | event_stage: men's preliminary round group a | stage: preliminary round group a | gender: m | discipline_name: handball | discipline_code: hbl | venue: south paris arena 6 | participant_code: hblmteam7---swe01 | participant_name: sweden | participant_type: team | participant_country_code: swe | participant_country: sweden | result: 38 | result_type: points | result_WLT: w | start_order: 2
date: 2024-08-02t17:32:58+02:00 | stage_code: hblmteam7-------------gpa-001100-- | event_code: hblmteam7 | event_name: men | event_stage: men's preliminary round group a | stage: preliminary round group a | gender: m | discipline_name: handball | discipline_code: hbl | venue: south paris arena 6 | participant_code: hblmteam7---ger01 | participant_name: germany | participant_type: team | participant_country_code: ger | participant_country: germany | result: 33 | result_type: points | result_WLT: w | start_order: 1
date: 2024-08-02t17:32:58+02:00 | stage_code: hblmteam7-------------gpa-001100-- | event_code: hblmteam7 | event_name: men | event_stage: men's preliminary round group a | stage: preliminary round group a | gender: m | discipline_name: handball | discipline_code: hbl | venue: south paris arena 6 | participant_code: hblmteam7---esp01 | participant_name: spain | participant_type: team | participant_country_code: esp | participant_country: spain | result: 31 | result_type: points | result_WLT: l | start_order: 2
date: 2024-08-02t20:47:12+02:00 | stage_code: hblmteam7-------------gpa-001200-- | event_code: hblmteam7 | event_name: men | event_stage: men's preliminary round group a | stage: preliminary round group a | gender: m | discipline_name: handball | discipline_code: hbl | venue: south paris arena 6 | participant_code: hblmteam7---jpn01 | participant_name: japan | participant_type: team | participant_country_code: jpn | participant_country: japan | result: 28 | result_type: points | result_WLT: l | start_order: 1
date: 2024-08-02t20:47:12+02:00 | stage_code: hblmteam7-------------gpa-001200-- | event_code: hblmteam7 | event_name: men | event_stage: men's preliminary round group a | stage: preliminary round group a | gender: m | discipline_name: handball | discipline_code: hbl | venue: south paris arena 6 | participant_code: hblmteam7---slo01 | participant_name: slovenia | participant_type: team | participant_country_code: slo | participant_country: slovenia | result: 29 | result_type: points | result_WLT: w | start_order: 2
date: 2024-08-02t22:37:45+02:00 | stage_code: hblmteam7-------------gpb-001200-- | event_code: hblmteam7 | event_name: men | event_stage: men's preliminary round group b | stage: preliminary round group b | gender: m | discipline_name: handball | discipline_code: hbl | venue: south paris arena 6 | participant_code: hblmteam7---nor01 | participant_name: norway | participant_type: team | participant_country_code: nor | participant_country: norway | result: 25 | result_type: points | result_WLT: l | start_order: 1
date: 2024-08-02t22:37:45+02:00 | stage_code: hblmteam7-------------gpb-001200-- | event_code: hblmteam7 | event_name: men | event_stage: men's preliminary round group b | stage: preliminary round group b | gender: m | discipline_name: handball | discipline_code: hbl | venue: south paris arena 6 | participant_code: hblmteam7---egy01 | participant_name: egypt | participant_type: team | participant_country_code: egy | participant_country: egypt | result: 26 | result_type: points | result_WLT: w | start_order: 2
date: 2024-08-04t10:29:02+02:00 | stage_code: hblmteam7-------------gpa-001300-- | event_code: hblmteam7 | event_name: men | event_stage: men's preliminary round group a | stage: preliminary round group a | gender: m | discipline_name: handball | discipline_code: hbl | venue: south paris arena 6 | participant_code: hblmteam7---swe01 | participant_name: sweden | participant_type: team | participant_country_code: swe | participant_country: sweden | result: 40 | result_type: points | result_WLT: w | start_order: 1
date: 2024-08-04t10:29:02+02:00 | stage_code: hblmteam7-------------gpa-001300-- | event_code: hblmteam7 | event_name: men | event_stage: men's preliminary round group a | stage: preliminary round group a | gender: m | discipline_name: handball | discipline_code: hbl | venue: south paris arena 6 | participant_code: hblmteam7---jpn01 | participant_name: japan | participant_type: team | participant_country_code: jpn | participant_country: japan | result: 27 | result_type: points | result_WLT: l | start_order: 2
date: 2024-08-04t12:32:42+02:00 | stage_code: hblmteam7-------------gpb-001300-- | event_code: hblmteam7 | event_name: men | event_stage: men's preliminary round group b | stage: preliminary round group b | gender: m | discipline_name: handball | discipline_code: hbl | venue: south paris arena 6 | participant_code: hblmteam7---egy01 | participant_name: egypt | participant_type: team | participant_country_code: egy | participant_country: egypt | result: 34 | result_type: points | result_WLT: w | start_order: 1
date: 2024-08-04t12:32:42+02:00 | stage_code: hblmteam7-------------gpb-001300-- | event_code: hblmteam7 | event_name: men | event_stage: men's preliminary round group b | stage: preliminary round group b | gender: m | discipline_name: handball | discipline_code: hbl | venue: south paris arena 6 | participant_code: hblmteam7---arg01 | participant_name: argentina | participant_type: team | participant_country_code: arg | participant_country: argentina | result: 27 | result_type: points | result_WLT: l | start_order: 2
date: 2024-08-04t15:26:08+02:00 | stage_code: hblmteam7-------------gpa-001400-- | event_code: hblmteam7 | event_name: men | event_stage: men's preliminary round group a | stage: preliminary round group a | gender: m | discipline_name: handball | discipline_code: hbl | venue: south paris arena 6 | participant_code: hblmteam7---ger01 | participant_name: germany | participant_type: team | participant_country_code: ger | participant_country: germany | result: 36 | result_type: points | result_WLT: w | start_order: 1
date: 2024-08-04t15:26:08+02:00 | stage_code: hblmteam7-------------gpa-001400-- | event_code: hblmteam7 | event_name: men | event_stage: men's preliminary round group a | stage: preliminary round group a | gender: m | discipline_name: handball | discipline_code: hbl | venue: south paris arena 6 | participant_code: hblmteam7---slo01 | participant_name: slovenia | participant_type: team | participant_country_code: slo | participant_country: slovenia | result: 29 | result_type: points | result_WLT: l | start_order: 2
date: 2024-08-04t17:34:53+02:00 | stage_code: hblmteam7-------------gpb-001400-- | event_code: hblmteam7 | event_name: men | event_stage: men's preliminary round group b | stage: preliminary round group b | gender: m | discipline_name: handball | discipline_code: hbl | venue: south paris arena 6 | participant_code: hblmteam7---hun01 | participant_name: hungary | participant_type: team | participant_country_code: hun | participant_country: hungary | result: 20 | result_type: points | result_WLT: l | start_order: 1
date: 2024-08-04t17:34:53+02:00 | stage_code: hblmteam7-------------gpb-001400-- | event_code: hblmteam7 | event_name: men | event_stage: men's preliminary round group b | stage: preliminary round group b | gender: m | discipline_name: handball | discipline_code: hbl | venue: south paris arena 6 | participant_code: hblmteam7---fra01 | participant_name: france | participant_type: team | participant_country_code: fra | participant_country: france | result: 24 | result_type: points | result_WLT: w | start_order: 2
date: 2024-08-04t20:34:26+02:00 | stage_code: hblmteam7-------------gpb-001500-- | event_code: hblmteam7 | event_name: men | event_stage: men's preliminary round group b | stage: preliminary round group b | gender: m | discipline_name: handball | discipline_code: hbl | venue: south paris arena 6 | participant_code: hblmteam7---den01 | participant_name: denmark | participant_type: team | participant_country_code: den | participant_country: denmark | result: 32 | result_type: points | result_WLT: w | start_order: 1
date: 2024-08-04t20:34:26+02:00 | stage_code: hblmteam7-------------gpb-001500-- | event_code: hblmteam7 | event_name: men | event_stage: men's preliminary round group b | stage: preliminary round group b | gender: m | discipline_name: handball | discipline_code: hbl | venue: south paris arena 6 | participant_code: hblmteam7---nor01 | participant_name: norway | participant_type: team | participant_country_code: nor | participant_country: norway | result: 25 | result_type: points | result_WLT: l | start_order: 2
date: 2024-08-04t22:37:21+02:00 | stage_code: hblmteam7-------------gpa-001500-- | event_code: hblmteam7 | event_name: men | event_stage: men's preliminary round group a | stage: preliminary round group a | gender: m | discipline_name: handball | discipline_code: hbl | venue: south paris arena 6 | participant_code: hblmteam7---esp01 | participant_name: spain | participant_type: team | participant_country_code: esp | participant_country: spain | result: 32 | result_type: points | result_WLT: w | start_order: 1
date: 2024-08-04t22:37:21+02:00 | stage_code: hblmteam7-------------gpa-001500-- | event_code: hblmteam7 | event_name: men | event_stage: men's preliminary round group a | stage: preliminary round group a | gender: m | discipline_name: handball | discipline_code: hbl | venue: south paris arena 6 | participant_code: hblmteam7---cro01 | participant_name: croatia | participant_type: team | participant_country_code: cro | participant_country: croatia | result: 31 | result_type: points | result_WLT: l | start_order: 2
date: 2024-08-07t11:24:53+02:00 | stage_code: hblmteam7-------------qfnl000200-- | event_code: hblmteam7 | event_name: men | event_stage: men's quarterfinal | stage: quarterfinal | gender: m | discipline_name: handball | discipline_code: hbl | venue: pierre mauroy stadium | participant_code: hblmteam7---esp01 | participant_name: spain | participant_type: team | participant_country_code: esp | participant_country: spain | result: 29 | result_type: points | result_WLT: w | start_order: 1
date: 2024-08-07t11:24:53+02:00 | stage_code: hblmteam7-------------qfnl000200-- | event_code: hblmteam7 | event_name: men | event_stage: men's quarterfinal | stage: quarterfinal | gender: m | discipline_name: handball | discipline_code: hbl | venue: pierre mauroy stadium | participant_code: hblmteam7---egy01 | participant_name: egypt | participant_type: team | participant_country_code: egy | participant_country: egypt | result: 28 | result_type: points | result_WLT: l | start_order: 2
date: 2024-08-07t16:05:21+02:00 | stage_code: hblmteam7-------------qfnl000100-- | event_code: hblmteam7 | event_name: men | event_stage: men's quarterfinal | stage: quarterfinal | gender: m | discipline_name: handball | discipline_code: hbl | venue: pierre mauroy stadium | participant_code: hblmteam7---ger01 | participant_name: germany | participant_type: team | participant_country_code: ger | participant_country: germany | result: 35 | result_type: points | result_WLT: w | start_order: 1
date: 2024-08-07t16:05:21+02:00 | stage_code: hblmteam7-------------qfnl000100-- | event_code: hblmteam7 | event_name: men | event_stage: men's quarterfinal | stage: quarterfinal | gender: m | discipline_name: handball | discipline_code: hbl | venue: pierre mauroy stadium | participant_code: hblmteam7---fra01 | participant_name: france | participant_type: team | participant_country_code: fra | participant_country: france | result: 34 | result_type: points | result_WLT: l | start_order: 2
date: 2024-08-07t19:11:18+02:00 | stage_code: hblmteam7-------------qfnl000400-- | event_code: hblmteam7 | event_name: men | event_stage: men's quarterfinal | stage: quarterfinal | gender: m | discipline_name: handball | discipline_code: hbl | venue: pierre mauroy stadium | participant_code: hblmteam7---den01 | participant_name: denmark | participant_type: team | participant_country_code: den | participant_country: denmark | result: 32 | result_type: points | result_WLT: w | start_order: 1
date: 2024-08-07t19:11:18+02:00 | stage_code: hblmteam7-------------qfnl000400-- | event_code: hblmteam7 | event_name: men | event_stage: men's quarterfinal | stage: quarterfinal | gender: m | discipline_name: handball | discipline_code: hbl | venue: pierre mauroy stadium | participant_code: hblmteam7---swe01 | participant_name: sweden | participant_type: team | participant_country_code: swe | participant_country: sweden | result: 31 | result_type: points | result_WLT: l | start_order: 2
date: 2024-08-07t23:03:27+02:00 | stage_code: hblmteam7-------------qfnl000300-- | event_code: hblmteam7 | event_name: men | event_stage: men's quarterfinal | stage: quarterfinal | gender: m | discipline_name: handball | discipline_code: hbl | venue: pierre mauroy stadium | participant_code: hblmteam7---nor01 | participant_name: norway | participant_type: team | participant_country_code: nor | participant_country: norway | result: 28 | result_type: points | result_WLT: l | start_order: 1
date: 2024-08-07t23:03:27+02:00 | stage_code: hblmteam7-------------qfnl000300-- | event_code: hblmteam7 | event_name: men | event_stage: men's quarterfinal | stage: quarterfinal | gender: m | discipline_name: handball | discipline_code: hbl | venue: pierre mauroy stadium | participant_code: hblmteam7---slo01 | participant_name: slovenia | participant_type: team | participant_country_code: slo | participant_country: slovenia | result: 33 | result_type: points | result_WLT: w | start_order: 2
date: 2024-08-09t18:02:55+02:00 | stage_code: hblmteam7-------------sfnl000100-- | event_code: hblmteam7 | event_name: men | event_stage: men's semifinal | stage: semifinal | gender: m | discipline_name: handball | discipline_code: hbl | venue: pierre mauroy stadium | participant_code: hblmteam7---ger01 | participant_name: germany | participant_type: team | participant_country_code: ger | participant_country: germany | result: 25 | result_type: points | result_WLT: w | start_order: 1
date: 2024-08-09t18:02:55+02:00 | stage_code: hblmteam7-------------sfnl000100-- | event_code: hblmteam7 | event_name: men | event_stage: men's semifinal | stage: semifinal | gender: m | discipline_name: handball | discipline_code: hbl | venue: pierre mauroy stadium | participant_code: hblmteam7---esp01 | participant_name: spain | participant_type: team | participant_country_code: esp | participant_country: spain | result: 24 | result_type: points | result_WLT: l | start_order: 2
date: 2024-08-09t23:06:38+02:00 | stage_code: hblmteam7-------------sfnl000200-- | event_code: hblmteam7 | event_name: men | event_stage: men's semifinal | stage: semifinal | gender: m | discipline_name: handball | discipline_code: hbl | venue: pierre mauroy stadium | participant_code: hblmteam7---slo01 | participant_name: slovenia | participant_type: team | participant_country_code: slo | participant_country: slovenia | result: 30 | result_type: points | result_WLT: l | start_order: 1
date: 2024-08-09t23:06:38+02:00 | stage_code: hblmteam7-------------sfnl000200-- | event_code: hblmteam7 | event_name: men | event_stage: men's semifinal | stage: semifinal | gender: m | discipline_name: handball | discipline_code: hbl | venue: pierre mauroy stadium | participant_code: hblmteam7---den01 | participant_name: denmark | participant_type: team | participant_country_code: den | participant_country: denmark | result: 31 | result_type: points | result_WLT: w | start_order: 2
date: 2024-08-11t10:35:40+02:00 | stage_code: hblmteam7-------------fnl-000200-- | event_code: hblmteam7 | event_name: men | event_stage: men's bronze medal match | stage: bronze medal match | gender: m | discipline_name: handball | discipline_code: hbl | venue: pierre mauroy stadium | participant_code: hblmteam7---esp01 | participant_name: spain | participant_type: team | participant_country_code: esp | participant_country: spain | result: 23 | result_type: points | result_WLT: w | start_order: 1
date: 2024-08-11t10:35:40+02:00 | stage_code: hblmteam7-------------fnl-000200-- | event_code: hblmteam7 | event_name: men | event_stage: men's bronze medal match | stage: bronze medal match | gender: m | discipline_name: handball | discipline_code: hbl | venue: pierre mauroy stadium | participant_code: hblmteam7---slo01 | participant_name: slovenia | participant_type: team | participant_country_code: slo | participant_country: slovenia | result: 22 | result_type: points | result_WLT: l | start_order: 2
date: 2024-08-11t14:58:35+02:00 | stage_code: hblmteam7-------------fnl-000100-- | event_code: hblmteam7 | event_name: men | event_stage: men's gold medal match | stage: gold medal match | gender: m | discipline_name: handball | discipline_code: hbl | venue: pierre mauroy stadium | participant_code: hblmteam7---ger01 | participant_name: germany | participant_type: team | participant_country_code: ger | participant_country: germany | result: 26 | result_type: points | result_WLT: l | start_order: 1
date: 2024-08-11t14:58:35+02:00 | stage_code: hblmteam7-------------fnl-000100-- | event_code: hblmteam7 | event_name: men | event_stage: men's gold medal match | stage: gold medal match | gender: m | discipline_name: handball | discipline_code: hbl | venue: pierre mauroy stadium | participant_code: hblmteam7---den01 | participant_name: denmark | participant_type: team | participant_country_code: den | participant_country: denmark | result: 39 | result_type: points | result_WLT: w | start_order: 2
date: 2024-07-25t10:31:11+02:00 | stage_code: hblwteam7-------------gpa-000100-- | event_code: hblwteam7 | event_name: women | event_stage: women's preliminary round group a | stage: preliminary round group a | gender: w | discipline_name: handball | discipline_code: hbl | venue: south paris arena 6 | participant_code: hblwteam7---slo01 | participant_name: slovenia | participant_type: team | participant_country_code: slo | participant_country: slovenia | result: 19 | result_type: points | result_WLT: l | start_order: 1
date: 2024-07-25t10:31:11+02:00 | stage_code: hblwteam7-------------gpa-000100-- | event_code: hblwteam7 | event_name: women | event_stage: women's preliminary round group a | stage: preliminary round group a | gender: w | discipline_name: handball | discipline_code: hbl | venue: south paris arena 6 | participant_code: hblwteam7---den01 | participant_name: denmark | participant_type: team | participant_country_code: den | participant_country: denmark | result: 27 | result_type: points | result_WLT: w | start_order: 2
date: 2024-07-25t17:32:58+02:00 | stage_code: hblwteam7-------------gpa-000200-- | event_code: hblwteam7 | event_name: women | event_stage: women's preliminary round group a | stage: preliminary round group a | gender: w | discipline_name: handball | discipline_code: hbl | venue: south paris arena 6 | participant_code: hblwteam7---ger01 | participant_name: germany | participant_type: team | participant_country_code: ger | participant_country: germany | result: 22 | result_type: points | result_WLT: l | start_order: 1
date: 2024-07-25t17:32:58+02:00 | stage_code: hblwteam7-------------gpa-000200-- | event_code: hblwteam7 | event_name: women | event_stage: women's preliminary round group a | stage: preliminary round group a | gender: w | discipline_name: handball | discipline_code: hbl | venue: south paris arena 6 | participant_code: hblwteam7---kor01 | participant_name: republic of korea | participant_type: team | participant_country_code: kor | participant_country: korea | result: 23 | result_type: points | result_WLT: w | start_order: 2
date: 2024-07-25t20:30:12+02:00 | stage_code: hblwteam7-------------gpb-000300-- | event_code: hblwteam7 | event_name: women | event_stage: women's preliminary round group b | stage: preliminary round group b | gender: w | discipline_name: handball | discipline_code: hbl | venue: south paris arena 6 | participant_code: hblwteam7---hun01 | participant_name: hungary | participant_type: team | participant_country_code: hun | participant_country: hungary | result: 28 | result_type: points | result_WLT: l | start_order: 1
date: 2024-07-25t20:30:12+02:00 | stage_code: hblwteam7-------------gpb-000300-- | event_code: hblwteam7 | event_name: women | event_stage: women's preliminary round group b | stage: preliminary round group b | gender: w | discipline_name: handball | discipline_code: hbl | venue: south paris arena 6 | participant_code: hblwteam7---fra01 | participant_name: france | participant_type: team | participant_country_code: fra | participant_country: france | result: 31 | result_type: points | result_WLT: w | start_order: 2
date: 2024-07-25t22:35:58+02:00 | stage_code: hblwteam7-------------gpa-000300-- | event_code: hblwteam7 | event_name: women | event_stage: women's preliminary round group a | stage: preliminary round group a | gender: w | discipline_name: handball | discipline_code: hbl | venue: south paris arena 6 | participant_code: hblwteam7---nor01 | participant_name: norway | participant_type: team | participant_country_code: nor | participant_country: norway | result: 28 | result_type: points | result_WLT: l | start_order: 1
date: 2024-07-25t22:35:58+02:00 | stage_code: hblwteam7-------------gpa-000300-- | event_code: hblwteam7 | event_name: women | event_stage: women's preliminary round group a | stage: preliminary round group a | gender: w | discipline_name: handball | discipline_code: hbl | venue: south paris arena 6 | participant_code: hblwteam7---swe01 | participant_name: sweden | participant_type: team | participant_country_code: swe | participant_country: sweden | result: 32 | result_type: points | result_WLT: w | start_order: 2
date: 2024-07-28t10:36:08+02:00 | stage_code: hblwteam7-------------gpb-000400-- | event_code: hblwteam7 | event_name: women | event_stage: women's preliminary round group b | stage: preliminary round group b | gender: w | discipline_name: handball | discipline_code: hbl | venue: south paris arena 6 | participant_code: hblwteam7---bra01 | participant_name: brazil | participant_type: team | participant_country_code: bra | participant_country: brazil | result: 24 | result_type: points | result_WLT: l | start_order: 1
date: 2024-07-28t10:36:08+02:00 | stage_code: hblwteam7-------------gpb-000400-- | event_code: hblwteam7 | event_name: women | event_stage: women's preliminary round group b | stage: preliminary round group b | gender: w | discipline_name: handball | discipline_code: hbl | venue: south paris arena 6 | participant_code: hblwteam7---hun01 | participant_name: hungary | participant_type: team | participant_country_code: hun | participant_country: hungary | result: 25 | result_type: points | result_WLT: w | start_order: 2
date: 2024-07-28t12:41:41+02:00 | stage_code: hblwteam7-------------gpa-000400-- | event_code: hblwteam7 | event_name: women | event_stage: women's preliminary round group a | stage: preliminary round group a | gender: w | discipline_name: handball | discipline_code: hbl | venue: south paris arena 6 | participant_code: hblwteam7---kor01 | participant_name: republic of korea | participant_type: team | participant_country_code: kor | participant_country: korea | result: 23 | result_type: points | result_WLT: l | start_order: 1
date: 2024-07-28t12:41:41+02:00 | stage_code: hblwteam7-------------gpa-000400-- | event_code: hblwteam7 | event_name: women | event_stage: women's preliminary round group a | stage: preliminary round group a | gender: w | discipline_name: handball | discipline_code: hbl | venue: south paris arena 6 | participant_code: hblwteam7---slo01 | participant_name: slovenia | participant_type: team | participant_country_code: slo | participant_country: slovenia | result: 30 | result_type: points | result_WLT: w | start_order: 2
date: 2024-07-28t15:37:18+02:00 | stage_code: hblwteam7-------------gpa-000500-- | event_code: hblwteam7 | event_name: women | event_stage: women's preliminary round group a | stage: preliminary round group a | gender: w | discipline_name: handball | discipline_code: hbl | venue: south paris arena 6 | participant_code: hblwteam7---swe01 | participant_name: sweden | participant_type: team | participant_country_code: swe | participant_country: sweden | result: 31 | result_type: points | result_WLT: w | start_order: 1
date: 2024-07-28t15:37:18+02:00 | stage_code: hblwteam7-------------gpa-000500-- | event_code: hblwteam7 | event_name: women | event_stage: women's preliminary round group a | stage: preliminary round group a | gender: w | discipline_name: handball | discipline_code: hbl | venue: south paris arena 6 | participant_code: hblwteam7---ger01 | participant_name: germany | participant_type: team | participant_country_code: ger | participant_country: germany | result: 28 | result_type: points | result_WLT: l | start_order: 2
date: 2024-07-28t17:30:12+02:00 | stage_code: hblwteam7-------------gpa-000600-- | event_code: hblwteam7 | event_name: women | event_stage: women's preliminary round group a | stage: preliminary round group a | gender: w | discipline_name: handball | discipline_code: hbl | venue: south paris arena 6 | participant_code: hblwteam7---den01 | participant_name: denmark | participant_type: team | participant_country_code: den | participant_country: denmark | result: 18 | result_type: points | result_WLT: l | start_order: 1
date: 2024-07-28t17:30:12+02:00 | stage_code: hblwteam7-------------gpa-000600-- | event_code: hblwteam7 | event_name: women | event_stage: women's preliminary round group a | stage: preliminary round group a | gender: w | discipline_name: handball | discipline_code: hbl | venue: south paris arena 6 | participant_code: hblwteam7---nor01 | participant_name: norway | participant_type: team | participant_country_code: nor | participant_country: norway | result: 27 | result_type: points | result_WLT: w | start_order: 2
date: 2024-07-28t22:28:48+02:00 | stage_code: hblwteam7-------------gpb-000600-- | event_code: hblwteam7 | event_name: women | event_stage: women's preliminary round group b | stage: preliminary round group b | gender: w | discipline_name: handball | discipline_code: hbl | venue: south paris arena 6 | participant_code: hblwteam7---fra01 | participant_name: france | participant_type: team | participant_country_code: fra | participant_country: france | result: 32 | result_type: points | result_WLT: w | start_order: 1
date: 2024-07-28t22:28:48+02:00 | stage_code: hblwteam7-------------gpb-000600-- | event_code: hblwteam7 | event_name: women | event_stage: women's preliminary round group b | stage: preliminary round group b | gender: w | discipline_name: handball | discipline_code: hbl | venue: south paris arena 6 | participant_code: hblwteam7---ned01 | participant_name: netherlands | participant_type: team | participant_country_code: ned | participant_country: netherlands | result: 28 | result_type: points | result_WLT: l | start_order: 2
date: 2024-07-30t10:31:32+02:00 | stage_code: hblwteam7-------------gpa-000700-- | event_code: hblwteam7 | event_name: women | event_stage: women's preliminary round group a | stage: preliminary round group a | gender: w | discipline_name: handball | discipline_code: hbl | venue: south paris arena 6 | participant_code: hblwteam7---ger01 | participant_name: germany | participant_type: team | participant_country_code: ger | participant_country: germany | result: 41 | result_type: points | result_WLT: w | start_order: 1
date: 2024-07-30t10:31:32+02:00 | stage_code: hblwteam7-------------gpa-000700-- | event_code: hblwteam7 | event_name: women | event_stage: women's preliminary round group a | stage: preliminary round group a | gender: w | discipline_name: handball | discipline_code: hbl | venue: south paris arena 6 | participant_code: hblwteam7---slo01 | participant_name: slovenia | participant_type: team | participant_country_code: slo | participant_country: slovenia | result: 22 | result_type: points | result_WLT: l | start_order: 2
date: 2024-07-30t12:27:56+02:00 | stage_code: hblwteam7-------------gpa-000800-- | event_code: hblwteam7 | event_name: women | event_stage: women's preliminary round group a | stage: preliminary round group a | gender: w | discipline_name: handball | discipline_code: hbl | venue: south paris arena 6 | participant_code: hblwteam7---nor01 | participant_name: norway | participant_type: team | participant_country_code: nor | participant_country: norway | result: 26 | result_type: points | result_WLT: w | start_order: 1
date: 2024-07-30t12:27:56+02:00 | stage_code: hblwteam7-------------gpa-000800-- | event_code: hblwteam7 | event_name: women | event_stage: women's preliminary round group a | stage: preliminary round group a | gender: w | discipline_name: handball | discipline_code: hbl | venue: south paris arena 6 | participant_code: hblwteam7---kor01 | participant_name: republic of korea | participant_type: team | participant_country_code: kor | participant_country: korea | result: 20 | result_type: points | result_WLT: l | start_order: 2
date: 2024-07-30t15:28:26+02:00 | stage_code: hblwteam7-------------gpb-000700-- | event_code: hblwteam7 | event_name: women | event_stage: women's preliminary round group b | stage: preliminary round group b | gender: w | discipline_name: handball | discipline_code: hbl | venue: south paris arena 6 | participant_code: hblwteam7---ned01 | participant_name: netherlands | participant_type: team | participant_country_code: ned | participant_country: netherlands | result: 29 | result_type: points | result_WLT: w | start_order: 1
date: 2024-07-30t15:28:26+02:00 | stage_code: hblwteam7-------------gpb-000700-- | event_code: hblwteam7 | event_name: women | event_stage: women's preliminary round group b | stage: preliminary round group b | gender: w | discipline_name: handball | discipline_code: hbl | venue: south paris arena 6 | participant_code: hblwteam7---esp01 | participant_name: spain | participant_type: team | participant_country_code: esp | participant_country: spain | result: 24 | result_type: points | result_WLT: l | start_order: 2
date: 2024-07-30t17:31:32+02:00 | stage_code: hblwteam7-------------gpb-000800-- | event_code: hblwteam7 | event_name: women | event_stage: women's preliminary round group b | stage: preliminary round group b | gender: w | discipline_name: handball | discipline_code: hbl | venue: south paris arena 6 | participant_code: hblwteam7---hun01 | participant_name: hungary | participant_type: team | participant_country_code: hun | participant_country: hungary | result: 31 | result_type: points | result_WLT: t | start_order: 1
date: 2024-07-30t17:31:32+02:00 | stage_code: hblwteam7-------------gpb-000800-- | event_code: hblwteam7 | event_name: women | event_stage: women's preliminary round group b | stage: preliminary round group b | gender: w | discipline_name: handball | discipline_code: hbl | venue: south paris arena 6 | participant_code: hblwteam7---ang01 | participant_name: angola | participant_type: team | participant_country_code: ang | participant_country: angola | result: 31 | result_type: points | result_WLT: t | start_order: 2
date: 2024-07-30t20:41:13+02:00 | stage_code: hblwteam7-------------gpb-000900-- | event_code: hblwteam7 | event_name: women | event_stage: women's preliminary round group b | stage: preliminary round group b | gender: w | discipline_name: handball | discipline_code: hbl | venue: south paris arena 6 | participant_code: hblwteam7---fra01 | participant_name: france | participant_type: team | participant_country_code: fra | participant_country: france | result: 26 | result_type: points | result_WLT: w | start_order: 1
date: 2024-07-30t20:41:13+02:00 | stage_code: hblwteam7-------------gpb-000900-- | event_code: hblwteam7 | event_name: women | event_stage: women's preliminary round group b | stage: preliminary round group b | gender: w | discipline_name: handball | discipline_code: hbl | venue: south paris arena 6 | participant_code: hblwteam7---bra01 | participant_name: brazil | participant_type: team | participant_country_code: bra | participant_country: brazil | result: 20 | result_type: points | result_WLT: l | start_order: 2
date: 2024-08-01t10:34:44+02:00 | stage_code: hblwteam7-------------gpb-001000-- | event_code: hblwteam7 | event_name: women | event_stage: women's preliminary round group b | stage: preliminary round group b | gender: w | discipline_name: handball | discipline_code: hbl | venue: south paris arena 6 | participant_code: hblwteam7---ned01 | participant_name: netherlands | participant_type: team | participant_country_code: ned | participant_country: netherlands | result: 31 | result_type: points | result_WLT: w | start_order: 1
date: 2024-08-01t10:34:44+02:00 | stage_code: hblwteam7-------------gpb-001000-- | event_code: hblwteam7 | event_name: women | event_stage: women's preliminary round group b | stage: preliminary round group b | gender: w | discipline_name: handball | discipline_code: hbl | venue: south paris arena 6 | participant_code: hblwteam7---bra01 | participant_name: brazil | participant_type: team | participant_country_code: bra | participant_country: brazil | result: 24 | result_type: points | result_WLT: l | start_order: 2
date: 2024-08-01t12:35:55+02:00 | stage_code: hblwteam7-------------gpa-001000-- | event_code: hblwteam7 | event_name: women | event_stage: women's preliminary round group a | stage: preliminary round group a | gender: w | discipline_name: handball | discipline_code: hbl | venue: south paris arena 6 | participant_code: hblwteam7---kor01 | participant_name: republic of korea | participant_type: team | participant_country_code: kor | participant_country: korea | result: 21 | result_type: points | result_WLT: l | start_order: 1
date: 2024-08-01t12:35:55+02:00 | stage_code: hblwteam7-------------gpa-001000-- | event_code: hblwteam7 | event_name: women | event_stage: women's preliminary round group a | stage: preliminary round group a | gender: w | discipline_name: handball | discipline_code: hbl | venue: south paris arena 6 | participant_code: hblwteam7---swe01 | participant_name: sweden | participant_type: team | participant_country_code: swe | participant_country: sweden | result: 27 | result_type: points | result_WLT: w | start_order: 2
date: 2024-08-01t12:51:21+02:00 | stage_code: hblwteam7-------------gpb-000200-- | event_code: hblwteam7 | event_name: women | event_stage: women's preliminary round group b | stage: preliminary round group b | gender: w | discipline_name: handball | discipline_code: hbl | venue: south paris arena 6 | participant_code: hblwteam7---esp01 | participant_name: spain | participant_type: team | participant_country_code: esp | participant_country: spain | result: 18 | result_type: points | result_WLT: l | start_order: 1
date: 2024-08-01t12:51:21+02:00 | stage_code: hblwteam7-------------gpb-000200-- | event_code: hblwteam7 | event_name: women | event_stage: women's preliminary round group b | stage: preliminary round group b | gender: w | discipline_name: handball | discipline_code: hbl | venue: south paris arena 6 | participant_code: hblwteam7---bra01 | participant_name: brazil | participant_type: team | participant_country_code: bra | participant_country: brazil | result: 29 | result_type: points | result_WLT: w | start_order: 2
date: 2024-08-01t12:57:35+02:00 | stage_code: hblwteam7-------------gpb-000100-- | event_code: hblwteam7 | event_name: women | event_stage: women's preliminary round group b | stage: preliminary round group b | gender: w | discipline_name: handball | discipline_code: hbl | venue: south paris arena 6 | participant_code: hblwteam7---ned01 | participant_name: netherlands | participant_type: team | participant_country_code: ned | participant_country: netherlands | result: 34 | result_type: points | result_WLT: w | start_order: 1
date: 2024-08-01t12:57:35+02:00 | stage_code: hblwteam7-------------gpb-000100-- | event_code: hblwteam7 | event_name: women | event_stage: women's preliminary round group b | stage: preliminary round group b | gender: w | discipline_name: handball | discipline_code: hbl | venue: south paris arena 6 | participant_code: hblwteam7---ang01 | participant_name: angola | participant_type: team | participant_country_code: ang | participant_country: angola | result: 31 | result_type: points | result_WLT: l | start_order: 2
date: 2024-08-01t13:06:18+02:00 | stage_code: hblwteam7-------------gpb-000500-- | event_code: hblwteam7 | event_name: women | event_stage: women's preliminary round group b | stage: preliminary round group b | gender: w | discipline_name: handball | discipline_code: hbl | venue: south paris arena 6 | participant_code: hblwteam7---ang01 | participant_name: angola | participant_type: team | participant_country_code: ang | participant_country: angola | result: 26 | result_type: points | result_WLT: w | start_order: 1
date: 2024-08-01t13:06:18+02:00 | stage_code: hblwteam7-------------gpb-000500-- | event_code: hblwteam7 | event_name: women | event_stage: women's preliminary round group b | stage: preliminary round group b | gender: w | discipline_name: handball | discipline_code: hbl | venue: south paris arena 6 | participant_code: hblwteam7---esp01 | participant_name: spain | participant_type: team | participant_country_code: esp | participant_country: spain | result: 21 | result_type: points | result_WLT: l | start_order: 2
date: 2024-08-01t13:20:16+02:00 | stage_code: hblwteam7-------------gpa-000900-- | event_code: hblwteam7 | event_name: women | event_stage: women's preliminary round group a | stage: preliminary round group a | gender: w | discipline_name: handball | discipline_code: hbl | venue: south paris arena 6 | participant_code: hblwteam7---swe01 | participant_name: sweden | participant_type: team | participant_country_code: swe | participant_country: sweden | result: 23 | result_type: points | result_WLT: l | start_order: 1
date: 2024-08-01t13:20:16+02:00 | stage_code: hblwteam7-------------gpa-000900-- | event_code: hblwteam7 | event_name: women | event_stage: women's preliminary round group a | stage: preliminary round group a | gender: w | discipline_name: handball | discipline_code: hbl | venue: south paris arena 6 | participant_code: hblwteam7---den01 | participant_name: denmark | participant_type: team | participant_country_code: den | participant_country: denmark | result: 25 | result_type: points | result_WLT: w | start_order: 2
date: 2024-08-01t15:31:27+02:00 | stage_code: hblwteam7-------------gpb-001100-- | event_code: hblwteam7 | event_name: women | event_stage: women's preliminary round group b | stage: preliminary round group b | gender: w | discipline_name: handball | discipline_code: hbl | venue: south paris arena 6 | participant_code: hblwteam7---esp01 | participant_name: spain | participant_type: team | participant_country_code: esp | participant_country: spain | result: 24 | result_type: points | result_WLT: l | start_order: 1
date: 2024-08-01t15:31:27+02:00 | stage_code: hblwteam7-------------gpb-001100-- | event_code: hblwteam7 | event_name: women | event_stage: women's preliminary round group b | stage: preliminary round group b | gender: w | discipline_name: handball | discipline_code: hbl | venue: south paris arena 6 | participant_code: hblwteam7---hun01 | participant_name: hungary | participant_type: team | participant_country_code: hun | participant_country: hungary | result: 27 | result_type: points | result_WLT: w | start_order: 2
date: 2024-08-01t17:27:13+02:00 | stage_code: hblwteam7-------------gpb-001200-- | event_code: hblwteam7 | event_name: women | event_stage: women's preliminary round group b | stage: preliminary round group b | gender: w | discipline_name: handball | discipline_code: hbl | venue: south paris arena 6 | participant_code: hblwteam7---ang01 | participant_name: angola | participant_type: team | participant_country_code: ang | participant_country: angola | result: 24 | result_type: points | result_WLT: l | start_order: 1
date: 2024-08-01t17:27:13+02:00 | stage_code: hblwteam7-------------gpb-001200-- | event_code: hblwteam7 | event_name: women | event_stage: women's preliminary round group b | stage: preliminary round group b | gender: w | discipline_name: handball | discipline_code: hbl | venue: south paris arena 6 | participant_code: hblwteam7---fra01 | participant_name: france | participant_type: team | participant_country_code: fra | participant_country: france | result: 38 | result_type: points | result_WLT: w | start_order: 2
date: 2024-08-01t20:36:01+02:00 | stage_code: hblwteam7-------------gpa-001100-- | event_code: hblwteam7 | event_name: women | event_stage: women's preliminary round group a | stage: preliminary round group a | gender: w | discipline_name: handball | discipline_code: hbl | venue: south paris arena 6 | participant_code: hblwteam7---ger01 | participant_name: germany | participant_type: team | participant_country_code: ger | participant_country: germany | result: 27 | result_type: points | result_WLT: l | start_order: 1
date: 2024-08-01t20:36:01+02:00 | stage_code: hblwteam7-------------gpa-001100-- | event_code: hblwteam7 | event_name: women | event_stage: women's preliminary round group a | stage: preliminary round group a | gender: w | discipline_name: handball | discipline_code: hbl | venue: south paris arena 6 | participant_code: hblwteam7---den01 | participant_name: denmark | participant_type: team | participant_country_code: den | participant_country: denmark | result: 28 | result_type: points | result_WLT: w | start_order: 2
date: 2024-08-01t22:33:05+02:00 | stage_code: hblwteam7-------------gpa-001200-- | event_code: hblwteam7 | event_name: women | event_stage: women's preliminary round group a | stage: preliminary round group a | gender: w | discipline_name: handball | discipline_code: hbl | venue: south paris arena 6 | participant_code: hblwteam7---slo01 | participant_name: slovenia | participant_type: team | participant_country_code: slo | participant_country: slovenia | result: 22 | result_type: points | result_WLT: l | start_order: 1
date: 2024-08-01t22:33:05+02:00 | stage_code: hblwteam7-------------gpa-001200-- | event_code: hblwteam7 | event_name: women | event_stage: women's preliminary round group a | stage: preliminary round group a | gender: w | discipline_name: handball | discipline_code: hbl | venue: south paris arena 6 | participant_code: hblwteam7---nor01 | participant_name: norway | participant_type: team | participant_country_code: nor | participant_country: norway | result: 29 | result_type: points | result_WLT: w | start_order: 2
date: 2024-08-03t10:31:41+02:00 | stage_code: hblwteam7-------------gpb-001300-- | event_code: hblwteam7 | event_name: women | event_stage: women's preliminary round group b | stage: preliminary round group b | gender: w | discipline_name: handball | discipline_code: hbl | venue: south paris arena 6 | participant_code: hblwteam7---hun01 | participant_name: hungary | participant_type: team | participant_country_code: hun | participant_country: hungary | result: 26 | result_type: points | result_WLT: l | start_order: 1
date: 2024-08-03t10:31:41+02:00 | stage_code: hblwteam7-------------gpb-001300-- | event_code: hblwteam7 | event_name: women | event_stage: women's preliminary round group b | stage: preliminary round group b | gender: w | discipline_name: handball | discipline_code: hbl | venue: south paris arena 6 | participant_code: hblwteam7---ned01 | participant_name: netherlands | participant_type: team | participant_country_code: ned | participant_country: netherlands | result: 30 | result_type: points | result_WLT: w | start_order: 2
date: 2024-08-03t12:27:51+02:00 | stage_code: hblwteam7-------------gpb-001400-- | event_code: hblwteam7 | event_name: women | event_stage: women's preliminary round group b | stage: preliminary round group b | gender: w | discipline_name: handball | discipline_code: hbl | venue: south paris arena 6 | participant_code: hblwteam7---esp01 | participant_name: spain | participant_type: team | participant_country_code: esp | participant_country: spain | result: 24 | result_type: points | result_WLT: l | start_order: 1
date: 2024-08-03t12:27:51+02:00 | stage_code: hblwteam7-------------gpb-001400-- | event_code: hblwteam7 | event_name: women | event_stage: women's preliminary round group b | stage: preliminary round group b | gender: w | discipline_name: handball | discipline_code: hbl | venue: south paris arena 6 | participant_code: hblwteam7---fra01 | participant_name: france | participant_type: team | participant_country_code: fra | participant_country: france | result: 32 | result_type: points | result_WLT: w | start_order: 2
date: 2024-08-03t15:27:53+02:00 | stage_code: hblwteam7-------------gpb-001500-- | event_code: hblwteam7 | event_name: women | event_stage: women's preliminary round group b | stage: preliminary round group b | gender: w | discipline_name: handball | discipline_code: hbl | venue: south paris arena 6 | participant_code: hblwteam7---bra01 | participant_name: brazil | participant_type: team | participant_country_code: bra | participant_country: brazil | result: 30 | result_type: points | result_WLT: w | start_order: 1
date: 2024-08-03t15:27:53+02:00 | stage_code: hblwteam7-------------gpb-001500-- | event_code: hblwteam7 | event_name: women | event_stage: women's preliminary round group b | stage: preliminary round group b | gender: w | discipline_name: handball | discipline_code: hbl | venue: south paris arena 6 | participant_code: hblwteam7---ang01 | participant_name: angola | participant_type: team | participant_country_code: ang | participant_country: angola | result: 19 | result_type: points | result_WLT: l | start_order: 2
date: 2024-08-03t17:25:23+02:00 | stage_code: hblwteam7-------------gpa-001300-- | event_code: hblwteam7 | event_name: women | event_stage: women's preliminary round group a | stage: preliminary round group a | gender: w | discipline_name: handball | discipline_code: hbl | venue: south paris arena 6 | participant_code: hblwteam7---slo01 | participant_name: slovenia | participant_type: team | participant_country_code: slo | participant_country: slovenia | result: 23 | result_type: points | result_WLT: l | start_order: 1
date: 2024-08-03t17:25:23+02:00 | stage_code: hblwteam7-------------gpa-001300-- | event_code: hblwteam7 | event_name: women | event_stage: women's preliminary round group a | stage: preliminary round group a | gender: w | discipline_name: handball | discipline_code: hbl | venue: south paris arena 6 | participant_code: hblwteam7---swe01 | participant_name: sweden | participant_type: team | participant_country_code: swe | participant_country: sweden | result: 27 | result_type: points | result_WLT: w | start_order: 2
date: 2024-08-03t20:29:34+02:00 | stage_code: hblwteam7-------------gpa-001400-- | event_code: hblwteam7 | event_name: women | event_stage: women's preliminary round group a | stage: preliminary round group a | gender: w | discipline_name: handball | discipline_code: hbl | venue: south paris arena 6 | participant_code: hblwteam7---nor01 | participant_name: norway | participant_type: team | participant_country_code: nor | participant_country: norway | result: 30 | result_type: points | result_WLT: w | start_order: 1
date: 2024-08-03t20:29:34+02:00 | stage_code: hblwteam7-------------gpa-001400-- | event_code: hblwteam7 | event_name: women | event_stage: women's preliminary round group a | stage: preliminary round group a | gender: w | discipline_name: handball | discipline_code: hbl | venue: south paris arena 6 | participant_code: hblwteam7---ger01 | participant_name: germany | participant_type: team | participant_country_code: ger | participant_country: germany | result: 18 | result_type: points | result_WLT: l | start_order: 2
date: 2024-08-03t22:31:02+02:00 | stage_code: hblwteam7-------------gpa-001500-- | event_code: hblwteam7 | event_name: women | event_stage: women's preliminary round group a | stage: preliminary round group a | gender: w | discipline_name: handball | discipline_code: hbl | venue: south paris arena 6 | participant_code: hblwteam7---den01 | participant_name: denmark | participant_type: team | participant_country_code: den | participant_country: denmark | result: 28 | result_type: points | result_WLT: w | start_order: 1
date: 2024-08-03t22:31:02+02:00 | stage_code: hblwteam7-------------gpa-001500-- | event_code: hblwteam7 | event_name: women | event_stage: women's preliminary round group a | stage: preliminary round group a | gender: w | discipline_name: handball | discipline_code: hbl | venue: south paris arena 6 | participant_code: hblwteam7---kor01 | participant_name: republic of korea | participant_type: team | participant_country_code: kor | participant_country: korea | result: 20 | result_type: points | result_WLT: l | start_order: 2
date: 2024-08-06t11:05:59+02:00 | stage_code: hblwteam7-------------qfnl000200-- | event_code: hblwteam7 | event_name: women | event_stage: women's quarterfinal | stage: quarterfinal | gender: w | discipline_name: handball | discipline_code: hbl | venue: pierre mauroy stadium | participant_code: hblwteam7---den01 | participant_name: denmark | participant_type: team | participant_country_code: den | participant_country: denmark | result: 29 | result_type: points | result_WLT: w | start_order: 1
date: 2024-08-06t11:05:59+02:00 | stage_code: hblwteam7-------------qfnl000200-- | event_code: hblwteam7 | event_name: women | event_stage: women's quarterfinal | stage: quarterfinal | gender: w | discipline_name: handball | discipline_code: hbl | venue: pierre mauroy stadium | participant_code: hblwteam7---ned01 | participant_name: netherlands | participant_type: team | participant_country_code: ned | participant_country: netherlands | result: 25 | result_type: points | result_WLT: l | start_order: 2
date: 2024-08-06t16:00:12+02:00 | stage_code: hblwteam7-------------qfnl000400-- | event_code: hblwteam7 | event_name: women | event_stage: women's quarterfinal | stage: quarterfinal | gender: w | discipline_name: handball | discipline_code: hbl | venue: pierre mauroy stadium | participant_code: hblwteam7---fra01 | participant_name: france | participant_type: team | participant_country_code: fra | participant_country: france | result: 26 | result_type: points | result_WLT: w | start_order: 1
date: 2024-08-06t16:00:12+02:00 | stage_code: hblwteam7-------------qfnl000400-- | event_code: hblwteam7 | event_name: women | event_stage: women's quarterfinal | stage: quarterfinal | gender: w | discipline_name: handball | discipline_code: hbl | venue: pierre mauroy stadium | participant_code: hblwteam7---ger01 | participant_name: germany | participant_type: team | participant_country_code: ger | participant_country: germany | result: 23 | result_type: points | result_WLT: l | start_order: 2
date: 2024-08-06t19:19:31+02:00 | stage_code: hblwteam7-------------qfnl000300-- | event_code: hblwteam7 | event_name: women | event_stage: women's quarterfinal | stage: quarterfinal | gender: w | discipline_name: handball | discipline_code: hbl | venue: pierre mauroy stadium | participant_code: hblwteam7---hun01 | participant_name: hungary | participant_type: team | participant_country_code: hun | participant_country: hungary | result: 32 | result_type: points | result_WLT: l | start_order: 1
date: 2024-08-06t19:19:31+02:00 | stage_code: hblwteam7-------------qfnl000300-- | event_code: hblwteam7 | event_name: women | event_stage: women's quarterfinal | stage: quarterfinal | gender: w | discipline_name: handball | discipline_code: hbl | venue: pierre mauroy stadium | participant_code: hblwteam7---swe01 | participant_name: sweden | participant_type: team | participant_country_code: swe | participant_country: sweden | result: 36 | result_type: points | result_WLT: w | start_order: 2
date: 2024-08-06t22:57:39+02:00 | stage_code: hblwteam7-------------qfnl000100-- | event_code: hblwteam7 | event_name: women | event_stage: women's quarterfinal | stage: quarterfinal | gender: w | discipline_name: handball | discipline_code: hbl | venue: pierre mauroy stadium | participant_code: hblwteam7---nor01 | participant_name: norway | participant_type: team | participant_country_code: nor | participant_country: norway | result: 32 | result_type: points | result_WLT: w | start_order: 1
date: 2024-08-06t22:57:39+02:00 | stage_code: hblwteam7-------------qfnl000100-- | event_code: hblwteam7 | event_name: women | event_stage: women's quarterfinal | stage: quarterfinal | gender: w | discipline_name: handball | discipline_code: hbl | venue: pierre mauroy stadium | participant_code: hblwteam7---bra01 | participant_name: brazil | participant_type: team | participant_country_code: bra | participant_country: brazil | result: 15 | result_type: points | result_WLT: l | start_order: 2
date: 2024-08-08t18:55:26+02:00 | stage_code: hblwteam7-------------sfnl000200-- | event_code: hblwteam7 | event_name: women | event_stage: women's semifinal | stage: semifinal | gender: w | discipline_name: handball | discipline_code: hbl | venue: pierre mauroy stadium | participant_code: hblwteam7---swe01 | participant_name: sweden | participant_type: team | participant_country_code: swe | participant_country: sweden | result: 28 | result_type: points | result_WLT: l | start_order: 1
date: 2024-08-08t18:55:26+02:00 | stage_code: hblwteam7-------------sfnl000200-- | event_code: hblwteam7 | event_name: women | event_stage: women's semifinal | stage: semifinal | gender: w | discipline_name: handball | discipline_code: hbl | venue: pierre mauroy stadium | participant_code: hblwteam7---fra01 | participant_name: france | participant_type: team | participant_country_code: fra | participant_country: france | result: 31 | result_type: points | result_WLT: w | start_order: 2
date: 2024-08-08t23:03:59+02:00 | stage_code: hblwteam7-------------sfnl000100-- | event_code: hblwteam7 | event_name: women | event_stage: women's semifinal | stage: semifinal | gender: w | discipline_name: handball | discipline_code: hbl | venue: pierre mauroy stadium | participant_code: hblwteam7---nor01 | participant_name: norway | participant_type: team | participant_country_code: nor | participant_country: norway | result: 25 | result_type: points | result_WLT: w | start_order: 1
date: 2024-08-08t23:03:59+02:00 | stage_code: hblwteam7-------------sfnl000100-- | event_code: hblwteam7 | event_name: women | event_stage: women's semifinal | stage: semifinal | gender: w | discipline_name: handball | discipline_code: hbl | venue: pierre mauroy stadium | participant_code: hblwteam7---den01 | participant_name: denmark | participant_type: team | participant_country_code: den | participant_country: denmark | result: 21 | result_type: points | result_WLT: l | start_order: 2
date: 2024-08-10t11:45:26+02:00 | stage_code: hblwteam7-------------fnl-000200-- | event_code: hblwteam7 | event_name: women | event_stage: women's bronze medal match | stage: bronze medal match | gender: w | discipline_name: handball | discipline_code: hbl | venue: pierre mauroy stadium | participant_code: hblwteam7---den01 | participant_name: denmark | participant_type: team | participant_country_code: den | participant_country: denmark | result: 30 | result_type: points | result_WLT: w | start_order: 1
date: 2024-08-10t11:45:26+02:00 | stage_code: hblwteam7-------------fnl-000200-- | event_code: hblwteam7 | event_name: women | event_stage: women's bronze medal match | stage: bronze medal match | gender: w | discipline_name: handball | discipline_code: hbl | venue: pierre mauroy stadium | participant_code: hblwteam7---swe01 | participant_name: sweden | participant_type: team | participant_country_code: swe | participant_country: sweden | result: 25 | result_type: points | result_WLT: l | start_order: 2
date: 2024-08-10t16:31:39+02:00 | stage_code: hblwteam7-------------fnl-000100-- | event_code: hblwteam7 | event_name: women | event_stage: women's gold medal match | stage: gold medal match | gender: w | discipline_name: handball | discipline_code: hbl | venue: pierre mauroy stadium | participant_code: hblwteam7---nor01 | participant_name: norway | participant_type: team | participant_country_code: nor | participant_country: norway | result: 29 | result_type: points | result_WLT: w | start_order: 1
date: 2024-08-10t16:31:39+02:00 | stage_code: hblwteam7-------------fnl-000100-- | event_code: hblwteam7 | event_name: women | event_stage: women's gold medal match | stage: gold medal match | gender: w | discipline_name: handball | discipline_code: hbl | venue: pierre mauroy stadium | participant_code: hblwteam7---fra01 | participant_name: france | participant_type: team | participant_country_code: fra | participant_country: france | result: 21 | result_type: points | result_WLT: l | start_order: 2
