text
date: 2024-07-27t11:41:49+02:00 | stage_code: hocmteam11------------gpa-000100-- | event_code: hocmteam11 | event_name: men | event_stage: men's pool a | stage: pool a | gender: m | discipline_name: hockey | discipline_code: hoc | venue: yves-du-manoir stadium | participant_code: hocmteam11--gbr01 | participant_name: great britain | participant_type: team | participant_country_code: gbr | participant_country: great britain | result: 4 | result_type: points | result_WLT: w | start_order: 1
date: 2024-07-27t11:41:49+02:00 | stage_code: hocmteam11------------gpa-000100-- | event_code: hocmteam11 | event_name: men | event_stage: men's pool a | stage: pool a | gender: m | discipline_name: hockey | discipline_code: hoc | venue: yves-du-manoir stadium | participant_code: hocmteam11--esp01 | participant_name: spain | participant_type: team | participant_country_code: esp | participant_country: spain | result: 0 | result_type: points | result_WLT: l | start_order: 2
date: 2024-07-27t11:59:04+02:00 | stage_code: hocmteam11------------gpb-000100-- | event_code: hocmteam11 | event_name: men | event_stage: men's pool b | stage: pool b | gender: m | discipline_name: hockey | discipline_code: hoc | venue: yves-du-manoir stadium | participant_code: hocmteam11--bel01 | participant_name: belgium | participant_type: team | participant_country_code: bel | participant_country: belgium | result: 2 | result_type: points | result_WLT: w | start_order: 1
date: 2024-07-27t11:59:04+02:00 | stage_code: hocmteam11------------gpb-000100-- | event_code: hocmteam11 | event_name: men | event_stage: men's pool b | stage: pool b | gender: m | discipline_name: hockey | discipline_code: hoc | venue: yves-du-manoir stadium | participant_code: hocmteam11--irl01 | participant_name: ireland | participant_type: team | participant_country_code: irl | participant_country: ireland | result: 0 | result_type: points | result_WLT: l | start_order: 2
date: 2024-07-27t14:35:22+02:00 | stage_code: hocmteam11------------gpa-000200-- | event_code: hocmteam11 | event_name: men | event_stage: men's pool a | stage: pool a | gender: m | discipline_name: hockey | discipline_code: hoc | venue: yves-du-manoir stadium | participant_code: hocmteam11--ned01 | participant_name: netherlands | participant_type: team | participant_country_code: ned | participant_country: netherlands | result: 5 | result_type: points | result_WLT: w | start_order: 1
date: 2024-07-27t14:35:22+02:00 | stage_code: hocmteam11------------gpa-000200-- | event_code: hocmteam11 | event_name: men | event_stage: men's pool a | stage: pool a | gender: m | discipline_name: hockey | discipline_code: hoc | venue: yves-du-manoir stadium | participant_code: hocmteam11--rsa01 | participant_name: south africa | participant_type: team | participant_country_code: rsa | participant_country: south africa | result: 3 | result_type: points | result_WLT: l | start_order: 2
date: 2024-07-27t14:44:37+02:00 | stage_code: hocmteam11------------gpb-000200-- | event_code: hocmteam11 | event_name: men | event_stage: men's pool b | stage: pool b | gender: m | discipline_name: hockey | discipline_code: hoc | venue: yves-du-manoir stadium | participant_code: hocmteam11--aus01 | participant_name: australia | participant_type: team | participant_country_code: aus | participant_country: australia | result: 1 | result_type: points | result_WLT: w | start_order: 1
date: 2024-07-27t14:44:37+02:00 | stage_code: hocmteam11------------gpb-000200-- | event_code: hocmteam11 | event_name: men | event_stage: men's pool b | stage: pool b | gender: m | discipline_name: hockey | discipline_code: hoc | venue: yves-du-manoir stadium | participant_code: hocmteam11--arg01 | participant_name: argentina | participant_type: team | participant_country_code: arg | participant_country: argentina | result: 0 | result_type: points | result_WLT: l | start_order: 2
date: 2024-07-27t18:39:28+02:00 | stage_code: hocmteam11------------gpa-000300-- | event_code: hocmteam11 | event_name: men | event_stage: men's pool a | stage: pool a | gender: m | discipline_name: hockey | discipline_code: hoc | venue: yves-du-manoir stadium | participant_code: hocmteam11--ger01 | participant_name: germany | participant_type: team | participant_country_code: ger | participant_country: germany | result: 8 | result_type: points | result_WLT: w | start_order: 1
date: 2024-07-27t18:39:28+02:00 | stage_code: hocmteam11------------gpa-000300-- | event_code: hocmteam11 | event_name: men | event_stage: men's pool a | stage: pool a | gender: m | discipline_name: hockey | discipline_code: hoc | venue: yves-du-manoir stadium | participant_code: hocmteam11--fra01 | participant_name: france | participant_type: team | participant_country_code: fra | participant_country: france | result: 2 | result_type: points | result_WLT: l | start_order: 2
date: 2024-07-27t19:14:03+02:00 | stage_code: hocmteam11------------gpb-000300-- | event_code: hocmteam11 | event_name: men | event_stage: men's pool b | stage: pool b | gender: m | discipline_name: hockey | discipline_code: hoc | venue: yves-du-manoir stadium | participant_code: hocmteam11--ind01 | participant_name: india | participant_type: team | participant_country_code: ind | participant_country: india | result: 3 | result_type: points | result_WLT: w | start_order: 1
date: 2024-07-27t19:14:03+02:00 | stage_code: hocmteam11------------gpb-000300-- | event_code: hocmteam11 | event_name: men | event_stage: men's pool b | stage: pool b | gender: m | discipline_name: hockey | discipline_code: hoc | venue: yves-du-manoir stadium | participant_code: hocmteam11--nzl01 | participant_name: new zealand | participant_type: team | participant_country_code: nzl | participant_country: new zealand | result: 2 | result_type: points | result_WLT: l | start_order: 2
date: 2024-07-28t18:33:32+02:00 | stage_code: hocmteam11------------gpa-000400-- | event_code: hocmteam11 | event_name: men | event_stage: men's pool a | stage: pool a | gender: m | discipline_name: hockey | discipline_code: hoc | venue: yves-du-manoir stadium | participant_code: hocmteam11--ger01 | participant_name: germany | participant_type: team | participant_country_code: ger | participant_country: germany | result: 0 | result_type: points | result_WLT: l | start_order: 1
date: 2024-07-28t18:33:32+02:00 | stage_code: hocmteam11------------gpa-000400-- | event_code: hocmteam11 | event_name: men | event_stage: men's pool a | stage: pool a | gender: m | discipline_name: hockey | discipline_code: hoc | venue: yves-du-manoir stadium | participant_code: hocmteam11--esp01 | participant_name: spain | participant_type: team | participant_country_code: esp | participant_country: spain | result: 2 | result_type: points | result_WLT: w | start_order: 2
date: 2024-07-28t19:02:32+02:00 | stage_code: hocmteam11------------gpb-000400-- | event_code: hocmteam11 | event_name: men | event_stage: men's pool b | stage: pool b | gender: m | discipline_name: hockey | discipline_code: hoc | venue: yves-du-manoir stadium | participant_code: hocmteam11--bel01 | participant_name: belgium | participant_type: team | participant_country_code: bel | participant_country: belgium | result: 2 | result_type: points | result_WLT: w | start_order: 1
date: 2024-07-28t19:02:32+02:00 | stage_code: hocmteam11------------gpb-000400-- | event_code: hocmteam11 | event_name: men | event_stage: men's pool b | stage: pool b | gender: m | discipline_name: hockey | discipline_code: hoc | venue: yves-du-manoir stadium | participant_code: hocmteam11--nzl01 | participant_name: new zealand | participant_type: team | participant_country_code: nzl | participant_country: new zealand | result: 1 | result_type: points | result_WLT: l | start_order: 2
date: 2024-07-28t21:32:24+02:00 | stage_code: hocmteam11------------gpa-000500-- | event_code: hocmteam11 | event_name: men | event_stage: men's pool a | stage: pool a | gender: m | discipline_name: hockey | discipline_code: hoc | venue: yves-du-manoir stadium | participant_code: hocmteam11--ned01 | participant_name: netherlands | participant_type: team | participant_country_code: ned | participant_country: netherlands | result: 4 | result_type: points | result_WLT: w | start_order: 1
date: 2024-07-28t21:32:24+02:00 | stage_code: hocmteam11------------gpa-000500-- | event_code: hocmteam11 | event_name: men | event_stage: men's pool a | stage: pool a | gender: m | discipline_name: hockey | discipline_code: hoc | venue: yves-du-manoir stadium | participant_code: hocmteam11--fra01 | participant_name: france | participant_type: team | participant_country_code: fra | participant_country: france | result: 0 | result_type: points | result_WLT: l | start_order: 2
date: 2024-07-28t21:55:52+02:00 | stage_code: hocmteam11------------gpa-000600-- | event_code: hocmteam11 | event_name: men | event_stage: men's pool a | stage: pool a | gender: m | discipline_name: hockey | discipline_code: hoc | venue: yves-du-manoir stadium | participant_code: hocmteam11--rsa01 | participant_name: south africa | participant_type: team | participant_country_code: rsa | participant_country: south africa | result: 2 | result_type: points | result_WLT: t | start_order: 1
date: 2024-07-28t21:55:52+02:00 | stage_code: hocmteam11------------gpa-000600-- | event_code: hocmteam11 | event_name: men | event_stage: men's pool a | stage: pool a | gender: m | discipline_name: hockey | discipline_code: hoc | venue: yves-du-manoir stadium | participant_code: hocmteam11--gbr01 | participant_name: great britain | participant_type: team | participant_country_code: gbr | participant_country: great britain | result: 2 | result_type: points | result_WLT: t | start_order: 2
date: 2024-07-29t11:38:47+02:00 | stage_code: hocmteam11------------gpb-000500-- | event_code: hocmteam11 | event_name: men | event_stage: men's pool b | stage: pool b | gender: m | discipline_name: hockey | discipline_code: hoc | venue: yves-du-manoir stadium | participant_code: hocmteam11--irl01 | participant_name: ireland | participant_type: team | participant_country_code: irl | participant_country: ireland | result: 1 | result_type: points | result_WLT: l | start_order: 1
date: 2024-07-29t11:38:47+02:00 | stage_code: hocmteam11------------gpb-000500-- | event_code: hocmteam11 | event_name: men | event_stage: men's pool b | stage: pool b | gender: m | discipline_name: hockey | discipline_code: hoc | venue: yves-du-manoir stadium | participant_code: hocmteam11--aus01 | participant_name: australia | participant_type: team | participant_country_code: aus | participant_country: australia | result: 2 | result_type: points | result_WLT: w | start_order: 2
date: 2024-07-29t14:32:52+02:00 | stage_code: hocmteam11------------gpb-000600-- | event_code: hocmteam11 | event_name: men | event_stage: men's pool b | stage: pool b | gender: m | discipline_name: hockey | discipline_code: hoc | venue: yves-du-manoir stadium | participant_code: hocmteam11--ind01 | participant_name: india | participant_type: team | participant_country_code: ind | participant_country: india | result: 1 | result_type: points | result_WLT: t | start_order: 1
date: 2024-07-29t14:32:52+02:00 | stage_code: hocmteam11------------gpb-000600-- | event_code: hocmteam11 | event_name: men | event_stage: men's pool b | stage: pool b | gender: m | discipline_name: hockey | discipline_code: hoc | venue: yves-du-manoir stadium | participant_code: hocmteam11--arg01 | participant_name: argentina | participant_type: team | participant_country_code: arg | participant_country: argentina | result: 1 | result_type: points | result_WLT: t | start_order: 2
date: 2024-07-30t12:19:12+02:00 | stage_code: hocmteam11------------gpa-000700-- | event_code: hocmteam11 | event_name: men | event_stage: men's pool a | stage: pool a | gender: m | discipline_name: hockey | discipline_code: hoc | venue: yves-du-manoir stadium | participant_code: hocmteam11--esp01 | participant_name: spain | participant_type: team | participant_country_code: esp | participant_country: spain | result: 3 | result_type: points | result_WLT: t | start_order: 1
date: 2024-07-30t12:19:12+02:00 | stage_code: hocmteam11------------gpa-000700-- | event_code: hocmteam11 | event_name: men | event_stage: men's pool a | stage: pool a | gender: m | discipline_name: hockey | discipline_code: hoc | venue: yves-du-manoir stadium | participant_code: hocmteam11--fra01 | participant_name: france | participant_type: team | participant_country_code: fra | participant_country: france | result: 3 | result_type: points | result_WLT: t | start_order: 2
date: 2024-07-30t12:22:32+02:00 | stage_code: hocmteam11------------gpa-000800-- | event_code: hocmteam11 | event_name: men | event_stage: men's pool a | stage: pool a | gender: m | discipline_name: hockey | discipline_code: hoc | venue: yves-du-manoir stadium | participant_code: hocmteam11--rsa01 | participant_name: south africa | participant_type: team | participant_country_code: rsa | participant_country: south africa | result: 1 | result_type: points | result_WLT: l | start_order: 1
date: 2024-07-30t12:22:32+02:00 | stage_code: hocmteam11------------gpa-000800-- | event_code: hocmteam11 | event_name: men | event_stage: men's pool a | stage: pool a | gender: m | discipline_name: hockey | discipline_code: hoc | venue: yves-du-manoir stadium | participant_code: hocmteam11--ger01 | participant_name: germany | participant_type: team | participant_country_code: ger | participant_country: germany | result: 5 | result_type: points | result_WLT: w | start_order: 2
date: 2024-07-30t14:35:17+02:00 | stage_code: hocmteam11------------gpa-000900-- | event_code: hocmteam11 | event_name: men | event_stage: men's pool a | stage: pool a | gender: m | discipline_name: hockey | discipline_code: hoc | venue: yves-du-manoir stadium | participant_code: hocmteam11--gbr01 | participant_name: great britain | participant_type: team | participant_country_code: gbr | participant_country: great britain | result: 2 | result_type: points | result_WLT: t | start_order: 1
date: 2024-07-30t14:35:17+02:00 | stage_code: hocmteam11------------gpa-000900-- | event_code: hocmteam11 | event_name: men | event_stage: men's pool a | stage: pool a | gender: m | discipline_name: hockey | discipline_code: hoc | venue: yves-du-manoir stadium | participant_code: hocmteam11--ned01 | participant_name: netherlands | participant_type: team | participant_country_code: ned | participant_country: netherlands | result: 2 | result_type: points | result_WLT: t | start_order: 2
date: 2024-07-30t15:03:46+02:00 | stage_code: hocmteam11------------gpb-000700-- | event_code: hocmteam11 | event_name: men | event_stage: men's pool b | stage: pool b | gender: m | discipline_name: hockey | discipline_code: hoc | venue: yves-du-manoir stadium | participant_code: hocmteam11--irl01 | participant_name: ireland | participant_type: team | participant_country_code: irl | participant_country: ireland | result: 0 | result_type: points | result_WLT: l | start_order: 1
date: 2024-07-30t15:03:46+02:00 | stage_code: hocmteam11------------gpb-000700-- | event_code: hocmteam11 | event_name: men | event_stage: men's pool b | stage: pool b | gender: m | discipline_name: hockey | discipline_code: hoc | venue: yves-du-manoir stadium | participant_code: hocmteam11--ind01 | participant_name: india | participant_type: team | participant_country_code: ind | participant_country: india | result: 2 | result_type: points | result_WLT: w | start_order: 2
date: 2024-07-30t18:36:51+02:00 | stage_code: hocmteam11------------gpb-000800-- | event_code: hocmteam11 | event_name: men | event_stage: men's pool b | stage: pool b | gender: m | discipline_name: hockey | discipline_code: hoc | venue: yves-du-manoir stadium | participant_code: hocmteam11--arg01 | participant_name: argentina | participant_type: team | participant_country_code: arg | participant_country: argentina | result: 2 | result_type: points | result_WLT: w | start_order: 1
date: 2024-07-30t18:36:51+02:00 | stage_code: hocmteam11------------gpb-000800-- | event_code: hocmteam11 | event_name: men | event_stage: men's pool b | stage: pool b | gender: m | discipline_name: hockey | discipline_code: hoc | venue: yves-du-manoir stadium | participant_code: hocmteam11--nzl01 | participant_name: new zealand | participant_type: team | participant_country_code: nzl | participant_country: new zealand | result: 0 | result_type: points | result_WLT: l | start_order: 2
date: 2024-07-30t21:37:29+02:00 | stage_code: hocmteam11------------gpb-000900-- | event_code: hocmteam11 | event_name: men | event_stage: men's pool b | stage: pool b | gender: m | discipline_name: hockey | discipline_code: hoc | venue: yves-du-manoir stadium | participant_code: hocmteam11--aus01 | participant_name: australia | participant_type: team | participant_country_code: aus | participant_country: australia | result: 2 | result_type: points | result_WLT: l | start_order: 1
date: 2024-07-30t21:37:29+02:00 | stage_code: hocmteam11------------gpb-000900-- | event_code: hocmteam11 | event_name: men | event_stage: men's pool b | stage: pool b | gender: m | discipline_name: hockey | discipline_code: hoc | venue: yves-du-manoir stadium | participant_code: hocmteam11--bel01 | participant_name: belgium | participant_type: team | participant_country_code: bel | participant_country: belgium | result: 6 | result_type: points | result_WLT: w | start_order: 2
date: 2024-07-31t18:59:01+02:00 | stage_code: hocmteam11------------gpa-001000-- | event_code: hocmteam11 | event_name: men | event_stage: men's pool a | stage: pool a | gender: m | discipline_name: hockey | discipline_code: hoc | venue: yves-du-manoir stadium | participant_code: hocmteam11--ger01 | participant_name: germany | participant_type: team | participant_country_code: ger | participant_country: germany | result: 1 | result_type: points | result_WLT: w | start_order: 1
date: 2024-07-31t18:59:01+02:00 | stage_code: hocmteam11------------gpa-001000-- | event_code: hocmteam11 | event_name: men | event_stage: men's pool a | stage: pool a | gender: m | discipline_name: hockey | discipline_code: hoc | venue: yves-du-manoir stadium | participant_code: hocmteam11--ned01 | participant_name: netherlands | participant_type: team | participant_country_code: ned | participant_country: netherlands | result: 0 | result_type: points | result_WLT: l | start_order: 2
date: 2024-07-31t21:22:17+02:00 | stage_code: hocmteam11------------gpa-001100-- | event_code: hocmteam11 | event_name: men | event_stage: men's pool a | stage: pool a | gender: m | discipline_name: hockey | discipline_code: hoc | venue: yves-du-manoir stadium | participant_code: hocmteam11--esp01 | participant_name: spain | participant_type: team | participant_country_code: esp | participant_country: spain | result: 3 | result_type: points | result_WLT: w | start_order: 1
date: 2024-07-31t21:22:17+02:00 | stage_code: hocmteam11------------gpa-001100-- | event_code: hocmteam11 | event_name: men | event_stage: men's pool a | stage: pool a | gender: m | discipline_name: hockey | discipline_code: hoc | venue: yves-du-manoir stadium | participant_code: hocmteam11--rsa01 | participant_name: south africa | participant_type: team | participant_country_code: rsa | participant_country: south africa | result: 0 | result_type: points | result_WLT: l | start_order: 2
date: 2024-08-01t11:40:39+02:00 | stage_code: hocmteam11------------gpb-001000-- | event_code: hocmteam11 | event_name: men | event_stage: men's pool b | stage: pool b | gender: m | discipline_name: hockey | discipline_code: hoc | venue: yves-du-manoir stadium | participant_code: hocmteam11--ind01 | participant_name: india | participant_type: team | participant_country_code: ind | participant_country: india | result: 1 | result_type: points | result_WLT: l | start_order: 1
date: 2024-08-01t11:40:39+02:00 | stage_code: hocmteam11------------gpb-001000-- | event_code: hocmteam11 | event_name: men | event_stage: men's pool b | stage: pool b | gender: m | discipline_name: hockey | discipline_code: hoc | venue: yves-du-manoir stadium | participant_code: hocmteam11--bel01 | participant_name: belgium | participant_type: team | participant_country_code: bel | participant_country: belgium | result: 2 | result_type: points | result_WLT: w | start_order: 2
date: 2024-08-01t12:16:40+02:00 | stage_code: hocmteam11------------gpb-001100-- | event_code: hocmteam11 | event_name: men | event_stage: men's pool b | stage: pool b | gender: m | discipline_name: hockey | discipline_code: hoc | venue: yves-du-manoir stadium | participant_code: hocmteam11--nzl01 | participant_name: new zealand | participant_type: team | participant_country_code: nzl | participant_country: new zealand | result: 0 | result_type: points | result_WLT: l | start_order: 1
date: 2024-08-01t12:16:40+02:00 | stage_code: hocmteam11------------gpb-001100-- | event_code: hocmteam11 | event_name: men | event_stage: men's pool b | stage: pool b | gender: m | discipline_name: hockey | discipline_code: hoc | venue: yves-du-manoir stadium | participant_code: hocmteam11--aus01 | participant_name: australia | participant_type: team | participant_country_code: aus | participant_country: australia | result: 5 | result_type: points | result_WLT: w | start_order: 2
date: 2024-08-01t14:44:56+02:00 | stage_code: hocmteam11------------gpa-001200-- | event_code: hocmteam11 | event_name: men | event_stage: men's pool a | stage: pool a | gender: m | discipline_name: hockey | discipline_code: hoc | venue: yves-du-manoir stadium | participant_code: hocmteam11--fra01 | participant_name: france | participant_type: team | participant_country_code: fra | participant_country: france | result: 1 | result_type: points | result_WLT: l | start_order: 1
date: 2024-08-01t14:44:56+02:00 | stage_code: hocmteam11------------gpa-001200-- | event_code: hocmteam11 | event_name: men | event_stage: men's pool a | stage: pool a | gender: m | discipline_name: hockey | discipline_code: hoc | venue: yves-du-manoir stadium | participant_code: hocmteam11--gbr01 | participant_name: great britain | participant_type: team | participant_country_code: gbr | participant_country: great britain | result: 2 | result_type: points | result_WLT: w | start_order: 2
date: 2024-08-01t15:00:20+02:00 | stage_code: hocmteam11------------gpb-001200-- | event_code: hocmteam11 | event_name: men | event_stage: men's pool b | stage: pool b | gender: m | discipline_name: hockey | discipline_code: hoc | venue: yves-du-manoir stadium | participant_code: hocmteam11--arg01 | participant_name: argentina | participant_type: team | participant_country_code: arg | participant_country: argentina | result: 2 | result_type: points | result_WLT: w | start_order: 1
date: 2024-08-01t15:00:20+02:00 | stage_code: hocmteam11------------gpb-001200-- | event_code: hocmteam11 | event_name: men | event_stage: men's pool b | stage: pool b | gender: m | discipline_name: hockey | discipline_code: hoc | venue: yves-du-manoir stadium | participant_code: hocmteam11--irl01 | participant_name: ireland | participant_type: team | participant_country_code: irl | participant_country: ireland | result: 1 | result_type: points | result_WLT: l | start_order: 2
date: 2024-08-02t12:30:04+02:00 | stage_code: hocmteam11------------gpa-001300-- | event_code: hocmteam11 | event_name: men | event_stage: men's pool a | stage: pool a | gender: m | discipline_name: hockey | discipline_code: hoc | venue: yves-du-manoir stadium | participant_code: hocmteam11--ned01 | participant_name: netherlands | participant_type: team | participant_country_code: ned | participant_country: netherlands | result: 5 | result_type: points | result_WLT: w | start_order: 1
date: 2024-08-02t12:30:04+02:00 | stage_code: hocmteam11------------gpa-001300-- | event_code: hocmteam11 | event_name: men | event_stage: men's pool a | stage: pool a | gender: m | discipline_name: hockey | discipline_code: hoc | venue: yves-du-manoir stadium | participant_code: hocmteam11--esp01 | participant_name: spain | participant_type: team | participant_country_code: esp | participant_country: spain | result: 3 | result_type: points | result_WLT: l | start_order: 2
date: 2024-08-02t14:56:40+02:00 | stage_code: hocmteam11------------gpb-001300-- | event_code: hocmteam11 | event_name: men | event_stage: men's pool b | stage: pool b | gender: m | discipline_name: hockey | discipline_code: hoc | venue: yves-du-manoir stadium | participant_code: hocmteam11--aus01 | participant_name: australia | participant_type: team | participant_country_code: aus | participant_country: australia | result: 2 | result_type: points | result_WLT: l | start_order: 1
date: 2024-08-02t14:56:40+02:00 | stage_code: hocmteam11------------gpb-001300-- | event_code: hocmteam11 | event_name: men | event_stage: men's pool b | stage: pool b | gender: m | discipline_name: hockey | discipline_code: hoc | venue: yves-du-manoir stadium | participant_code: hocmteam11--ind01 | participant_name: india | participant_type: team | participant_country_code: ind | participant_country: india | result: 3 | result_type: points | result_WLT: w | start_order: 2
date: 2024-08-02t18:37:05+02:00 | stage_code: hocmteam11------------gpb-001400-- | event_code: hocmteam11 | event_name: men | event_stage: men's pool b | stage: pool b | gender: m | discipline_name: hockey | discipline_code: hoc | venue: yves-du-manoir stadium | participant_code: hocmteam11--nzl01 | participant_name: new zealand | participant_type: team | participant_country_code: nzl | participant_country: new zealand | result: 1 | result_type: points | result_WLT: l | start_order: 1
date: 2024-08-02t18:37:05+02:00 | stage_code: hocmteam11------------gpb-001400-- | event_code: hocmteam11 | event_name: men | event_stage: men's pool b | stage: pool b | gender: m | discipline_name: hockey | discipline_code: hoc | venue: yves-du-manoir stadium | participant_code: hocmteam11--irl01 | participant_name: ireland | participant_type: team | participant_country_code: irl | participant_country: ireland | result: 2 | result_type: points | result_WLT: w | start_order: 2
date: 2024-08-02t19:10:02+02:00 | stage_code: hocmteam11------------gpb-001500-- | event_code: hocmteam11 | event_name: men | event_stage: men's pool b | stage: pool b | gender: m | discipline_name: hockey | discipline_code: hoc | venue: yves-du-manoir stadium | participant_code: hocmteam11--bel01 | participant_name: belgium | participant_type: team | participant_country_code: bel | participant_country: belgium | result: 3 | result_type: points | result_WLT: t | start_order: 1
date: 2024-08-02t19:10:02+02:00 | stage_code: hocmteam11------------gpb-001500-- | event_code: hocmteam11 | event_name: men | event_stage: men's pool b | stage: pool b | gender: m | discipline_name: hockey | discipline_code: hoc | venue: yves-du-manoir stadium | participant_code: hocmteam11--arg01 | participant_name: argentina | participant_type: team | participant_country_code: arg | participant_country: argentina | result: 3 | result_type: points | result_WLT: t | start_order: 2
date: 2024-08-02t21:26:44+02:00 | stage_code: hocmteam11------------gpa-001400-- | event_code: hocmteam11 | event_name: men | event_stage: men's pool a | stage: pool a | gender: m | discipline_name: hockey | discipline_code: hoc | venue: yves-du-manoir stadium | participant_code: hocmteam11--fra01 | participant_name: france | participant_type: team | participant_country_code: fra | participant_country: france | result: 2 | result_type: points | result_WLT: l | start_order: 1
date: 2024-08-02t21:26:44+02:00 | stage_code: hocmteam11------------gpa-001400-- | event_code: hocmteam11 | event_name: men | event_stage: men's pool a | stage: pool a | gender: m | discipline_name: hockey | discipline_code: hoc | venue: yves-du-manoir stadium | participant_code: hocmteam11--rsa01 | participant_name: south africa | participant_type: team | participant_country_code: rsa | participant_country: south africa | result: 5 | result_type: points | result_WLT: w | start_order: 2
date: 2024-08-02t21:51:40+02:00 | stage_code: hocmteam11------------gpa-001500-- | event_code: hocmteam11 | event_name: men | event_stage: men's pool a | stage: pool a | gender: m | discipline_name: hockey | discipline_code: hoc | venue: yves-du-manoir stadium | participant_code: hocmteam11--gbr01 | participant_name: great britain | participant_type: team | participant_country_code: gbr | participant_country: great britain | result: 1 | result_type: points | result_WLT: l | start_order: 1
date: 2024-08-02t21:51:40+02:00 | stage_code: hocmteam11------------gpa-001500-- | event_code: hocmteam11 | event_name: men | event_stage: men's pool a | stage: pool a | gender: m | discipline_name: hockey | discipline_code: hoc | venue: yves-du-manoir stadium | participant_code: hocmteam11--ger01 | participant_name: germany | participant_type: team | participant_country_code: ger | participant_country: germany | result: 2 | result_type: points | result_WLT: w | start_order: 2
date: 2024-08-04t12:02:05+02:00 | stage_code: hocmteam11------------qfnl000200-- | event_code: hocmteam11 | event_name: men | event_stage: men's quarter-final | stage: quarter-final | gender: m | discipline_name: hockey | discipline_code: hoc | venue: yves-du-manoir stadium | participant_code: hocmteam11--ind01 | participant_name: india | participant_type: team | participant_country_code: ind | participant_country: india | result: 1 | result_type: points | result_WLT: w | start_order: 1
date: 2024-08-04t12:02:05+02:00 | stage_code: hocmteam11------------qfnl000200-- | event_code: hocmteam11 | event_name: men | event_stage: men's quarter-final | stage: quarter-final | gender: m | discipline_name: hockey | discipline_code: hoc | venue: yves-du-manoir stadium | participant_code: hocmteam11--gbr01 | participant_name: great britain | participant_type: team | participant_country_code: gbr | participant_country: great britain | result: 1 | result_type: points | result_WLT: l | start_order: 2
date: 2024-08-04t14:12:54+02:00 | stage_code: hocmteam11------------qfnl000400-- | event_code: hocmteam11 | event_name: men | event_stage: men's quarter-final | stage: quarter-final | gender: m | discipline_name: hockey | discipline_code: hoc | venue: yves-du-manoir stadium | participant_code: hocmteam11--bel01 | participant_name: belgium | participant_type: team | participant_country_code: bel | participant_country: belgium | result: 2 | result_type: points | result_WLT: l | start_order: 1
date: 2024-08-04t14:12:54+02:00 | stage_code: hocmteam11------------qfnl000400-- | event_code: hocmteam11 | event_name: men | event_stage: men's quarter-final | stage: quarter-final | gender: m | discipline_name: hockey | discipline_code: hoc | venue: yves-du-manoir stadium | participant_code: hocmteam11--esp01 | participant_name: spain | participant_type: team | participant_country_code: esp | participant_country: spain | result: 3 | result_type: points | result_WLT: w | start_order: 2
date: 2024-08-04t19:11:16+02:00 | stage_code: hocmteam11------------qfnl000300-- | event_code: hocmteam11 | event_name: men | event_stage: men's quarter-final | stage: quarter-final | gender: m | discipline_name: hockey | discipline_code: hoc | venue: yves-du-manoir stadium | participant_code: hocmteam11--ned01 | participant_name: netherlands | participant_type: team | participant_country_code: ned | participant_country: netherlands | result: 2 | result_type: points | result_WLT: w | start_order: 1
date: 2024-08-04t19:11:16+02:00 | stage_code: hocmteam11------------qfnl000300-- | event_code: hocmteam11 | event_name: men | event_stage: men's quarter-final | stage: quarter-final | gender: m | discipline_name: hockey | discipline_code: hoc | venue: yves-du-manoir stadium | participant_code: hocmteam11--aus01 | participant_name: australia | participant_type: team | participant_country_code: aus | participant_country: australia | result: 0 | result_type: points | result_WLT: l | start_order: 2
date: 2024-08-04t21:42:51+02:00 | stage_code: hocmteam11------------qfnl000100-- | event_code: hocmteam11 | event_name: men | event_stage: men's quarter-final | stage: quarter-final | gender: m | discipline_name: hockey | discipline_code: hoc | venue: yves-du-manoir stadium | participant_code: hocmteam11--ger01 | participant_name: germany | participant_type: team | participant_country_code: ger | participant_country: germany | result: 3 | result_type: points | result_WLT: w | start_order: 1
date: 2024-08-04t21:42:51+02:00 | stage_code: hocmteam11------------qfnl000100-- | event_code: hocmteam11 | event_name: men | event_stage: men's quarter-final | stage: quarter-final | gender: m | discipline_name: hockey | discipline_code: hoc | venue: yves-du-manoir stadium | participant_code: hocmteam11--arg01 | participant_name: argentina | participant_type: team | participant_country_code: arg | participant_country: argentina | result: 2 | result_type: points | result_WLT: l | start_order: 2
date: 2024-08-06t15:40:23+02:00 | stage_code: hocmteam11------------sfnl000200-- | event_code: hocmteam11 | event_name: men | event_stage: men's semi-final | stage: semi-final | gender: m | discipline_name: hockey | discipline_code: hoc | venue: yves-du-manoir stadium | participant_code: hocmteam11--ned01 | participant_name: netherlands | participant_type: team | participant_country_code: ned | participant_country: netherlands | result: 4 | result_type: points | result_WLT: w | start_order: 1
date: 2024-08-06t15:40:23+02:00 | stage_code: hocmteam11------------sfnl000200-- | event_code: hocmteam11 | event_name: men | event_stage: men's semi-final | stage: semi-final | gender: m | discipline_name: hockey | discipline_code: hoc | venue: yves-du-manoir stadium | participant_code: hocmteam11--esp01 | participant_name: spain | participant_type: team | participant_country_code: esp | participant_country: spain | result: 0 | result_type: points | result_WLT: l | start_order: 2
date: 2024-08-06t20:46:50+02:00 | stage_code: hocmteam11------------sfnl000100-- | event_code: hocmteam11 | event_name: men | event_stage: men's semi-final | stage: semi-final | gender: m | discipline_name: hockey | discipline_code: hoc | venue: yves-du-manoir stadium | participant_code: hocmteam11--ger01 | participant_name: germany | participant_type: team | participant_country_code: ger | participant_country: germany | result: 3 | result_type: points | result_WLT: w | start_order: 1
date: 2024-08-06t20:46:50+02:00 | stage_code: hocmteam11------------sfnl000100-- | event_code: hocmteam11 | event_name: men | event_stage: men's semi-final | stage: semi-final | gender: m | discipline_name: hockey | discipline_code: hoc | venue: yves-du-manoir stadium | participant_code: hocmteam11--ind01 | participant_name: india | participant_type: team | participant_country_code: ind | participant_country: india | result: 2 | result_type: points | result_WLT: l | start_order: 2
date: 2024-08-08t16:00:40+02:00 | stage_code: hocmteam11------------fnl-000200-- | event_code: hocmteam11 | event_name: men | event_stage: men's bronze medal match | stage: bronze medal match | gender: m | discipline_name: hockey | discipline_code: hoc | venue: yves-du-manoir stadium | participant_code: hocmteam11--ind01 | participant_name: india | participant_type: team | participant_country_code: ind | participant_country: india | result: 2 | result_type: points | result_WLT: w | start_order: 1
date: 2024-08-08t16:00:40+02:00 | stage_code: hocmteam11------------fnl-000200-- | event_code: hocmteam11 | event_name: men | event_stage: men's bronze medal match | stage: bronze medal match | gender: m | discipline_name: hockey | discipline_code: hoc | venue: yves-du-manoir stadium | participant_code: hocmteam11--esp01 | participant_name: spain | participant_type: team | participant_country_code: esp | participant_country: spain | result: 1 | result_type: points | result_WLT: l | start_order: 2
date: 2024-08-08t20:48:29+02:00 | stage_code: hocmteam11------------fnl-000100-- | event_code: hocmteam11 | event_name: men | event_stage: men's gold medal match | stage: gold medal match | gender: m | discipline_name: hockey | discipline_code: hoc | venue: yves-du-manoir stadium | participant_code: hocmteam11--ger01 | participant_name: germany | participant_type: team | participant_country_code: ger | participant_country: germany | result: 1 | result_type: points | result_WLT: l | start_order: 1
date: 2024-08-08t20:48:29+02:00 | stage_code: hocmteam11------------fnl-000100-- | event_code: hocmteam11 | event_name: men | event_stage: men's gold medal match | stage: gold medal match | gender: m | discipline_name: hockey | discipline_code: hoc | venue: yves-du-manoir stadium | participant_code: hocmteam11--ned01 | participant_name: netherlands | participant_type: team | participant_country_code: ned | participant_country: netherlands | result: 1 | result_type: points | result_WLT: w | start_order: 2
date: 2024-07-27t21:44:01+02:00 | stage_code: hocwteam11------------gpb-000100-- | event_code: hocwteam11 | event_name: women | event_stage: women's pool b | stage: pool b | gender: w | discipline_name: hockey | discipline_code: hoc | venue: yves-du-manoir stadium | participant_code: hocwteam11--arg01 | participant_name: argentina | participant_type: team | participant_country_code: arg | participant_country: argentina | result: 4 | result_type: points | result_WLT: w | start_order: 1
date: 2024-07-27t21:44:01+02:00 | stage_code: hocwteam11------------gpb-000100-- | event_code: hocwteam11 | event_name: women | event_stage: women's pool b | stage: pool b | gender: w | discipline_name: hockey | discipline_code: hoc | venue: yves-du-manoir stadium | participant_code: hocwteam11--usa01 | participant_name: united states of america | participant_type: team | participant_country_code: usa | participant_country: united states | result: 1 | result_type: points | result_WLT: l | start_order: 2
date: 2024-07-27t22:01:54+02:00 | stage_code: hocwteam11------------gpa-000100-- | event_code: hocwteam11 | event_name: women | event_stage: women's pool a | stage: pool a | gender: w | discipline_name: hockey | discipline_code: hoc | venue: yves-du-manoir stadium | participant_code: hocwteam11--ned01 | participant_name: netherlands | participant_type: team | participant_country_code: ned | participant_country: netherlands | result: 6 | result_type: points | result_WLT: w | start_order: 1
date: 2024-07-27t22:01:54+02:00 | stage_code: hocwteam11------------gpa-000100-- | event_code: hocwteam11 | event_name: women | event_stage: women's pool a | stage: pool a | gender: w | discipline_name: hockey | discipline_code: hoc | venue: yves-du-manoir stadium | participant_code: hocwteam11--fra01 | participant_name: france | participant_type: team | participant_country_code: fra | participant_country: france | result: 2 | result_type: points | result_WLT: l | start_order: 2
date: 2024-07-28t11:36:52+02:00 | stage_code: hocwteam11------------gpa-000200-- | event_code: hocwteam11 | event_name: women | event_stage: women's pool a | stage: pool a | gender: w | discipline_name: hockey | discipline_code: hoc | venue: yves-du-manoir stadium | participant_code: hocwteam11--bel01 | participant_name: belgium | participant_type: team | participant_country_code: bel | participant_country: belgium | result: 2 | result_type: points | result_WLT: w | start_order: 1
date: 2024-07-28t11:36:52+02:00 | stage_code: hocwteam11------------gpa-000200-- | event_code: hocwteam11 | event_name: women | event_stage: women's pool a | stage: pool a | gender: w | discipline_name: hockey | discipline_code: hoc | venue: yves-du-manoir stadium | participant_code: hocwteam11--chn01 | participant_name: people's republic of china | participant_type: team | participant_country_code: chn | participant_country: china | result: 1 | result_type: points | result_WLT: l | start_order: 2
date: 2024-07-28t12:00:52+02:00 | stage_code: hocwteam11------------gpa-000300-- | event_code: hocwteam11 | event_name: women | event_stage: women's pool a | stage: pool a | gender: w | discipline_name: hockey | discipline_code: hoc | venue: yves-du-manoir stadium | participant_code: hocwteam11--ger01 | participant_name: germany | participant_type: team | participant_country_code: ger | participant_country: germany | result: 2 | result_type: points | result_WLT: w | start_order: 1
date: 2024-07-28t12:00:52+02:00 | stage_code: hocwteam11------------gpa-000300-- | event_code: hocwteam11 | event_name: women | event_stage: women's pool a | stage: pool a | gender: w | discipline_name: hockey | discipline_code: hoc | venue: yves-du-manoir stadium | participant_code: hocwteam11--jpn01 | participant_name: japan | participant_type: team | participant_country_code: jpn | participant_country: japan | result: 0 | result_type: points | result_WLT: l | start_order: 2
date: 2024-07-28t14:28:24+02:00 | stage_code: hocwteam11------------gpb-000200-- | event_code: hocwteam11 | event_name: women | event_stage: women's pool b | stage: pool b | gender: w | discipline_name: hockey | discipline_code: hoc | venue: yves-du-manoir stadium | participant_code: hocwteam11--aus01 | participant_name: australia | participant_type: team | participant_country_code: aus | participant_country: australia | result: 2 | result_type: points | result_WLT: w | start_order: 1
date: 2024-07-28t14:28:24+02:00 | stage_code: hocwteam11------------gpb-000200-- | event_code: hocwteam11 | event_name: women | event_stage: women's pool b | stage: pool b | gender: w | discipline_name: hockey | discipline_code: hoc | venue: yves-du-manoir stadium | participant_code: hocwteam11--rsa01 | participant_name: south africa | participant_type: team | participant_country_code: rsa | participant_country: south africa | result: 1 | result_type: points | result_WLT: l | start_order: 2
date: 2024-07-28t14:57:25+02:00 | stage_code: hocwteam11------------gpb-000300-- | event_code: hocwteam11 | event_name: women | event_stage: women's pool b | stage: pool b | gender: w | discipline_name: hockey | discipline_code: hoc | venue: yves-du-manoir stadium | participant_code: hocwteam11--gbr01 | participant_name: great britain | participant_type: team | participant_country_code: gbr | participant_country: great britain | result: 1 | result_type: points | result_WLT: l | start_order: 1
date: 2024-07-28t14:57:25+02:00 | stage_code: hocwteam11------------gpb-000300-- | event_code: hocwteam11 | event_name: women | event_stage: women's pool b | stage: pool b | gender: w | discipline_name: hockey | discipline_code: hoc | venue: yves-du-manoir stadium | participant_code: hocwteam11--esp01 | participant_name: spain | participant_type: team | participant_country_code: esp | participant_country: spain | result: 2 | result_type: points | result_WLT: w | start_order: 2
date: 2024-07-29t12:04:39+02:00 | stage_code: hocwteam11------------gpa-000400-- | event_code: hocwteam11 | event_name: women | event_stage: women's pool a | stage: pool a | gender: w | discipline_name: hockey | discipline_code: hoc | venue: yves-du-manoir stadium | participant_code: hocwteam11--jpn01 | participant_name: japan | participant_type: team | participant_country_code: jpn | participant_country: japan | result: 0 | result_type: points | result_WLT: l | start_order: 1
date: 2024-07-29t12:04:39+02:00 | stage_code: hocwteam11------------gpa-000400-- | event_code: hocwteam11 | event_name: women | event_stage: women's pool a | stage: pool a | gender: w | discipline_name: hockey | discipline_code: hoc | venue: yves-du-manoir stadium | participant_code: hocwteam11--chn01 | participant_name: people's republic of china | participant_type: team | participant_country_code: chn | participant_country: china | result: 5 | result_type: points | result_WLT: w | start_order: 2
date: 2024-07-29t14:52:07+02:00 | stage_code: hocwteam11------------gpb-000400-- | event_code: hocwteam11 | event_name: women | event_stage: women's pool b | stage: pool b | gender: w | discipline_name: hockey | discipline_code: hoc | venue: yves-du-manoir stadium | participant_code: hocwteam11--esp01 | participant_name: spain | participant_type: team | participant_country_code: esp | participant_country: spain | result: 1 | result_type: points | result_WLT: t | start_order: 1
date: 2024-07-29t14:52:07+02:00 | stage_code: hocwteam11------------gpb-000400-- | event_code: hocwteam11 | event_name: women | event_stage: women's pool b | stage: pool b | gender: w | discipline_name: hockey | discipline_code: hoc | venue: yves-du-manoir stadium | participant_code: hocwteam11--usa01 | participant_name: united states of america | participant_type: team | participant_country_code: usa | participant_country: united states | result: 1 | result_type: points | result_WLT: t | start_order: 2
date: 2024-07-29t18:42:21+02:00 | stage_code: hocwteam11------------gpb-000500-- | event_code: hocwteam11 | event_name: women | event_stage: women's pool b | stage: pool b | gender: w | discipline_name: hockey | discipline_code: hoc | venue: yves-du-manoir stadium | participant_code: hocwteam11--gbr01 | participant_name: great britain | participant_type: team | participant_country_code: gbr | participant_country: great britain | result: 0 | result_type: points | result_WLT: l | start_order: 1
date: 2024-07-29t18:42:21+02:00 | stage_code: hocwteam11------------gpb-000500-- | event_code: hocwteam11 | event_name: women | event_stage: women's pool b | stage: pool b | gender: w | discipline_name: hockey | discipline_code: hoc | venue: yves-du-manoir stadium | participant_code: hocwteam11--aus01 | participant_name: australia | participant_type: team | participant_country_code: aus | participant_country: australia | result: 4 | result_type: points | result_WLT: w | start_order: 2
date: 2024-07-29t19:13:16+02:00 | stage_code: hocwteam11------------gpb-000600-- | event_code: hocwteam11 | event_name: women | event_stage: women's pool b | stage: pool b | gender: w | discipline_name: hockey | discipline_code: hoc | venue: yves-du-manoir stadium | participant_code: hocwteam11--rsa01 | participant_name: south africa | participant_type: team | participant_country_code: rsa | participant_country: south africa | result: 2 | result_type: points | result_WLT: l | start_order: 1
date: 2024-07-29t19:13:16+02:00 | stage_code: hocwteam11------------gpb-000600-- | event_code: hocwteam11 | event_name: women | event_stage: women's pool b | stage: pool b | gender: w | discipline_name: hockey | discipline_code: hoc | venue: yves-du-manoir stadium | participant_code: hocwteam11--arg01 | participant_name: argentina | participant_type: team | participant_country_code: arg | participant_country: argentina | result: 4 | result_type: points | result_WLT: w | start_order: 2
date: 2024-07-29t21:21:40+02:00 | stage_code: hocwteam11------------gpa-000500-- | event_code: hocwteam11 | event_name: women | event_stage: women's pool a | stage: pool a | gender: w | discipline_name: hockey | discipline_code: hoc | venue: yves-du-manoir stadium | participant_code: hocwteam11--ger01 | participant_name: germany | participant_type: team | participant_country_code: ger | participant_country: germany | result: 1 | result_type: points | result_WLT: l | start_order: 1
date: 2024-07-29t21:21:40+02:00 | stage_code: hocwteam11------------gpa-000500-- | event_code: hocwteam11 | event_name: women | event_stage: women's pool a | stage: pool a | gender: w | discipline_name: hockey | discipline_code: hoc | venue: yves-du-manoir stadium | participant_code: hocwteam11--ned01 | participant_name: netherlands | participant_type: team | participant_country_code: ned | participant_country: netherlands | result: 2 | result_type: points | result_WLT: w | start_order: 2
date: 2024-07-29t21:52:19+02:00 | stage_code: hocwteam11------------gpa-000600-- | event_code: hocwteam11 | event_name: women | event_stage: women's pool a | stage: pool a | gender: w | discipline_name: hockey | discipline_code: hoc | venue: yves-du-manoir stadium | participant_code: hocwteam11--fra01 | participant_name: france | participant_type: team | participant_country_code: fra | participant_country: france | result: 0 | result_type: points | result_WLT: l | start_order: 1
date: 2024-07-29t21:52:19+02:00 | stage_code: hocwteam11------------gpa-000600-- | event_code: hocwteam11 | event_name: women | event_stage: women's pool a | stage: pool a | gender: w | discipline_name: hockey | discipline_code: hoc | venue: yves-du-manoir stadium | participant_code: hocwteam11--bel01 | participant_name: belgium | participant_type: team | participant_country_code: bel | participant_country: belgium | result: 5 | result_type: points | result_WLT: w | start_order: 2
date: 2024-07-31t11:44:34+02:00 | stage_code: hocwteam11------------gpb-000700-- | event_code: hocwteam11 | event_name: women | event_stage: women's pool b | stage: pool b | gender: w | discipline_name: hockey | discipline_code: hoc | venue: yves-du-manoir stadium | participant_code: hocwteam11--arg01 | participant_name: argentina | participant_type: team | participant_country_code: arg | participant_country: argentina | result: 2 | result_type: points | result_WLT: w | start_order: 1
date: 2024-07-31t11:44:34+02:00 | stage_code: hocwteam11------------gpb-000700-- | event_code: hocwteam11 | event_name: women | event_stage: women's pool b | stage: pool b | gender: w | discipline_name: hockey | discipline_code: hoc | venue: yves-du-manoir stadium | participant_code: hocwteam11--esp01 | participant_name: spain | participant_type: team | participant_country_code: esp | participant_country: spain | result: 1 | result_type: points | result_WLT: l | start_order: 2
date: 2024-07-31t12:09:44+02:00 | stage_code: hocwteam11------------gpb-000800-- | event_code: hocwteam11 | event_name: women | event_stage: women's pool b | stage: pool b | gender: w | discipline_name: hockey | discipline_code: hoc | venue: yves-du-manoir stadium | participant_code: hocwteam11--rsa01 | participant_name: south africa | participant_type: team | participant_country_code: rsa | participant_country: south africa | result: 1 | result_type: points | result_WLT: l | start_order: 1
date: 2024-07-31t12:09:44+02:00 | stage_code: hocwteam11------------gpb-000800-- | event_code: hocwteam11 | event_name: women | event_stage: women's pool b | stage: pool b | gender: w | discipline_name: hockey | discipline_code: hoc | venue: yves-du-manoir stadium | participant_code: hocwteam11--gbr01 | participant_name: great britain | participant_type: team | participant_country_code: gbr | participant_country: great britain | result: 2 | result_type: points | result_WLT: w | start_order: 2
date: 2024-07-31t14:32:26+02:00 | stage_code: hocwteam11------------gpa-000700-- | event_code: hocwteam11 | event_name: women | event_stage: women's pool a | stage: pool a | gender: w | discipline_name: hockey | discipline_code: hoc | venue: yves-du-manoir stadium | participant_code: hocwteam11--fra01 | participant_name: france | participant_type: team | participant_country_code: fra | participant_country: france | result: 1 | result_type: points | result_WLT: l | start_order: 1
date: 2024-07-31t14:32:26+02:00 | stage_code: hocwteam11------------gpa-000700-- | event_code: hocwteam11 | event_name: women | event_stage: women's pool a | stage: pool a | gender: w | discipline_name: hockey | discipline_code: hoc | venue: yves-du-manoir stadium | participant_code: hocwteam11--ger01 | participant_name: germany | participant_type: team | participant_country_code: ger | participant_country: germany | result: 5 | result_type: points | result_WLT: w | start_order: 2
date: 2024-07-31t14:47:52+02:00 | stage_code: hocwteam11------------gpb-000900-- | event_code: hocwteam11 | event_name: women | event_stage: women's pool b | stage: pool b | gender: w | discipline_name: hockey | discipline_code: hoc | venue: yves-du-manoir stadium | participant_code: hocwteam11--aus01 | participant_name: australia | participant_type: team | participant_country_code: aus | participant_country: australia | result: 3 | result_type: points | result_WLT: w | start_order: 1
date: 2024-07-31t14:47:52+02:00 | stage_code: hocwteam11------------gpb-000900-- | event_code: hocwteam11 | event_name: women | event_stage: women's pool b | stage: pool b | gender: w | discipline_name: hockey | discipline_code: hoc | venue: yves-du-manoir stadium | participant_code: hocwteam11--usa01 | participant_name: united states of america | participant_type: team | participant_country_code: usa | participant_country: united states | result: 0 | result_type: points | result_WLT: l | start_order: 2
date: 2024-07-31t18:36:15+02:00 | stage_code: hocwteam11------------gpa-000800-- | event_code: hocwteam11 | event_name: women | event_stage: women's pool a | stage: pool a | gender: w | discipline_name: hockey | discipline_code: hoc | venue: yves-du-manoir stadium | participant_code: hocwteam11--bel01 | participant_name: belgium | participant_type: team | participant_country_code: bel | participant_country: belgium | result: 3 | result_type: points | result_WLT: w | start_order: 1
date: 2024-07-31t18:36:15+02:00 | stage_code: hocwteam11------------gpa-000800-- | event_code: hocwteam11 | event_name: women | event_stage: women's pool a | stage: pool a | gender: w | discipline_name: hockey | discipline_code: hoc | venue: yves-du-manoir stadium | participant_code: hocwteam11--jpn01 | participant_name: japan | participant_type: team | participant_country_code: jpn | participant_country: japan | result: 0 | result_type: points | result_WLT: l | start_order: 2
date: 2024-07-31t21:46:24+02:00 | stage_code: hocwteam11------------gpa-000900-- | event_code: hocwteam11 | event_name: women | event_stage: women's pool a | stage: pool a | gender: w | discipline_name: hockey | discipline_code: hoc | venue: yves-du-manoir stadium | participant_code: hocwteam11--ned01 | participant_name: netherlands | participant_type: team | participant_country_code: ned | participant_country: netherlands | result: 3 | result_type: points | result_WLT: w | start_order: 1
date: 2024-07-31t21:46:24+02:00 | stage_code: hocwteam11------------gpa-000900-- | event_code: hocwteam11 | event_name: women | event_stage: women's pool a | stage: pool a | gender: w | discipline_name: hockey | discipline_code: hoc | venue: yves-du-manoir stadium | participant_code: hocwteam11--chn01 | participant_name: people's republic of china | participant_type: team | participant_country_code: chn | participant_country: china | result: 0 | result_type: points | result_WLT: l | start_order: 2
date: 2024-08-01t18:41:17+02:00 | stage_code: hocwteam11------------gpb-001000-- | event_code: hocwteam11 | event_name: women | event_stage: women's pool b | stage: pool b | gender: w | discipline_name: hockey | discipline_code: hoc | venue: yves-du-manoir stadium | participant_code: hocwteam11--usa01 | participant_name: united states of america | participant_type: team | participant_country_code: usa | participant_country: united states | result: 2 | result_type: points | result_WLT: l | start_order: 1
date: 2024-08-01t18:41:17+02:00 | stage_code: hocwteam11------------gpb-001000-- | event_code: hocwteam11 | event_name: women | event_stage: women's pool b | stage: pool b | gender: w | discipline_name: hockey | discipline_code: hoc | venue: yves-du-manoir stadium | participant_code: hocwteam11--gbr01 | participant_name: great britain | participant_type: team | participant_country_code: gbr | participant_country: great britain | result: 5 | result_type: points | result_WLT: w | start_order: 2
date: 2024-08-01t19:12:12+02:00 | stage_code: hocwteam11------------gpb-001100-- | event_code: hocwteam11 | event_name: women | event_stage: women's pool b | stage: pool b | gender: w | discipline_name: hockey | discipline_code: hoc | venue: yves-du-manoir stadium | participant_code: hocwteam11--esp01 | participant_name: spain | participant_type: team | participant_country_code: esp | participant_country: spain | result: 1 | result_type: points | result_WLT: w | start_order: 1
date: 2024-08-01t19:12:12+02:00 | stage_code: hocwteam11------------gpb-001100-- | event_code: hocwteam11 | event_name: women | event_stage: women's pool b | stage: pool b | gender: w | discipline_name: hockey | discipline_code: hoc | venue: yves-du-manoir stadium | participant_code: hocwteam11--rsa01 | participant_name: south africa | participant_type: team | participant_country_code: rsa | participant_country: south africa | result: 0 | result_type: points | result_WLT: l | start_order: 2
date: 2024-08-01t21:25:44+02:00 | stage_code: hocwteam11------------gpa-001000-- | event_code: hocwteam11 | event_name: women | event_stage: women's pool a | stage: pool a | gender: w | discipline_name: hockey | discipline_code: hoc | venue: yves-du-manoir stadium | participant_code: hocwteam11--jpn01 | participant_name: japan | participant_type: team | participant_country_code: jpn | participant_country: japan | result: 1 | result_type: points | result_WLT: w | start_order: 1
date: 2024-08-01t21:25:44+02:00 | stage_code: hocwteam11------------gpa-001000-- | event_code: hocwteam11 | event_name: women | event_stage: women's pool a | stage: pool a | gender: w | discipline_name: hockey | discipline_code: hoc | venue: yves-du-manoir stadium | participant_code: hocwteam11--fra01 | participant_name: france | participant_type: team | participant_country_code: fra | participant_country: france | result: 0 | result_type: points | result_WLT: l | start_order: 2
date: 2024-08-01t22:02:59+02:00 | stage_code: hocwteam11------------gpb-001200-- | event_code: hocwteam11 | event_name: women | event_stage: women's pool b | stage: pool b | gender: w | discipline_name: hockey | discipline_code: hoc | venue: yves-du-manoir stadium | participant_code: hocwteam11--arg01 | participant_name: argentina | participant_type: team | participant_country_code: arg | participant_country: argentina | result: 3 | result_type: points | result_WLT: t | start_order: 1
date: 2024-08-01t22:02:59+02:00 | stage_code: hocwteam11------------gpb-001200-- | event_code: hocwteam11 | event_name: women | event_stage: women's pool b | stage: pool b | gender: w | discipline_name: hockey | discipline_code: hoc | venue: yves-du-manoir stadium | participant_code: hocwteam11--aus01 | participant_name: australia | participant_type: team | participant_country_code: aus | participant_country: australia | result: 3 | result_type: points | result_WLT: t | start_order: 2
date: 2024-08-02t11:43:06+02:00 | stage_code: hocwteam11------------gpa-001100-- | event_code: hocwteam11 | event_name: women | event_stage: women's pool a | stage: pool a | gender: w | discipline_name: hockey | discipline_code: hoc | venue: yves-du-manoir stadium | participant_code: hocwteam11--chn01 | participant_name: people's republic of china | participant_type: team | participant_country_code: chn | participant_country: china | result: 2 | result_type: points | result_WLT: l | start_order: 1
date: 2024-08-02t11:43:06+02:00 | stage_code: hocwteam11------------gpa-001100-- | event_code: hocwteam11 | event_name: women | event_stage: women's pool a | stage: pool a | gender: w | discipline_name: hockey | discipline_code: hoc | venue: yves-du-manoir stadium | participant_code: hocwteam11--ger01 | participant_name: germany | participant_type: team | participant_country_code: ger | participant_country: germany | result: 4 | result_type: points | result_WLT: w | start_order: 2
date: 2024-08-02t14:24:39+02:00 | stage_code: hocwteam11------------gpa-001200-- | event_code: hocwteam11 | event_name: women | event_stage: women's pool a | stage: pool a | gender: w | discipline_name: hockey | discipline_code: hoc | venue: yves-du-manoir stadium | participant_code: hocwteam11--bel01 | participant_name: belgium | participant_type: team | participant_country_code: bel | participant_country: belgium | result: 1 | result_type: points | result_WLT: l | start_order: 1
date: 2024-08-02t14:24:39+02:00 | stage_code: hocwteam11------------gpa-001200-- | event_code: hocwteam11 | event_name: women | event_stage: women's pool a | stage: pool a | gender: w | discipline_name: hockey | discipline_code: hoc | venue: yves-du-manoir stadium | participant_code: hocwteam11--ned01 | participant_name: netherlands | participant_type: team | participant_country_code: ned | participant_country: netherlands | result: 3 | result_type: points | result_WLT: w | start_order: 2
date: 2024-08-03t11:37:45+02:00 | stage_code: hocwteam11------------gpb-001300-- | event_code: hocwteam11 | event_name: women | event_stage: women's pool b | stage: pool b | gender: w | discipline_name: hockey | discipline_code: hoc | venue: yves-du-manoir stadium | participant_code: hocwteam11--gbr01 | participant_name: great britain | participant_type: team | participant_country_code: gbr | participant_country: great britain | result: 0 | result_type: points | result_WLT: l | start_order: 1
date: 2024-08-03t11:37:45+02:00 | stage_code: hocwteam11------------gpb-001300-- | event_code: hocwteam11 | event_name: women | event_stage: women's pool b | stage: pool b | gender: w | discipline_name: hockey | discipline_code: hoc | venue: yves-du-manoir stadium | participant_code: hocwteam11--arg01 | participant_name: argentina | participant_type: team | participant_country_code: arg | participant_country: argentina | result: 3 | result_type: points | result_WLT: w | start_order: 2
date: 2024-08-03t12:05:49+02:00 | stage_code: hocwteam11------------gpa-001300-- | event_code: hocwteam11 | event_name: women | event_stage: women's pool a | stage: pool a | gender: w | discipline_name: hockey | discipline_code: hoc | venue: yves-du-manoir stadium | participant_code: hocwteam11--ned01 | participant_name: netherlands | participant_type: team | participant_country_code: ned | participant_country: netherlands | result: 5 | result_type: points | result_WLT: w | start_order: 1
date: 2024-08-03t12:05:49+02:00 | stage_code: hocwteam11------------gpa-001300-- | event_code: hocwteam11 | event_name: women | event_stage: women's pool a | stage: pool a | gender: w | discipline_name: hockey | discipline_code: hoc | venue: yves-du-manoir stadium | participant_code: hocwteam11--jpn01 | participant_name: japan | participant_type: team | participant_country_code: jpn | participant_country: japan | result: 1 | result_type: points | result_WLT: l | start_order: 2
date: 2024-08-03t14:23:02+02:00 | stage_code: hocwteam11------------gpb-001400-- | event_code: hocwteam11 | event_name: women | event_stage: women's pool b | stage: pool b | gender: w | discipline_name: hockey | discipline_code: hoc | venue: yves-du-manoir stadium | participant_code: hocwteam11--aus01 | participant_name: australia | participant_type: team | participant_country_code: aus | participant_country: australia | result: 3 | result_type: points | result_WLT: w | start_order: 1
date: 2024-08-03t14:23:02+02:00 | stage_code: hocwteam11------------gpb-001400-- | event_code: hocwteam11 | event_name: women | event_stage: women's pool b | stage: pool b | gender: w | discipline_name: hockey | discipline_code: hoc | venue: yves-du-manoir stadium | participant_code: hocwteam11--esp01 | participant_name: spain | participant_type: team | participant_country_code: esp | participant_country: spain | result: 1 | result_type: points | result_WLT: l | start_order: 2
date: 2024-08-03t14:46:09+02:00 | stage_code: hocwteam11------------gpb-001500-- | event_code: hocwteam11 | event_name: women | event_stage: women's pool b | stage: pool b | gender: w | discipline_name: hockey | discipline_code: hoc | venue: yves-du-manoir stadium | participant_code: hocwteam11--usa01 | participant_name: united states of america | participant_type: team | participant_country_code: usa | participant_country: united states | result: 1 | result_type: points | result_WLT: w | start_order: 1
date: 2024-08-03t14:46:09+02:00 | stage_code: hocwteam11------------gpb-001500-- | event_code: hocwteam11 | event_name: women | event_stage: women's pool b | stage: pool b | gender: w | discipline_name: hockey | discipline_code: hoc | venue: yves-du-manoir stadium | participant_code: hocwteam11--rsa01 | participant_name: south africa | participant_type: team | participant_country_code: rsa | participant_country: south africa | result: 0 | result_type: points | result_WLT: l | start_order: 2
date: 2024-08-03t18:49:58+02:00 | stage_code: hocwteam11------------gpa-001400-- | event_code: hocwteam11 | event_name: women | event_stage: women's pool a | stage: pool a | gender: w | discipline_name: hockey | discipline_code: hoc | venue: yves-du-manoir stadium | participant_code: hocwteam11--chn01 | participant_name: people's republic of china | participant_type: team | participant_country_code: chn | participant_country: china | result: 7 | result_type: points | result_WLT: w | start_order: 1
date: 2024-08-03t18:49:58+02:00 | stage_code: hocwteam11------------gpa-001400-- | event_code: hocwteam11 | event_name: women | event_stage: women's pool a | stage: pool a | gender: w | discipline_name: hockey | discipline_code: hoc | venue: yves-du-manoir stadium | participant_code: hocwteam11--fra01 | participant_name: france | participant_type: team | participant_country_code: fra | participant_country: france | result: 1 | result_type: points | result_WLT: l | start_order: 2
date: 2024-08-03t21:23:13+02:00 | stage_code: hocwteam11------------gpa-001500-- | event_code: hocwteam11 | event_name: women | event_stage: women's pool a | stage: pool a | gender: w | discipline_name: hockey | discipline_code: hoc | venue: yves-du-manoir stadium | participant_code: hocwteam11--ger01 | participant_name: germany | participant_type: team | participant_country_code: ger | participant_country: germany | result: 0 | result_type: points | result_WLT: l | start_order: 1
date: 2024-08-03t21:23:13+02:00 | stage_code: hocwteam11------------gpa-001500-- | event_code: hocwteam11 | event_name: women | event_stage: women's pool a | stage: pool a | gender: w | discipline_name: hockey | discipline_code: hoc | venue: yves-du-manoir stadium | participant_code: hocwteam11--bel01 | participant_name: belgium | participant_type: team | participant_country_code: bel | participant_country: belgium | result: 2 | result_type: points | result_WLT: w | start_order: 2
date: 2024-08-05t11:42:37+02:00 | stage_code: hocwteam11------------qfnl000400-- | event_code: hocwteam11 | event_name: women | event_stage: women's quarter-final | stage: quarter-final | gender: w | discipline_name: hockey | discipline_code: hoc | venue: yves-du-manoir stadium | participant_code: hocwteam11--aus01 | participant_name: australia | participant_type: team | participant_country_code: aus | participant_country: australia | result: 2 | result_type: points | result_WLT: l | start_order: 1
date: 2024-08-05t11:42:37+02:00 | stage_code: hocwteam11------------qfnl000400-- | event_code: hocwteam11 | event_name: women | event_stage: women's quarter-final | stage: quarter-final | gender: w | discipline_name: hockey | discipline_code: hoc | venue: yves-du-manoir stadium | participant_code: hocwteam11--chn01 | participant_name: people's republic of china | participant_type: team | participant_country_code: chn | participant_country: china | result: 3 | result_type: points | result_WLT: w | start_order: 2
date: 2024-08-05t15:06:17+02:00 | stage_code: hocwteam11------------qfnl000200-- | event_code: hocwteam11 | event_name: women | event_stage: women's quarter-final | stage: quarter-final | gender: w | discipline_name: hockey | discipline_code: hoc | venue: yves-du-manoir stadium | participant_code: hocwteam11--arg01 | participant_name: argentina | participant_type: team | participant_country_code: arg | participant_country: argentina | result: 1 | result_type: points | result_WLT: w | start_order: 1
date: 2024-08-05t15:06:17+02:00 | stage_code: hocwteam11------------qfnl000200-- | event_code: hocwteam11 | event_name: women | event_stage: women's quarter-final | stage: quarter-final | gender: w | discipline_name: hockey | discipline_code: hoc | venue: yves-du-manoir stadium | participant_code: hocwteam11--ger01 | participant_name: germany | participant_type: team | participant_country_code: ger | participant_country: germany | result: 1 | result_type: points | result_WLT: l | start_order: 2
date: 2024-08-05t19:03:10+02:00 | stage_code: hocwteam11------------qfnl000100-- | event_code: hocwteam11 | event_name: women | event_stage: women's quarter-final | stage: quarter-final | gender: w | discipline_name: hockey | discipline_code: hoc | venue: yves-du-manoir stadium | participant_code: hocwteam11--ned01 | participant_name: netherlands | participant_type: team | participant_country_code: ned | participant_country: netherlands | result: 3 | result_type: points | result_WLT: w | start_order: 1
date: 2024-08-05t19:03:10+02:00 | stage_code: hocwteam11------------qfnl000100-- | event_code: hocwteam11 | event_name: women | event_stage: women's quarter-final | stage: quarter-final | gender: w | discipline_name: hockey | discipline_code: hoc | venue: yves-du-manoir stadium | participant_code: hocwteam11--gbr01 | participant_name: great britain | participant_type: team | participant_country_code: gbr | participant_country: great britain | result: 1 | result_type: points | result_WLT: l | start_order: 2
date: 2024-08-05t21:34:53+02:00 | stage_code: hocwteam11------------qfnl000300-- | event_code: hocwteam11 | event_name: women | event_stage: women's quarter-final | stage: quarter-final | gender: w | discipline_name: hockey | discipline_code: hoc | venue: yves-du-manoir stadium | participant_code: hocwteam11--bel01 | participant_name: belgium | participant_type: team | participant_country_code: bel | participant_country: belgium | result: 2 | result_type: points | result_WLT: w | start_order: 1
date: 2024-08-05t21:34:53+02:00 | stage_code: hocwteam11------------qfnl000300-- | event_code: hocwteam11 | event_name: women | event_stage: women's quarter-final | stage: quarter-final | gender: w | discipline_name: hockey | discipline_code: hoc | venue: yves-du-manoir stadium | participant_code: hocwteam11--esp01 | participant_name: spain | participant_type: team | participant_country_code: esp | participant_country: spain | result: 0 | result_type: points | result_WLT: l | start_order: 2
date: 2024-08-07t15:44:27+02:00 | stage_code: hocwteam11------------sfnl000100-- | event_code: hocwteam11 | event_name: women | event_stage: women's semi-final | stage: semi-final | gender: w | discipline_name: hockey | discipline_code: hoc | venue: yves-du-manoir stadium | participant_code: hocwteam11--ned01 | participant_name: netherlands | participant_type: team | participant_country_code: ned | participant_country: netherlands | result: 3 | result_type: points | result_WLT: w | start_order: 1
date: 2024-08-07t15:44:27+02:00 | stage_code: hocwteam11------------sfnl000100-- | event_code: hocwteam11 | event_name: women | event_stage: women's semi-final | stage: semi-final | gender: w | discipline_name: hockey | discipline_code: hoc | venue: yves-du-manoir stadium | participant_code: hocwteam11--arg01 | participant_name: argentina | participant_type: team | participant_country_code: arg | participant_country: argentina | result: 0 | result_type: points | result_WLT: l | start_order: 2
date: 2024-08-07t20:58:33+02:00 | stage_code: hocwteam11------------sfnl000200-- | event_code: hocwteam11 | event_name: women | event_stage: women's semi-final | stage: semi-final | gender: w | discipline_name: hockey | discipline_code: hoc | venue: yves-du-manoir stadium | participant_code: hocwteam11--bel01 | participant_name: belgium | participant_type: team | participant_country_code: bel | participant_country: belgium | result: 1 | result_type: points | result_WLT: l | start_order: 1
date: 2024-08-07t20:58:33+02:00 | stage_code: hocwteam11------------sfnl000200-- | event_code: hocwteam11 | event_name: women | event_stage: women's semi-final | stage: semi-final | gender: w | discipline_name: hockey | discipline_code: hoc | venue: yves-du-manoir stadium | participant_code: hocwteam11--chn01 | participant_name: people's republic of china | participant_type: team | participant_country_code: chn | participant_country: china | result: 1 | result_type: points | result_WLT: w | start_order: 2
date: 2024-08-09t16:03:49+02:00 | stage_code: hocwteam11------------fnl-000200-- | event_code: hocwteam11 | event_name: women | event_stage: women's bronze medal match | stage: bronze medal match | gender: w | discipline_name: hockey | discipline_code: hoc | venue: yves-du-manoir stadium | participant_code: hocwteam11--arg01 | participant_name: argentina | participant_type: team | participant_country_code: arg | participant_country: argentina | result: 2 | result_type: points | result_WLT: w | start_order: 1
date: 2024-08-09t16:03:49+02:00 | stage_code: hocwteam11------------fnl-000200-- | event_code: hocwteam11 | event_name: women | event_stage: women's bronze medal match | stage: bronze medal match | gender: w | discipline_name: hockey | discipline_code: hoc | venue: yves-du-manoir stadium | participant_code: hocwteam11--bel01 | participant_name: belgium | participant_type: team | participant_country_code: bel | participant_country: belgium | result: 2 | result_type: points | result_WLT: l | start_order: 2
date: 2024-08-09t21:56:06+02:00 | stage_code: hocwteam11------------fnl-000100-- | event_code: hocwteam11 | event_name: women | event_stage: women's gold medal match | stage: gold medal match | gender: w | discipline_name: hockey | discipline_code: hoc | venue: yves-du-manoir stadium | participant_code: hocwteam11--ned01 | participant_name: netherlands | participant_type: team | participant_country_code: ned | participant_country: netherlands | result: 1 | result_type: points | result_WLT: w | start_order: 1
date: 2024-08-09t21:56:06+02:00 | stage_code: hocwteam11------------fnl-000100-- | event_code: hocwteam11 | event_name: women | event_stage: women's gold medal match | stage: gold medal match | gender: w | discipline_name: hockey | discipline_code: hoc | venue: yves-du-manoir stadium | participant_code: hocwteam11--chn01 | participant_name: people's republic of china | participant_type: team | participant_country_code: chn | participant_country: china | result: 1 | result_type: points | result_WLT: l | start_order: 2
