text
date: 2024-08-09t09:37:28+02:00 | stage_code: owsm10km--------------fnl-000100-- | event_code: owsm10km | event_name: men's 10km | event_stage: men's 10km | stage: men's 10km | gender: m | discipline_name: marathon swimming | discipline_code: ows | venue: pont alexandre iii | participant_code: 1909030 | participant_name: rasovszky kristof | participant_type: person | participant_country_code: hun | participant_country: hungary | rank: 1.0 | result: 1:50:52.7 | result_type: time | result_IRM:  | result_diff:  | start_order: 19 | bib: 19
date: 2024-08-09t09:37:28+02:00 | stage_code: owsm10km--------------fnl-000100-- | event_code: owsm10km | event_name: men's 10km | event_stage: men's 10km | stage: men's 10km | gender: m | discipline_name: marathon swimming | discipline_code: ows | venue: pont alexandre iii | participant_code: 1907234 | participant_name: klemet oliver | participant_type: person | participant_country_code: ger | participant_country: germany | rank: 2.0 | result: 1:50:54.8 | result_type: time | result_IRM:  | result_diff: +2.1 | start_order: 14 | bib: 14
date: 2024-08-09t09:37:28+02:00 | stage_code: owsm10km--------------fnl-000100-- | event_code: owsm10km | event_name: men's 10km | event_stage: men's 10km | stage: men's 10km | gender: m | discipline_name: marathon swimming | discipline_code: ows | venue: pont alexandre iii | participant_code: 1902450 | participant_name: betlehem david | participant_type: person | participant_country_code: hun | participant_country: hungary | rank: 3.0 | result: 1:51:09.0 | result_type: time | result_IRM:  | result_diff: +16.3 | start_order: 23 | bib: 23
date: 2024-08-09t09:37:28+02:00 | stage_code: owsm10km--------------fnl-000100-- | event_code: owsm10km | event_name: men's 10km | event_stage: men's 10km | stage: men's 10km | gender: m | discipline_name: marathon swimming | discipline_code: ows | venue: pont alexandre iii | participant_code: 1925631 | participant_name: acerenza domenico | participant_type: person | participant_country_code: ita | participant_country: italy | rank: 4.0 | result: 1:51:09.6 | result_type: time | result_IRM:  | result_diff: +16.9 | start_order: 16 | bib: 16
date: 2024-08-09t09:37:28+02:00 | stage_code: owsm10km--------------fnl-000100-- | event_code: owsm10km | event_name: men's 10km | event_stage: men's 10km | stage: men's 10km | gender: m | discipline_name: marathon swimming | discipline_code: ows | venue: pont alexandre iii | participant_code: 1902947 | participant_name: fontaine logan | participant_type: person | participant_country_code: fra | participant_country: france | rank: 5.0 | result: 1:51:47.9 | result_type: time | result_IRM:  | result_diff: +55.2 | start_order: 17 | bib: 17
date: 2024-08-09t09:37:28+02:00 | stage_code: owsm10km--------------fnl-000100-- | event_code: owsm10km | event_name: men's 10km | event_stage: men's 10km | stage: men's 10km | gender: m | discipline_name: marathon swimming | discipline_code: ows | venue: pont alexandre iii | participant_code: 1544168 | participant_name: pardoe hector | participant_type: person | participant_country_code: gbr | participant_country: great britain | rank: 6.0 | result: 1:51:50.8 | result_type: time | result_IRM:  | result_diff: +58.1 | start_order: 28 | bib: 28
date: 2024-08-09t09:37:28+02:00 | stage_code: owsm10km--------------fnl-000100-- | event_code: owsm10km | event_name: men's 10km | event_stage: men's 10km | stage: men's 10km | gender: m | discipline_name: marathon swimming | discipline_code: ows | venue: pont alexandre iii | participant_code: 1902948 | participant_name: olivier marc-antoine | participant_type: person | participant_country_code: fra | participant_country: france | rank: 7.0 | result: 1:51:50.9 | result_type: time | result_IRM:  | result_diff: +58.2 | start_order: 30 | bib: 30
date: 2024-08-09t09:37:28+02:00 | stage_code: owsm10km--------------fnl-000100-- | event_code: owsm10km | event_name: men's 10km | event_stage: men's 10km | stage: men's 10km | gender: m | discipline_name: marathon swimming | discipline_code: ows | venue: pont alexandre iii | participant_code: 1907169 | participant_name: wellbrock florian | participant_type: person | participant_country_code: ger | participant_country: germany | rank: 8.0 | result: 1:51:54.4 | result_type: time | result_IRM:  | result_diff: +1:01.7 | start_order: 5 | bib: 5
date: 2024-08-09t09:37:28+02:00 | stage_code: owsm10km--------------fnl-000100-- | event_code: owsm10km | event_name: men's 10km | event_stage: men's 10km | stage: men's 10km | gender: m | discipline_name: marathon swimming | discipline_code: ows | venue: pont alexandre iii | participant_code: 1925630 | participant_name: paltrinieri gregorio | participant_type: person | participant_country_code: ita | participant_country: italy | rank: 9.0 | result: 1:51:58.0 | result_type: time | result_IRM:  | result_diff: +1:05.3 | start_order: 10 | bib: 10
date: 2024-08-09t09:37:28+02:00 | stage_code: owsm10km--------------fnl-000100-- | event_code: owsm10km | event_name: men's 10km | event_stage: men's 10km | stage: men's 10km | gender: m | discipline_name: marathon swimming | discipline_code: ows | venue: pont alexandre iii | participant_code: 1954554 | participant_name: kynigakis athanasios charalampos | participant_type: person | participant_country_code: gre | participant_country: greece | rank: 10.0 | result: 1:52:37.2 | result_type: time | result_IRM:  | result_diff: +1:44.5 | start_order: 9 | bib: 9
date: 2024-08-09t09:37:28+02:00 | stage_code: owsm10km--------------fnl-000100-- | event_code: owsm10km | event_name: men's 10km | event_stage: men's 10km | stage: men's 10km | gender: m | discipline_name: marathon swimming | discipline_code: ows | venue: pont alexandre iii | participant_code: 1945589 | participant_name: sloman nick | participant_type: person | participant_country_code: aus | participant_country: australia | rank: 11.0 | result: 1:56:24.4 | result_type: time | result_IRM:  | result_diff: +5:31.7 | start_order: 6 | bib: 6
date: 2024-08-09t09:37:28+02:00 | stage_code: owsm10km--------------fnl-000100-- | event_code: owsm10km | event_name: men's 10km | event_stage: men's 10km | stage: men's 10km | gender: m | discipline_name: marathon swimming | discipline_code: ows | venue: pont alexandre iii | participant_code: 1536184 | participant_name: strehlke delgado paulo | participant_type: person | participant_country_code: mex | participant_country: mexico | rank: 12.0 | result: 1:56:28.4 | result_type: time | result_IRM:  | result_diff: +5:35.7 | start_order: 20 | bib: 20
date: 2024-08-09t09:37:28+02:00 | stage_code: owsm10km--------------fnl-000100-- | event_code: owsm10km | event_name: men's 10km | event_stage: men's 10km | stage: men's 10km | gender: m | discipline_name: marathon swimming | discipline_code: ows | venue: pont alexandre iii | participant_code: 1945586 | participant_name: lee kyle | participant_type: person | participant_country_code: aus | participant_country: australia | rank: 13.0 | result: 1:56:42.5 | result_type: time | result_IRM:  | result_diff: +5:49.8 | start_order: 3 | bib: 3
date: 2024-08-09t09:37:28+02:00 | stage_code: owsm10km--------------fnl-000100-- | event_code: owsm10km | event_name: men's 10km | event_stage: men's 10km | stage: men's 10km | gender: m | discipline_name: marathon swimming | discipline_code: ows | venue: pont alexandre iii | participant_code: 1544169 | participant_name: robinson tobias patrick | participant_type: person | participant_country_code: gbr | participant_country: great britain | rank: 14.0 | result: 1:56:43.0 | result_type: time | result_IRM:  | result_diff: +5:50.3 | start_order: 7 | bib: 7
date: 2024-08-09t09:37:28+02:00 | stage_code: owsm10km--------------fnl-000100-- | event_code: owsm10km | event_name: men's 10km | event_stage: men's 10km | stage: men's 10km | gender: m | discipline_name: marathon swimming | discipline_code: ows | venue: pont alexandre iii | participant_code: 1891664 | participant_name: minamide taishin | participant_type: person | participant_country_code: jpn | participant_country: japan | rank: 15.0 | result: 1:56:57.3 | result_type: time | result_IRM:  | result_diff: +6:04.6 | start_order: 22 | bib: 22
date: 2024-08-09t09:37:28+02:00 | stage_code: owsm10km--------------fnl-000100-- | event_code: owsm10km | event_name: men's 10km | event_stage: men's 10km | stage: men's 10km | gender: m | discipline_name: marathon swimming | discipline_code: ows | venue: pont alexandre iii | participant_code: 1897277 | participant_name: roditi matan | participant_type: person | participant_country_code: isr | participant_country: israel | rank: 16.0 | result: 1:57:02.3 | result_type: time | result_IRM:  | result_diff: +6:09.6 | start_order: 27 | bib: 27
date: 2024-08-09t09:37:28+02:00 | stage_code: owsm10km--------------fnl-000100-- | event_code: owsm10km | event_name: men's 10km | event_stage: men's 10km | stage: men's 10km | gender: m | discipline_name: marathon swimming | discipline_code: ows | venue: pont alexandre iii | participant_code: 1966987 | participant_name: farinango berru david andres | participant_type: person | participant_country_code: ecu | participant_country: ecuador | rank: 17.0 | result: 1:57:08.6 | result_type: time | result_IRM:  | result_diff: +6:15.9 | start_order: 4 | bib: 4
date: 2024-08-09t09:37:28+02:00 | stage_code: owsm10km--------------fnl-000100-- | event_code: owsm10km | event_name: men's 10km | event_stage: men's 10km | stage: men's 10km | gender: m | discipline_name: marathon swimming | discipline_code: ows | venue: pont alexandre iii | participant_code: 1539969 | participant_name: wiffen daniel | participant_type: person | participant_country_code: irl | participant_country: ireland | rank: 18.0 | result: 1:57:20.1 | result_type: time | result_IRM:  | result_diff: +6:27.4 | start_order: 18 | bib: 18
date: 2024-08-09t09:37:28+02:00 | stage_code: owsm10km--------------fnl-000100-- | event_code: owsm10km | event_name: men's 10km | event_stage: men's 10km | stage: men's 10km | gender: m | discipline_name: marathon swimming | discipline_code: ows | venue: pont alexandre iii | participant_code: 1935972 | participant_name: puskovitch ivan | participant_type: person | participant_country_code: usa | participant_country: united states | rank: 19.0 | result: 1:57:52.5 | result_type: time | result_IRM:  | result_diff: +6:59.8 | start_order: 12 | bib: 12
date: 2024-08-09t09:37:28+02:00 | stage_code: owsm10km--------------fnl-000100-- | event_code: owsm10km | event_name: men's 10km | event_stage: men's 10km | stage: men's 10km | gender: m | discipline_name: marathon swimming | discipline_code: ows | venue: pont alexandre iii | participant_code: 1895261 | participant_name: straka martin | participant_type: person | participant_country_code: cze | participant_country: czechia | rank: 20.0 | result: 1:57:52.9 | result_type: time | result_IRM:  | result_diff: +7:00.2 | start_order: 26 | bib: 26
date: 2024-08-09t09:37:28+02:00 | stage_code: owsm10km--------------fnl-000100-- | event_code: owsm10km | event_name: men's 10km | event_stage: men's 10km | stage: men's 10km | gender: m | discipline_name: marathon swimming | discipline_code: ows | venue: pont alexandre iii | participant_code: 1565158 | participant_name: hercog jan | participant_type: person | participant_country_code: aut | participant_country: austria | rank: 21.0 | result: 2:01:03.8 | result_type: time | result_IRM:  | result_diff: +10:11.1 | start_order: 13 | bib: 13
date: 2024-08-09t09:37:28+02:00 | stage_code: owsm10km--------------fnl-000100-- | event_code: owsm10km | event_name: men's 10km | event_stage: men's 10km | stage: men's 10km | gender: m | discipline_name: marathon swimming | discipline_code: ows | venue: pont alexandre iii | participant_code: 1879451 | participant_name: wozniak piotr | participant_type: person | participant_country_code: pol | participant_country: poland | rank: 22.0 | result: 2:02:38.6 | result_type: time | result_IRM:  | result_diff: +11:45.9 | start_order: 15 | bib: 15
date: 2024-08-09t09:37:28+02:00 | stage_code: owsm10km--------------fnl-000100-- | event_code: owsm10km | event_name: men's 10km | event_stage: men's 10km | stage: men's 10km | gender: m | discipline_name: marathon swimming | discipline_code: ows | venue: pont alexandre iii | participant_code: 1887955 | participant_name: tuncelli kuzey | participant_type: person | participant_country_code: tur | participant_country: türkiye | rank: 23.0 | result: 2:02:58.1 | result_type: time | result_IRM:  | result_diff: +12:05.4 | start_order: 31 | bib: 31
date: 2024-08-09t09:37:28+02:00 | stage_code: owsm10km--------------fnl-000100-- | event_code: owsm10km | event_name: men's 10km | event_stage: men's 10km | stage: men's 10km | gender: m | discipline_name: marathon swimming | discipline_code: ows | venue: pont alexandre iii | participant_code: 1565147 | participant_name: auboeck felix | participant_type: person | participant_country_code: aut | participant_country: austria | rank: 24.0 | result: 2:03:00.5 | result_type: time | result_IRM:  | result_diff: +12:07.8 | start_order: 24 | bib: 24
date: 2024-08-09t09:37:28+02:00 | stage_code: owsm10km--------------fnl-000100-- | event_code: owsm10km | event_name: men's 10km | event_stage: men's 10km | stage: men's 10km | gender: m | discipline_name: marathon swimming | discipline_code: ows | venue: pont alexandre iii | participant_code: 1878616 | participant_name: christiansen henrik | participant_type: person | participant_country_code: nor | participant_country: norway | rank: 25.0 | result: 2:03:38.2 | result_type: time | result_IRM:  | result_diff: +12:45.5 | start_order: 21 | bib: 21
date: 2024-08-09t09:37:28+02:00 | stage_code: owsm10km--------------fnl-000100-- | event_code: owsm10km | event_name: men's 10km | event_stage: men's 10km | stage: men's 10km | gender: m | discipline_name: marathon swimming | discipline_code: ows | venue: pont alexandre iii | participant_code: 1951604 | participant_name: costa guilherme | participant_type: person | participant_country_code: bra | participant_country: brazil | rank:  | result:  | result_type: irm | result_IRM: dnf | result_diff:  | start_order: 25 | bib: 25
date: 2024-08-09t09:37:28+02:00 | stage_code: owsm10km--------------fnl-000100-- | event_code: owsm10km | event_name: men's 10km | event_stage: men's 10km | stage: men's 10km | gender: m | discipline_name: marathon swimming | discipline_code: ows | venue: pont alexandre iii | participant_code: 1954833 | participant_name: garach benito carlos | participant_type: person | participant_country_code: esp | participant_country: spain | rank:  | result:  | result_type: irm | result_IRM: dnf | result_diff:  | start_order: 29 | bib: 29
date: 2024-08-09t09:37:28+02:00 | stage_code: owsm10km--------------fnl-000100-- | event_code: owsm10km | event_name: men's 10km | event_stage: men's 10km | stage: men's 10km | gender: m | discipline_name: marathon swimming | discipline_code: ows | venue: pont alexandre iii | participant_code: 1561770 | participant_name: seidler phillip | participant_type: person | participant_country_code: nam | participant_country: namibia | rank:  | result:  | result_type: irm | result_IRM: dnf | result_diff:  | start_order: 1 | bib: 1
date: 2024-08-09t09:37:28+02:00 | stage_code: owsm10km--------------fnl-000100-- | event_code: owsm10km | event_name: men's 10km | event_stage: men's 10km | stage: men's 10km | gender: m | discipline_name: marathon swimming | discipline_code: ows | venue: pont alexandre iii | participant_code: 1887960 | participant_name: albayrak emir batur | participant_type: person | participant_country_code: tur | participant_country: türkiye | rank:  | result:  | result_type: irm | result_IRM: dnf | result_diff:  | start_order: 2 | bib: 2
date: 2024-08-09t09:37:28+02:00 | stage_code: owsm10km--------------fnl-000100-- | event_code: owsm10km | event_name: men's 10km | event_stage: men's 10km | stage: men's 10km | gender: m | discipline_name: marathon swimming | discipline_code: ows | venue: pont alexandre iii | participant_code: 1572551 | participant_name: johansson victor | participant_type: person | participant_country_code: swe | participant_country: sweden | rank:  | result:  | result_type: irm | result_IRM: dns | result_diff:  | start_order: 8 | bib: 8
date: 2024-08-09t09:37:28+02:00 | stage_code: owsm10km--------------fnl-000100-- | event_code: owsm10km | event_name: men's 10km | event_stage: men's 10km | stage: men's 10km | gender: m | discipline_name: marathon swimming | discipline_code: ows | venue: pont alexandre iii | participant_code: 1941821 | participant_name: jaouadi ahmed | participant_type: person | participant_country_code: tun | participant_country: tunisia | rank:  | result:  | result_type: irm | result_IRM: dns | result_diff:  | start_order: 11 | bib: 11
date: 2024-08-08t09:59:06+02:00 | stage_code: owsw10km--------------fnl-000100-- | event_code: owsw10km | event_name: women's 10km | event_stage: women's 10km | stage: women's 10km | gender: w | discipline_name: marathon swimming | discipline_code: ows | venue: pont alexandre iii | participant_code: 1972515 | participant_name: van rouwendaal sharon | participant_type: person | participant_country_code: ned | participant_country: netherlands | rank: 1.0 | result: 2:03:34.2 | result_type: time | result_IRM:  | result_diff:  | start_order: 2 | bib: 2
date: 2024-08-08t09:59:06+02:00 | stage_code: owsw10km--------------fnl-000100-- | event_code: owsw10km | event_name: women's 10km | event_stage: women's 10km | stage: women's 10km | gender: w | discipline_name: marathon swimming | discipline_code: ows | venue: pont alexandre iii | participant_code: 1945588 | participant_name: johnson moesha | participant_type: person | participant_country_code: aus | participant_country: australia | rank: 2.0 | result: 2:03:39.7 | result_type: time | result_IRM:  | result_diff: +5.5 | start_order: 15 | bib: 15
date: 2024-08-08t09:59:06+02:00 | stage_code: owsw10km--------------fnl-000100-- | event_code: owsw10km | event_name: women's 10km | event_stage: women's 10km | stage: women's 10km | gender: w | discipline_name: marathon swimming | discipline_code: ows | venue: pont alexandre iii | participant_code: 1925804 | participant_name: taddeucci ginevra | participant_type: person | participant_country_code: ita | participant_country: italy | rank: 3.0 | result: 2:03:42.8 | result_type: time | result_IRM:  | result_diff: +8.6 | start_order: 13 | bib: 13
date: 2024-08-08t09:59:06+02:00 | stage_code: owsw10km--------------fnl-000100-- | event_code: owsw10km | event_name: women's 10km | event_stage: women's 10km | stage: women's 10km | gender: w | discipline_name: marathon swimming | discipline_code: ows | venue: pont alexandre iii | participant_code: 1951595 | participant_name: cunha ana marcela | participant_type: person | participant_country_code: bra | participant_country: brazil | rank: 4.0 | result: 2:04:15.7 | result_type: time | result_IRM:  | result_diff: +41.5 | start_order: 8 | bib: 8
date: 2024-08-08t09:59:06+02:00 | stage_code: owsw10km--------------fnl-000100-- | event_code: owsw10km | event_name: women's 10km | event_stage: women's 10km | stage: women's 10km | gender: w | discipline_name: marathon swimming | discipline_code: ows | venue: pont alexandre iii | participant_code: 1902547 | participant_name: fabian bettina | participant_type: person | participant_country_code: hun | participant_country: hungary | rank: 5.0 | result: 2:04:16.9 | result_type: time | result_IRM:  | result_diff: +42.7 | start_order: 23 | bib: 23
date: 2024-08-08t09:59:06+02:00 | stage_code: owsw10km--------------fnl-000100-- | event_code: owsw10km | event_name: women's 10km | event_stage: women's 10km | stage: women's 10km | gender: w | discipline_name: marathon swimming | discipline_code: ows | venue: pont alexandre iii | participant_code: 1925700 | participant_name: gabbrielleschi giulia | participant_type: person | participant_country_code: ita | participant_country: italy | rank: 6.0 | result: 2:04:17.9 | result_type: time | result_IRM:  | result_diff: +43.7 | start_order: 11 | bib: 11
date: 2024-08-08t09:59:06+02:00 | stage_code: owsw10km--------------fnl-000100-- | event_code: owsw10km | event_name: women's 10km | event_stage: women's 10km | stage: women's 10km | gender: w | discipline_name: marathon swimming | discipline_code: ows | venue: pont alexandre iii | participant_code: 1902945 | participant_name: cassignol oceane | participant_type: person | participant_country_code: fra | participant_country: france | rank: 7.0 | result: 2:06:06.9 | result_type: time | result_IRM:  | result_diff: +2:32.7 | start_order: 14 | bib: 14
date: 2024-08-08t09:59:06+02:00 | stage_code: owsw10km--------------fnl-000100-- | event_code: owsw10km | event_name: women's 10km | event_stage: women's 10km | stage: women's 10km | gender: w | discipline_name: marathon swimming | discipline_code: ows | venue: pont alexandre iii | participant_code: 1902946 | participant_name: jouisse caroline | participant_type: person | participant_country_code: fra | participant_country: france | rank: 8.0 | result: 2:06:11.0 | result_type: time | result_IRM:  | result_diff: +2:36.8 | start_order: 1 | bib: 1
date: 2024-08-08t09:59:06+02:00 | stage_code: owsw10km--------------fnl-000100-- | event_code: owsw10km | event_name: women's 10km | event_stage: women's 10km | stage: women's 10km | gender: w | discipline_name: marathon swimming | discipline_code: ows | venue: pont alexandre iii | participant_code: 1907196 | participant_name: beck leonie | participant_type: person | participant_country_code: ger | participant_country: germany | rank: 9.0 | result: 2:06:13.4 | result_type: time | result_IRM:  | result_diff: +2:39.2 | start_order: 4 | bib: 4
date: 2024-08-08t09:59:06+02:00 | stage_code: owsw10km--------------fnl-000100-- | event_code: owsw10km | event_name: women's 10km | event_stage: women's 10km | stage: women's 10km | gender: w | discipline_name: marathon swimming | discipline_code: ows | venue: pont alexandre iii | participant_code: 1954805 | participant_name: martinez guillen angela | participant_type: person | participant_country_code: esp | participant_country: spain | rank: 10.0 | result: 2:06:15.3 | result_type: time | result_IRM:  | result_diff: +2:41.1 | start_order: 19 | bib: 19
date: 2024-08-08t09:59:06+02:00 | stage_code: owsw10km--------------fnl-000100-- | event_code: owsw10km | event_name: women's 10km | event_stage: women's 10km | stage: women's 10km | gender: w | discipline_name: marathon swimming | discipline_code: ows | venue: pont alexandre iii | participant_code: 1951623 | participant_name: jungblut viviane | participant_type: person | participant_country_code: bra | participant_country: brazil | rank: 11.0 | result: 2:06:15.8 | result_type: time | result_IRM:  | result_diff: +2:41.6 | start_order: 17 | bib: 17
date: 2024-08-08t09:59:06+02:00 | stage_code: owsw10km--------------fnl-000100-- | event_code: owsw10km | event_name: women's 10km | event_stage: women's 10km | stage: women's 10km | gender: w | discipline_name: marathon swimming | discipline_code: ows | venue: pont alexandre iii | participant_code: 1949650 | participant_name: andre angelica | participant_type: person | participant_country_code: por | participant_country: portugal | rank: 12.0 | result: 2:06:17.0 | result_type: time | result_IRM:  | result_diff: +2:42.8 | start_order: 3 | bib: 3
date: 2024-08-08t09:59:06+02:00 | stage_code: owsw10km--------------fnl-000100-- | event_code: owsw10km | event_name: women's 10km | event_stage: women's 10km | stage: women's 10km | gender: w | discipline_name: marathon swimming | discipline_code: ows | venue: pont alexandre iii | participant_code: 1891660 | participant_name: ebina airi | participant_type: person | participant_country_code: jpn | participant_country: japan | rank: 13.0 | result: 2:06:17.7 | result_type: time | result_IRM:  | result_diff: +2:43.5 | start_order: 22 | bib: 22
date: 2024-08-08t09:59:06+02:00 | stage_code: owsw10km--------------fnl-000100-- | event_code: owsw10km | event_name: women's 10km | event_stage: women's 10km | stage: women's 10km | gender: w | discipline_name: marathon swimming | discipline_code: ows | venue: pont alexandre iii | participant_code: 1945585 | participant_name: gubecka chelsea | participant_type: person | participant_country_code: aus | participant_country: australia | rank: 14.0 | result: 2:06:17.8 | result_type: time | result_IRM:  | result_diff: +2:43.6 | start_order: 10 | bib: 10
date: 2024-08-08t09:59:06+02:00 | stage_code: owsw10km--------------fnl-000100-- | event_code: owsw10km | event_name: women's 10km | event_stage: women's 10km | stage: women's 10km | gender: w | discipline_name: marathon swimming | discipline_code: ows | venue: pont alexandre iii | participant_code: 1935909 | participant_name: grimes katie | participant_type: person | participant_country_code: usa | participant_country: united states | rank: 15.0 | result: 2:06:29.6 | result_type: time | result_IRM:  | result_diff: +2:55.4 | start_order: 5 | bib: 5
date: 2024-08-08t09:59:06+02:00 | stage_code: owsw10km--------------fnl-000100-- | event_code: owsw10km | event_name: women's 10km | event_stage: women's 10km | stage: women's 10km | gender: w | discipline_name: marathon swimming | discipline_code: ows | venue: pont alexandre iii | participant_code: 1935893 | participant_name: denigan mariah | participant_type: person | participant_country_code: usa | participant_country: united states | rank: 16.0 | result: 2:06:42.9 | result_type: time | result_IRM:  | result_diff: +3:08.7 | start_order: 21 | bib: 21
date: 2024-08-08t09:59:06+02:00 | stage_code: owsw10km--------------fnl-000100-- | event_code: owsw10km | event_name: women's 10km | event_stage: women's 10km | stage: women's 10km | gender: w | discipline_name: marathon swimming | discipline_code: ows | venue: pont alexandre iii | participant_code: 1954804 | participant_name: de valdes alvarez maria | participant_type: person | participant_country_code: esp | participant_country: spain | rank: 17.0 | result: 2:07:02.4 | result_type: time | result_IRM:  | result_diff: +3:28.2 | start_order: 24 | bib: 24
date: 2024-08-08t09:59:06+02:00 | stage_code: owsw10km--------------fnl-000100-- | event_code: owsw10km | event_name: women's 10km | event_stage: women's 10km | stage: women's 10km | gender: w | discipline_name: marathon swimming | discipline_code: ows | venue: pont alexandre iii | participant_code: 1552569 | participant_name: pou lisa | participant_type: person | participant_country_code: mon | participant_country: monaco | rank: 18.0 | result: 2:07:05.4 | result_type: time | result_IRM:  | result_diff: +3:31.2 | start_order: 20 | bib: 20
date: 2024-08-08t09:59:06+02:00 | stage_code: owsw10km--------------fnl-000100-- | event_code: owsw10km | event_name: women's 10km | event_stage: women's 10km | stage: women's 10km | gender: w | discipline_name: marathon swimming | discipline_code: ows | venue: pont alexandre iii | participant_code: 1536190 | participant_name: sandoval ayala martha | participant_type: person | participant_country_code: mex | participant_country: mexico | rank: 19.0 | result: 2:07:24.9 | result_type: time | result_IRM:  | result_diff: +3:50.7 | start_order: 18 | bib: 18
date: 2024-08-08t09:59:06+02:00 | stage_code: owsw10km--------------fnl-000100-- | event_code: owsw10km | event_name: women's 10km | event_stage: women's 10km | stage: women's 10km | gender: w | discipline_name: marathon swimming | discipline_code: ows | venue: pont alexandre iii | participant_code: 1544165 | participant_name: crisp leah phoebe | participant_type: person | participant_country_code: gbr | participant_country: great britain | rank: 20.0 | result: 2:07:46.7 | result_type: time | result_IRM:  | result_diff: +4:12.5 | start_order: 16 | bib: 16
date: 2024-08-08t09:59:06+02:00 | stage_code: owsw10km--------------fnl-000100-- | event_code: owsw10km | event_name: women's 10km | event_stage: women's 10km | stage: women's 10km | gender: w | discipline_name: marathon swimming | discipline_code: ows | venue: pont alexandre iii | participant_code: 1944208 | participant_name: bramont-arias maria alejandra | participant_type: person | participant_country_code: per | participant_country: peru | rank: 21.0 | result: 2:12:44.7 | result_type: time | result_IRM:  | result_diff: +9:10.5 | start_order: 9 | bib: 9
date: 2024-08-08t09:59:06+02:00 | stage_code: owsw10km--------------fnl-000100-- | event_code: owsw10km | event_name: women's 10km | event_stage: women's 10km | stage: women's 10km | gender: w | discipline_name: marathon swimming | discipline_code: ows | venue: pont alexandre iii | participant_code: 1907231 | participant_name: maertens leonie | participant_type: person | participant_country_code: ger | participant_country: germany | rank: 22.0 | result: 2:15:57.3 | result_type: time | result_IRM:  | result_diff: +12:23.1 | start_order: 7 | bib: 7
date: 2024-08-08t09:59:06+02:00 | stage_code: owsw10km--------------fnl-000100-- | event_code: owsw10km | event_name: women's 10km | event_stage: women's 10km | stage: women's 10km | gender: w | discipline_name: marathon swimming | discipline_code: ows | venue: pont alexandre iii | participant_code: 1967110 | participant_name: finlin emma | participant_type: person | participant_country_code: can | participant_country: canada | rank: 23.0 | result: 2:22:06.5 | result_type: time | result_IRM:  | result_diff: +18:32.3 | start_order: 12 | bib: 12
date: 2024-08-08t09:59:06+02:00 | stage_code: owsw10km--------------fnl-000100-- | event_code: owsw10km | event_name: women's 10km | event_stage: women's 10km | stage: women's 10km | gender: w | discipline_name: marathon swimming | discipline_code: ows | venue: pont alexandre iii | participant_code: 1898298 | participant_name: xin xin | participant_type: person | participant_country_code: chn | participant_country: china | rank: 24.0 | result: 2:27:02.9 | result_type: time | result_IRM:  | result_diff: +23:28.7 | start_order: 6 | bib: 6
