text
date: 2024-07-24t22:34:32+02:00 | stage_code: ru7mteam7-------------gpb-000100-- | event_code: ru7mteam7 | event_name: men | event_stage: men's pool b | stage: pool b | gender: m | discipline_name: rugby sevens | discipline_code: ru7 | venue: stade de france | participant_code: ru7mteam7---aus01 | participant_name: australia | participant_type: team | participant_country_code: aus | participant_country: australia | result: 21 | result_type: points | result_WLT: w | start_order: 1
date: 2024-07-24t22:34:32+02:00 | stage_code: ru7mteam7-------------gpb-000100-- | event_code: ru7mteam7 | event_name: men | event_stage: men's pool b | stage: pool b | gender: m | discipline_name: rugby sevens | discipline_code: ru7 | venue: stade de france | participant_code: ru7mteam7---sam01 | participant_name: samoa | participant_type: team | participant_country_code: sam | participant_country: samoa | result: 14 | result_type: points | result_WLT: l | start_order: 2
date: 2024-07-24t23:21:21+02:00 | stage_code: ru7mteam7-------------gpb-000200-- | event_code: ru7mteam7 | event_name: men | event_stage: men's pool b | stage: pool b | gender: m | discipline_name: rugby sevens | discipline_code: ru7 | venue: stade de france | participant_code: ru7mteam7---arg01 | participant_name: argentina | participant_type: team | participant_country_code: arg | participant_country: argentina | result: 31 | result_type: points | result_WLT: w | start_order: 1
date: 2024-07-24t23:21:21+02:00 | stage_code: ru7mteam7-------------gpb-000200-- | event_code: ru7mteam7 | event_name: men | event_stage: men's pool b | stage: pool b | gender: m | discipline_name: rugby sevens | discipline_code: ru7 | venue: stade de france | participant_code: ru7mteam7---ken01 | participant_name: kenya | participant_type: team | participant_country_code: ken | participant_country: kenya | result: 12 | result_type: points | result_WLT: l | start_order: 2
date: 2024-07-24t23:21:21+02:00 | stage_code: ru7mteam7-------------gpc-000100-- | event_code: ru7mteam7 | event_name: men | event_stage: men's pool c | stage: pool c | gender: m | discipline_name: rugby sevens | discipline_code: ru7 | venue: stade de france | participant_code: ru7mteam7---fra01 | participant_name: france | participant_type: team | participant_country_code: fra | participant_country: france | result: 12 | result_type: points | result_WLT: t | start_order: 1
date: 2024-07-24t23:21:21+02:00 | stage_code: ru7mteam7-------------gpc-000100-- | event_code: ru7mteam7 | event_name: men | event_stage: men's pool c | stage: pool c | gender: m | discipline_name: rugby sevens | discipline_code: ru7 | venue: stade de france | participant_code: ru7mteam7---usa01 | participant_name: united states of america | participant_type: team | participant_country_code: usa | participant_country: united states | result: 12 | result_type: points | result_WLT: t | start_order: 2
date: 2024-07-24t23:21:22+02:00 | stage_code: ru7mteam7-------------gpa-000100-- | event_code: ru7mteam7 | event_name: men | event_stage: men's pool a | stage: pool a | gender: m | discipline_name: rugby sevens | discipline_code: ru7 | venue: stade de france | participant_code: ru7mteam7---irl01 | participant_name: ireland | participant_type: team | participant_country_code: irl | participant_country: ireland | result: 10 | result_type: points | result_WLT: w | start_order: 1
date: 2024-07-24t23:21:22+02:00 | stage_code: ru7mteam7-------------gpa-000100-- | event_code: ru7mteam7 | event_name: men | event_stage: men's pool a | stage: pool a | gender: m | discipline_name: rugby sevens | discipline_code: ru7 | venue: stade de france | participant_code: ru7mteam7---rsa01 | participant_name: south africa | participant_type: team | participant_country_code: rsa | participant_country: south africa | result: 5 | result_type: points | result_WLT: l | start_order: 2
date: 2024-07-24t23:21:22+02:00 | stage_code: ru7mteam7-------------gpc-000200-- | event_code: ru7mteam7 | event_name: men | event_stage: men's pool c | stage: pool c | gender: m | discipline_name: rugby sevens | discipline_code: ru7 | venue: stade de france | participant_code: ru7mteam7---fij01 | participant_name: fiji | participant_type: team | participant_country_code: fij | participant_country: fiji | result: 40 | result_type: points | result_WLT: w | start_order: 1
date: 2024-07-24t23:21:22+02:00 | stage_code: ru7mteam7-------------gpc-000200-- | event_code: ru7mteam7 | event_name: men | event_stage: men's pool c | stage: pool c | gender: m | discipline_name: rugby sevens | discipline_code: ru7 | venue: stade de france | participant_code: ru7mteam7---uru01 | participant_name: uruguay | participant_type: team | participant_country_code: uru | participant_country: uruguay | result: 12 | result_type: points | result_WLT: l | start_order: 2
date: 2024-07-24t23:21:23+02:00 | stage_code: ru7mteam7-------------gpa-000200-- | event_code: ru7mteam7 | event_name: men | event_stage: men's pool a | stage: pool a | gender: m | discipline_name: rugby sevens | discipline_code: ru7 | venue: stade de france | participant_code: ru7mteam7---nzl01 | participant_name: new zealand | participant_type: team | participant_country_code: nzl | participant_country: new zealand | result: 40 | result_type: points | result_WLT: w | start_order: 1
date: 2024-07-24t23:21:23+02:00 | stage_code: ru7mteam7-------------gpa-000200-- | event_code: ru7mteam7 | event_name: men | event_stage: men's pool a | stage: pool a | gender: m | discipline_name: rugby sevens | discipline_code: ru7 | venue: stade de france | participant_code: ru7mteam7---jpn01 | participant_name: japan | participant_type: team | participant_country_code: jpn | participant_country: japan | result: 12 | result_type: points | result_WLT: l | start_order: 2
date: 2024-07-24t23:51:07+02:00 | stage_code: ru7mteam7-------------gpc-000400-- | event_code: ru7mteam7 | event_name: men | event_stage: men's pool c | stage: pool c | gender: m | discipline_name: rugby sevens | discipline_code: ru7 | venue: stade de france | participant_code: ru7mteam7---fij01 | participant_name: fiji | participant_type: team | participant_country_code: fij | participant_country: fiji | result: 38 | result_type: points | result_WLT: w | start_order: 1
date: 2024-07-24t23:51:07+02:00 | stage_code: ru7mteam7-------------gpc-000400-- | event_code: ru7mteam7 | event_name: men | event_stage: men's pool c | stage: pool c | gender: m | discipline_name: rugby sevens | discipline_code: ru7 | venue: stade de france | participant_code: ru7mteam7---usa01 | participant_name: united states of america | participant_type: team | participant_country_code: usa | participant_country: united states | result: 12 | result_type: points | result_WLT: l | start_order: 2
date: 2024-07-24t23:51:08+02:00 | stage_code: ru7mteam7-------------gpa-000300-- | event_code: ru7mteam7 | event_name: men | event_stage: men's pool a | stage: pool a | gender: m | discipline_name: rugby sevens | discipline_code: ru7 | venue: stade de france | participant_code: ru7mteam7---irl01 | participant_name: ireland | participant_type: team | participant_country_code: irl | participant_country: ireland | result: 40 | result_type: points | result_WLT: w | start_order: 1
date: 2024-07-24t23:51:08+02:00 | stage_code: ru7mteam7-------------gpa-000300-- | event_code: ru7mteam7 | event_name: men | event_stage: men's pool a | stage: pool a | gender: m | discipline_name: rugby sevens | discipline_code: ru7 | venue: stade de france | participant_code: ru7mteam7---jpn01 | participant_name: japan | participant_type: team | participant_country_code: jpn | participant_country: japan | result: 5 | result_type: points | result_WLT: l | start_order: 2
date: 2024-07-24t23:51:08+02:00 | stage_code: ru7mteam7-------------gpa-000400-- | event_code: ru7mteam7 | event_name: men | event_stage: men's pool a | stage: pool a | gender: m | discipline_name: rugby sevens | discipline_code: ru7 | venue: stade de france | participant_code: ru7mteam7---nzl01 | participant_name: new zealand | participant_type: team | participant_country_code: nzl | participant_country: new zealand | result: 17 | result_type: points | result_WLT: w | start_order: 1
date: 2024-07-24t23:51:08+02:00 | stage_code: ru7mteam7-------------gpa-000400-- | event_code: ru7mteam7 | event_name: men | event_stage: men's pool a | stage: pool a | gender: m | discipline_name: rugby sevens | discipline_code: ru7 | venue: stade de france | participant_code: ru7mteam7---rsa01 | participant_name: south africa | participant_type: team | participant_country_code: rsa | participant_country: south africa | result: 5 | result_type: points | result_WLT: l | start_order: 2
date: 2024-07-24t23:51:09+02:00 | stage_code: ru7mteam7-------------gpc-000300-- | event_code: ru7mteam7 | event_name: men | event_stage: men's pool c | stage: pool c | gender: m | discipline_name: rugby sevens | discipline_code: ru7 | venue: stade de france | participant_code: ru7mteam7---fra01 | participant_name: france | participant_type: team | participant_country_code: fra | participant_country: france | result: 19 | result_type: points | result_WLT: w | start_order: 1
date: 2024-07-24t23:51:09+02:00 | stage_code: ru7mteam7-------------gpc-000300-- | event_code: ru7mteam7 | event_name: men | event_stage: men's pool c | stage: pool c | gender: m | discipline_name: rugby sevens | discipline_code: ru7 | venue: stade de france | participant_code: ru7mteam7---uru01 | participant_name: uruguay | participant_type: team | participant_country_code: uru | participant_country: uruguay | result: 12 | result_type: points | result_WLT: l | start_order: 2
date: 2024-07-24t23:51:10+02:00 | stage_code: ru7mteam7-------------gpb-000300-- | event_code: ru7mteam7 | event_name: men | event_stage: men's pool b | stage: pool b | gender: m | discipline_name: rugby sevens | discipline_code: ru7 | venue: stade de france | participant_code: ru7mteam7---aus01 | participant_name: australia | participant_type: team | participant_country_code: aus | participant_country: australia | result: 21 | result_type: points | result_WLT: w | start_order: 1
date: 2024-07-24t23:51:10+02:00 | stage_code: ru7mteam7-------------gpb-000300-- | event_code: ru7mteam7 | event_name: men | event_stage: men's pool b | stage: pool b | gender: m | discipline_name: rugby sevens | discipline_code: ru7 | venue: stade de france | participant_code: ru7mteam7---ken01 | participant_name: kenya | participant_type: team | participant_country_code: ken | participant_country: kenya | result: 7 | result_type: points | result_WLT: l | start_order: 2
date: 2024-07-24t23:51:10+02:00 | stage_code: ru7mteam7-------------gpb-000400-- | event_code: ru7mteam7 | event_name: men | event_stage: men's pool b | stage: pool b | gender: m | discipline_name: rugby sevens | discipline_code: ru7 | venue: stade de france | participant_code: ru7mteam7---arg01 | participant_name: argentina | participant_type: team | participant_country_code: arg | participant_country: argentina | result: 28 | result_type: points | result_WLT: w | start_order: 1
date: 2024-07-24t23:51:10+02:00 | stage_code: ru7mteam7-------------gpb-000400-- | event_code: ru7mteam7 | event_name: men | event_stage: men's pool b | stage: pool b | gender: m | discipline_name: rugby sevens | discipline_code: ru7 | venue: stade de france | participant_code: ru7mteam7---sam01 | participant_name: samoa | participant_type: team | participant_country_code: sam | participant_country: samoa | result: 12 | result_type: points | result_WLT: l | start_order: 2
date: 2024-07-25t16:21:22+02:00 | stage_code: ru7mteam7-------------gpa-000500-- | event_code: ru7mteam7 | event_name: men | event_stage: men's pool a | stage: pool a | gender: m | discipline_name: rugby sevens | discipline_code: ru7 | venue: stade de france | participant_code: ru7mteam7---rsa01 | participant_name: south africa | participant_type: team | participant_country_code: rsa | participant_country: south africa | result: 49 | result_type: points | result_WLT: w | start_order: 1
date: 2024-07-25t16:21:22+02:00 | stage_code: ru7mteam7-------------gpa-000500-- | event_code: ru7mteam7 | event_name: men | event_stage: men's pool a | stage: pool a | gender: m | discipline_name: rugby sevens | discipline_code: ru7 | venue: stade de france | participant_code: ru7mteam7---jpn01 | participant_name: japan | participant_type: team | participant_country_code: jpn | participant_country: japan | result: 5 | result_type: points | result_WLT: l | start_order: 2
date: 2024-07-25t17:03:40+02:00 | stage_code: ru7mteam7-------------gpb-000500-- | event_code: ru7mteam7 | event_name: men | event_stage: men's pool b | stage: pool b | gender: m | discipline_name: rugby sevens | discipline_code: ru7 | venue: stade de france | participant_code: ru7mteam7---sam01 | participant_name: samoa | participant_type: team | participant_country_code: sam | participant_country: samoa | result: 26 | result_type: points | result_WLT: w | start_order: 1
date: 2024-07-25t17:03:40+02:00 | stage_code: ru7mteam7-------------gpb-000500-- | event_code: ru7mteam7 | event_name: men | event_stage: men's pool b | stage: pool b | gender: m | discipline_name: rugby sevens | discipline_code: ru7 | venue: stade de france | participant_code: ru7mteam7---ken01 | participant_name: kenya | participant_type: team | participant_country_code: ken | participant_country: kenya | result: 0 | result_type: points | result_WLT: l | start_order: 2
date: 2024-07-25t17:04:36+02:00 | stage_code: ru7mteam7-------------gpb-000600-- | event_code: ru7mteam7 | event_name: men | event_stage: men's pool b | stage: pool b | gender: m | discipline_name: rugby sevens | discipline_code: ru7 | venue: stade de france | participant_code: ru7mteam7---arg01 | participant_name: argentina | participant_type: team | participant_country_code: arg | participant_country: argentina | result: 14 | result_type: points | result_WLT: l | start_order: 1
date: 2024-07-25t17:04:36+02:00 | stage_code: ru7mteam7-------------gpb-000600-- | event_code: ru7mteam7 | event_name: men | event_stage: men's pool b | stage: pool b | gender: m | discipline_name: rugby sevens | discipline_code: ru7 | venue: stade de france | participant_code: ru7mteam7---aus01 | participant_name: australia | participant_type: team | participant_country_code: aus | participant_country: australia | result: 22 | result_type: points | result_WLT: w | start_order: 2
date: 2024-07-25t17:05:50+02:00 | stage_code: ru7mteam7-------------gpc-000600-- | event_code: ru7mteam7 | event_name: men | event_stage: men's pool c | stage: pool c | gender: m | discipline_name: rugby sevens | discipline_code: ru7 | venue: stade de france | participant_code: ru7mteam7---fij01 | participant_name: fiji | participant_type: team | participant_country_code: fij | participant_country: fiji | result: 19 | result_type: points | result_WLT: w | start_order: 1
date: 2024-07-25t17:05:50+02:00 | stage_code: ru7mteam7-------------gpc-000600-- | event_code: ru7mteam7 | event_name: men | event_stage: men's pool c | stage: pool c | gender: m | discipline_name: rugby sevens | discipline_code: ru7 | venue: stade de france | participant_code: ru7mteam7---fra01 | participant_name: france | participant_type: team | participant_country_code: fra | participant_country: france | result: 12 | result_type: points | result_WLT: l | start_order: 2
date: 2024-07-25t17:20:34+02:00 | stage_code: ru7mteam7-------------gpc-000500-- | event_code: ru7mteam7 | event_name: men | event_stage: men's pool c | stage: pool c | gender: m | discipline_name: rugby sevens | discipline_code: ru7 | venue: stade de france | participant_code: ru7mteam7---usa01 | participant_name: united states of america | participant_type: team | participant_country_code: usa | participant_country: united states | result: 33 | result_type: points | result_WLT: w | start_order: 1
date: 2024-07-25t17:20:34+02:00 | stage_code: ru7mteam7-------------gpc-000500-- | event_code: ru7mteam7 | event_name: men | event_stage: men's pool c | stage: pool c | gender: m | discipline_name: rugby sevens | discipline_code: ru7 | venue: stade de france | participant_code: ru7mteam7---uru01 | participant_name: uruguay | participant_type: team | participant_country_code: uru | participant_country: uruguay | result: 17 | result_type: points | result_WLT: l | start_order: 2
date: 2024-07-25t20:26:16+02:00 | stage_code: ru7mteam7-------------sf9-000100-- | event_code: ru7mteam7 | event_name: men | event_stage: men's placing 9-12 | stage: placing 9-12 | gender: m | discipline_name: rugby sevens | discipline_code: ru7 | venue: stade de france | participant_code: ru7mteam7---sam01 | participant_name: samoa | participant_type: team | participant_country_code: sam | participant_country: samoa | result: 42 | result_type: points | result_WLT: w | start_order: 1
date: 2024-07-25t20:26:16+02:00 | stage_code: ru7mteam7-------------sf9-000100-- | event_code: ru7mteam7 | event_name: men | event_stage: men's placing 9-12 | stage: placing 9-12 | gender: m | discipline_name: rugby sevens | discipline_code: ru7 | venue: stade de france | participant_code: ru7mteam7---jpn01 | participant_name: japan | participant_type: team | participant_country_code: jpn | participant_country: japan | result: 7 | result_type: points | result_WLT: l | start_order: 2
date: 2024-07-25t21:02:12+02:00 | stage_code: ru7mteam7-------------sf9-000200-- | event_code: ru7mteam7 | event_name: men | event_stage: men's placing 9-12 | stage: placing 9-12 | gender: m | discipline_name: rugby sevens | discipline_code: ru7 | venue: stade de france | participant_code: ru7mteam7---uru01 | participant_name: uruguay | participant_type: team | participant_country_code: uru | participant_country: uruguay | result: 14 | result_type: points | result_WLT: l | start_order: 1
date: 2024-07-25t21:02:12+02:00 | stage_code: ru7mteam7-------------sf9-000200-- | event_code: ru7mteam7 | event_name: men | event_stage: men's placing 9-12 | stage: placing 9-12 | gender: m | discipline_name: rugby sevens | discipline_code: ru7 | venue: stade de france | participant_code: ru7mteam7---ken01 | participant_name: kenya | participant_type: team | participant_country_code: ken | participant_country: kenya | result: 19 | result_type: points | result_WLT: w | start_order: 2
date: 2024-07-25t21:27:41+02:00 | stage_code: ru7mteam7-------------qfnl000100-- | event_code: ru7mteam7 | event_name: men | event_stage: men's quarter-final | stage: quarter-final | gender: m | discipline_name: rugby sevens | discipline_code: ru7 | venue: stade de france | participant_code: ru7mteam7---nzl01 | participant_name: new zealand | participant_type: team | participant_country_code: nzl | participant_country: new zealand | result: 7 | result_type: points | result_WLT: l | start_order: 1
date: 2024-07-25t21:27:41+02:00 | stage_code: ru7mteam7-------------qfnl000100-- | event_code: ru7mteam7 | event_name: men | event_stage: men's quarter-final | stage: quarter-final | gender: m | discipline_name: rugby sevens | discipline_code: ru7 | venue: stade de france | participant_code: ru7mteam7---rsa01 | participant_name: south africa | participant_type: team | participant_country_code: rsa | participant_country: south africa | result: 14 | result_type: points | result_WLT: w | start_order: 2
date: 2024-07-25t22:17:26+02:00 | stage_code: ru7mteam7-------------qfnl000200-- | event_code: ru7mteam7 | event_name: men | event_stage: men's quarter-final | stage: quarter-final | gender: m | discipline_name: rugby sevens | discipline_code: ru7 | venue: stade de france | participant_code: ru7mteam7---arg01 | participant_name: argentina | participant_type: team | participant_country_code: arg | participant_country: argentina | result: 14 | result_type: points | result_WLT: l | start_order: 1
date: 2024-07-25t22:17:26+02:00 | stage_code: ru7mteam7-------------qfnl000200-- | event_code: ru7mteam7 | event_name: men | event_stage: men's quarter-final | stage: quarter-final | gender: m | discipline_name: rugby sevens | discipline_code: ru7 | venue: stade de france | participant_code: ru7mteam7---fra01 | participant_name: france | participant_type: team | participant_country_code: fra | participant_country: france | result: 26 | result_type: points | result_WLT: w | start_order: 2
date: 2024-07-25t22:53:40+02:00 | stage_code: ru7mteam7-------------qfnl000300-- | event_code: ru7mteam7 | event_name: men | event_stage: men's quarter-final | stage: quarter-final | gender: m | discipline_name: rugby sevens | discipline_code: ru7 | venue: stade de france | participant_code: ru7mteam7---fij01 | participant_name: fiji | participant_type: team | participant_country_code: fij | participant_country: fiji | result: 19 | result_type: points | result_WLT: w | start_order: 1
date: 2024-07-25t22:53:40+02:00 | stage_code: ru7mteam7-------------qfnl000300-- | event_code: ru7mteam7 | event_name: men | event_stage: men's quarter-final | stage: quarter-final | gender: m | discipline_name: rugby sevens | discipline_code: ru7 | venue: stade de france | participant_code: ru7mteam7---irl01 | participant_name: ireland | participant_type: team | participant_country_code: irl | participant_country: ireland | result: 15 | result_type: points | result_WLT: l | start_order: 2
date: 2024-07-25t22:55:05+02:00 | stage_code: ru7mteam7-------------qfnl000400-- | event_code: ru7mteam7 | event_name: men | event_stage: men's quarter-final | stage: quarter-final | gender: m | discipline_name: rugby sevens | discipline_code: ru7 | venue: stade de france | participant_code: ru7mteam7---aus01 | participant_name: australia | participant_type: team | participant_country_code: aus | participant_country: australia | result: 18 | result_type: points | result_WLT: w | start_order: 1
date: 2024-07-25t22:55:05+02:00 | stage_code: ru7mteam7-------------qfnl000400-- | event_code: ru7mteam7 | event_name: men | event_stage: men's quarter-final | stage: quarter-final | gender: m | discipline_name: rugby sevens | discipline_code: ru7 | venue: stade de france | participant_code: ru7mteam7---usa01 | participant_name: united states of america | participant_type: team | participant_country_code: usa | participant_country: united states | result: 0 | result_type: points | result_WLT: l | start_order: 2
date: 2024-07-25t23:22:12+02:00 | stage_code: ru7mteam7-------------gpa-000600-- | event_code: ru7mteam7 | event_name: men | event_stage: men's pool a | stage: pool a | gender: m | discipline_name: rugby sevens | discipline_code: ru7 | venue: stade de france | participant_code: ru7mteam7---nzl01 | participant_name: new zealand | participant_type: team | participant_country_code: nzl | participant_country: new zealand | result: 14 | result_type: points | result_WLT: w | start_order: 1
date: 2024-07-25t23:22:12+02:00 | stage_code: ru7mteam7-------------gpa-000600-- | event_code: ru7mteam7 | event_name: men | event_stage: men's pool a | stage: pool a | gender: m | discipline_name: rugby sevens | discipline_code: ru7 | venue: stade de france | participant_code: ru7mteam7---irl01 | participant_name: ireland | participant_type: team | participant_country_code: irl | participant_country: ireland | result: 12 | result_type: points | result_WLT: l | start_order: 2
date: 2024-07-27t15:00:29+02:00 | stage_code: ru7mteam7-------------sf5-000100-- | event_code: ru7mteam7 | event_name: men | event_stage: men's placing 5-8 | stage: placing 5-8 | gender: m | discipline_name: rugby sevens | discipline_code: ru7 | venue: stade de france | participant_code: ru7mteam7---nzl01 | participant_name: new zealand | participant_type: team | participant_country_code: nzl | participant_country: new zealand | result: 17 | result_type: points | result_WLT: w | start_order: 1
date: 2024-07-27t15:00:29+02:00 | stage_code: ru7mteam7-------------sf5-000100-- | event_code: ru7mteam7 | event_name: men | event_stage: men's placing 5-8 | stage: placing 5-8 | gender: m | discipline_name: rugby sevens | discipline_code: ru7 | venue: stade de france | participant_code: ru7mteam7---arg01 | participant_name: argentina | participant_type: team | participant_country_code: arg | participant_country: argentina | result: 12 | result_type: points | result_WLT: l | start_order: 2
date: 2024-07-27t15:26:29+02:00 | stage_code: ru7mteam7-------------sf5-000200-- | event_code: ru7mteam7 | event_name: men | event_stage: men's placing 5-8 | stage: placing 5-8 | gender: m | discipline_name: rugby sevens | discipline_code: ru7 | venue: stade de france | participant_code: ru7mteam7---irl01 | participant_name: ireland | participant_type: team | participant_country_code: irl | participant_country: ireland | result: 17 | result_type: points | result_WLT: w | start_order: 1
date: 2024-07-27t15:26:29+02:00 | stage_code: ru7mteam7-------------sf5-000200-- | event_code: ru7mteam7 | event_name: men | event_stage: men's placing 5-8 | stage: placing 5-8 | gender: m | discipline_name: rugby sevens | discipline_code: ru7 | venue: stade de france | participant_code: ru7mteam7---usa01 | participant_name: united states of america | participant_type: team | participant_country_code: usa | participant_country: united states | result: 14 | result_type: points | result_WLT: l | start_order: 2
date: 2024-07-27t15:51:48+02:00 | stage_code: ru7mteam7-------------sfnl000100-- | event_code: ru7mteam7 | event_name: men | event_stage: men's semi-final | stage: semi-final | gender: m | discipline_name: rugby sevens | discipline_code: ru7 | venue: stade de france | participant_code: ru7mteam7---rsa01 | participant_name: south africa | participant_type: team | participant_country_code: rsa | participant_country: south africa | result: 5 | result_type: points | result_WLT: l | start_order: 1
date: 2024-07-27t15:51:48+02:00 | stage_code: ru7mteam7-------------sfnl000100-- | event_code: ru7mteam7 | event_name: men | event_stage: men's semi-final | stage: semi-final | gender: m | discipline_name: rugby sevens | discipline_code: ru7 | venue: stade de france | participant_code: ru7mteam7---fra01 | participant_name: france | participant_type: team | participant_country_code: fra | participant_country: france | result: 19 | result_type: points | result_WLT: w | start_order: 2
date: 2024-07-27t16:22:02+02:00 | stage_code: ru7mteam7-------------sfnl000200-- | event_code: ru7mteam7 | event_name: men | event_stage: men's semi-final | stage: semi-final | gender: m | discipline_name: rugby sevens | discipline_code: ru7 | venue: stade de france | participant_code: ru7mteam7---fij01 | participant_name: fiji | participant_type: team | participant_country_code: fij | participant_country: fiji | result: 31 | result_type: points | result_WLT: w | start_order: 1
date: 2024-07-27t16:22:02+02:00 | stage_code: ru7mteam7-------------sfnl000200-- | event_code: ru7mteam7 | event_name: men | event_stage: men's semi-final | stage: semi-final | gender: m | discipline_name: rugby sevens | discipline_code: ru7 | venue: stade de france | participant_code: ru7mteam7---aus01 | participant_name: australia | participant_type: team | participant_country_code: aus | participant_country: australia | result: 7 | result_type: points | result_WLT: l | start_order: 2
date: 2024-07-27t17:20:40+02:00 | stage_code: ru7mteam7-------------fnl-000500-- | event_code: ru7mteam7 | event_name: men | event_stage: men's placing 9-10 | stage: placing 9-10 | gender: m | discipline_name: rugby sevens | discipline_code: ru7 | venue: stade de france | participant_code: ru7mteam7---sam01 | participant_name: samoa | participant_type: team | participant_country_code: sam | participant_country: samoa | result: 5 | result_type: points | result_WLT: l | start_order: 1
date: 2024-07-27t17:20:40+02:00 | stage_code: ru7mteam7-------------fnl-000500-- | event_code: ru7mteam7 | event_name: men | event_stage: men's placing 9-10 | stage: placing 9-10 | gender: m | discipline_name: rugby sevens | discipline_code: ru7 | venue: stade de france | participant_code: ru7mteam7---ken01 | participant_name: kenya | participant_type: team | participant_country_code: ken | participant_country: kenya | result: 10 | result_type: points | result_WLT: w | start_order: 2
date: 2024-07-27t17:28:47+02:00 | stage_code: ru7mteam7-------------fnl-000600-- | event_code: ru7mteam7 | event_name: men | event_stage: men's placing 11-12 | stage: placing 11-12 | gender: m | discipline_name: rugby sevens | discipline_code: ru7 | venue: stade de france | participant_code: ru7mteam7---jpn01 | participant_name: japan | participant_type: team | participant_country_code: jpn | participant_country: japan | result: 10 | result_type: points | result_WLT: l | start_order: 1
date: 2024-07-27t17:28:47+02:00 | stage_code: ru7mteam7-------------fnl-000600-- | event_code: ru7mteam7 | event_name: men | event_stage: men's placing 11-12 | stage: placing 11-12 | gender: m | discipline_name: rugby sevens | discipline_code: ru7 | venue: stade de france | participant_code: ru7mteam7---uru01 | participant_name: uruguay | participant_type: team | participant_country_code: uru | participant_country: uruguay | result: 21 | result_type: points | result_WLT: w | start_order: 2
date: 2024-07-27t18:36:55+02:00 | stage_code: ru7mteam7-------------fnl-000400-- | event_code: ru7mteam7 | event_name: men | event_stage: men's placing 7-8 | stage: placing 7-8 | gender: m | discipline_name: rugby sevens | discipline_code: ru7 | venue: stade de france | participant_code: ru7mteam7---arg01 | participant_name: argentina | participant_type: team | participant_country_code: arg | participant_country: argentina | result: 19 | result_type: points | result_WLT: w | start_order: 1
date: 2024-07-27t18:36:55+02:00 | stage_code: ru7mteam7-------------fnl-000400-- | event_code: ru7mteam7 | event_name: men | event_stage: men's placing 7-8 | stage: placing 7-8 | gender: m | discipline_name: rugby sevens | discipline_code: ru7 | venue: stade de france | participant_code: ru7mteam7---usa01 | participant_name: united states of america | participant_type: team | participant_country_code: usa | participant_country: united states | result: 0 | result_type: points | result_WLT: l | start_order: 2
date: 2024-07-27t18:52:10+02:00 | stage_code: ru7mteam7-------------fnl-000300-- | event_code: ru7mteam7 | event_name: men | event_stage: men's placing 5-6 | stage: placing 5-6 | gender: m | discipline_name: rugby sevens | discipline_code: ru7 | venue: stade de france | participant_code: ru7mteam7---nzl01 | participant_name: new zealand | participant_type: team | participant_country_code: nzl | participant_country: new zealand | result: 17 | result_type: points | result_WLT: w | start_order: 1
date: 2024-07-27t18:52:10+02:00 | stage_code: ru7mteam7-------------fnl-000300-- | event_code: ru7mteam7 | event_name: men | event_stage: men's placing 5-6 | stage: placing 5-6 | gender: m | discipline_name: rugby sevens | discipline_code: ru7 | venue: stade de france | participant_code: ru7mteam7---irl01 | participant_name: ireland | participant_type: team | participant_country_code: irl | participant_country: ireland | result: 7 | result_type: points | result_WLT: l | start_order: 2
date: 2024-07-27t19:22:45+02:00 | stage_code: ru7mteam7-------------fnl-000200-- | event_code: ru7mteam7 | event_name: men | event_stage: men's bronze medal match | stage: bronze medal match | gender: m | discipline_name: rugby sevens | discipline_code: ru7 | venue: stade de france | participant_code: ru7mteam7---rsa01 | participant_name: south africa | participant_type: team | participant_country_code: rsa | participant_country: south africa | result: 26 | result_type: points | result_WLT: w | start_order: 1
date: 2024-07-27t19:22:45+02:00 | stage_code: ru7mteam7-------------fnl-000200-- | event_code: ru7mteam7 | event_name: men | event_stage: men's bronze medal match | stage: bronze medal match | gender: m | discipline_name: rugby sevens | discipline_code: ru7 | venue: stade de france | participant_code: ru7mteam7---aus01 | participant_name: australia | participant_type: team | participant_country_code: aus | participant_country: australia | result: 19 | result_type: points | result_WLT: l | start_order: 2
date: 2024-07-27t20:08:40+02:00 | stage_code: ru7mteam7-------------fnl-000100-- | event_code: ru7mteam7 | event_name: men | event_stage: men's gold medal match | stage: gold medal match | gender: m | discipline_name: rugby sevens | discipline_code: ru7 | venue: stade de france | participant_code: ru7mteam7---fra01 | participant_name: france | participant_type: team | participant_country_code: fra | participant_country: france | result: 28 | result_type: points | result_WLT: w | start_order: 1
date: 2024-07-27t20:08:40+02:00 | stage_code: ru7mteam7-------------fnl-000100-- | event_code: ru7mteam7 | event_name: men | event_stage: men's gold medal match | stage: gold medal match | gender: m | discipline_name: rugby sevens | discipline_code: ru7 | venue: stade de france | participant_code: ru7mteam7---fij01 | participant_name: fiji | participant_type: team | participant_country_code: fij | participant_country: fiji | result: 7 | result_type: points | result_WLT: l | start_order: 2
date: 2024-07-28t15:58:17+02:00 | stage_code: ru7wteam7-------------gpb-000100-- | event_code: ru7wteam7 | event_name: women | event_stage: women's pool b | stage: pool b | gender: w | discipline_name: rugby sevens | discipline_code: ru7 | venue: stade de france | participant_code: ru7wteam7---irl01 | participant_name: ireland | participant_type: team | participant_country_code: irl | participant_country: ireland | result: 12 | result_type: points | result_WLT: l | start_order: 1
date: 2024-07-28t15:58:17+02:00 | stage_code: ru7wteam7-------------gpb-000100-- | event_code: ru7wteam7 | event_name: women | event_stage: women's pool b | stage: pool b | gender: w | discipline_name: rugby sevens | discipline_code: ru7 | venue: stade de france | participant_code: ru7wteam7---gbr01 | participant_name: great britain | participant_type: team | participant_country_code: gbr | participant_country: great britain | result: 21 | result_type: points | result_WLT: w | start_order: 2
date: 2024-07-28t16:53:51+02:00 | stage_code: ru7wteam7-------------gpc-000100-- | event_code: ru7wteam7 | event_name: women | event_stage: women's pool c | stage: pool c | gender: w | discipline_name: rugby sevens | discipline_code: ru7 | venue: stade de france | participant_code: ru7wteam7---usa01 | participant_name: united states of america | participant_type: team | participant_country_code: usa | participant_country: united states | result: 36 | result_type: points | result_WLT: w | start_order: 1
date: 2024-07-28t16:53:51+02:00 | stage_code: ru7wteam7-------------gpc-000100-- | event_code: ru7wteam7 | event_name: women | event_stage: women's pool c | stage: pool c | gender: w | discipline_name: rugby sevens | discipline_code: ru7 | venue: stade de france | participant_code: ru7wteam7---jpn01 | participant_name: japan | participant_type: team | participant_country_code: jpn | participant_country: japan | result: 7 | result_type: points | result_WLT: l | start_order: 2
date: 2024-07-28t17:20:32+02:00 | stage_code: ru7wteam7-------------gpc-000200-- | event_code: ru7wteam7 | event_name: women | event_stage: women's pool c | stage: pool c | gender: w | discipline_name: rugby sevens | discipline_code: ru7 | venue: stade de france | participant_code: ru7wteam7---fra01 | participant_name: france | participant_type: team | participant_country_code: fra | participant_country: france | result: 26 | result_type: points | result_WLT: w | start_order: 1
date: 2024-07-28t17:20:32+02:00 | stage_code: ru7wteam7-------------gpc-000200-- | event_code: ru7wteam7 | event_name: women | event_stage: women's pool c | stage: pool c | gender: w | discipline_name: rugby sevens | discipline_code: ru7 | venue: stade de france | participant_code: ru7wteam7---bra01 | participant_name: brazil | participant_type: team | participant_country_code: bra | participant_country: brazil | result: 0 | result_type: points | result_WLT: l | start_order: 2
date: 2024-07-28t17:53:33+02:00 | stage_code: ru7wteam7-------------gpa-000100-- | event_code: ru7wteam7 | event_name: women | event_stage: women's pool a | stage: pool a | gender: w | discipline_name: rugby sevens | discipline_code: ru7 | venue: stade de france | participant_code: ru7wteam7---fij01 | participant_name: fiji | participant_type: team | participant_country_code: fij | participant_country: fiji | result: 14 | result_type: points | result_WLT: l | start_order: 1
date: 2024-07-28t17:53:33+02:00 | stage_code: ru7wteam7-------------gpa-000100-- | event_code: ru7wteam7 | event_name: women | event_stage: women's pool a | stage: pool a | gender: w | discipline_name: rugby sevens | discipline_code: ru7 | venue: stade de france | participant_code: ru7wteam7---can01 | participant_name: canada | participant_type: team | participant_country_code: can | participant_country: canada | result: 17 | result_type: points | result_WLT: w | start_order: 2
date: 2024-07-28t18:22:24+02:00 | stage_code: ru7wteam7-------------gpa-000200-- | event_code: ru7wteam7 | event_name: women | event_stage: women's pool a | stage: pool a | gender: w | discipline_name: rugby sevens | discipline_code: ru7 | venue: stade de france | participant_code: ru7wteam7---nzl01 | participant_name: new zealand | participant_type: team | participant_country_code: nzl | participant_country: new zealand | result: 43 | result_type: points | result_WLT: w | start_order: 1
date: 2024-07-28t18:22:24+02:00 | stage_code: ru7wteam7-------------gpa-000200-- | event_code: ru7wteam7 | event_name: women | event_stage: women's pool a | stage: pool a | gender: w | discipline_name: rugby sevens | discipline_code: ru7 | venue: stade de france | participant_code: ru7wteam7---chn01 | participant_name: people's republic of china | participant_type: team | participant_country_code: chn | participant_country: china | result: 5 | result_type: points | result_WLT: l | start_order: 2
date: 2024-07-28t19:29:09+02:00 | stage_code: ru7wteam7-------------gpb-000300-- | event_code: ru7wteam7 | event_name: women | event_stage: women's pool b | stage: pool b | gender: w | discipline_name: rugby sevens | discipline_code: ru7 | venue: stade de france | participant_code: ru7wteam7---irl01 | participant_name: ireland | participant_type: team | participant_country_code: irl | participant_country: ireland | result: 38 | result_type: points | result_WLT: w | start_order: 1
date: 2024-07-28t19:29:09+02:00 | stage_code: ru7wteam7-------------gpb-000300-- | event_code: ru7wteam7 | event_name: women | event_stage: women's pool b | stage: pool b | gender: w | discipline_name: rugby sevens | discipline_code: ru7 | venue: stade de france | participant_code: ru7wteam7---rsa01 | participant_name: south africa | participant_type: team | participant_country_code: rsa | participant_country: south africa | result: 0 | result_type: points | result_WLT: l | start_order: 2
date: 2024-07-28t19:55:04+02:00 | stage_code: ru7wteam7-------------gpb-000400-- | event_code: ru7wteam7 | event_name: women | event_stage: women's pool b | stage: pool b | gender: w | discipline_name: rugby sevens | discipline_code: ru7 | venue: stade de france | participant_code: ru7wteam7---aus01 | participant_name: australia | participant_type: team | participant_country_code: aus | participant_country: australia | result: 36 | result_type: points | result_WLT: w | start_order: 1
date: 2024-07-28t19:55:04+02:00 | stage_code: ru7wteam7-------------gpb-000400-- | event_code: ru7wteam7 | event_name: women | event_stage: women's pool b | stage: pool b | gender: w | discipline_name: rugby sevens | discipline_code: ru7 | venue: stade de france | participant_code: ru7wteam7---gbr01 | participant_name: great britain | participant_type: team | participant_country_code: gbr | participant_country: great britain | result: 5 | result_type: points | result_WLT: l | start_order: 2
date: 2024-07-28t20:28:29+02:00 | stage_code: ru7wteam7-------------gpc-000300-- | event_code: ru7wteam7 | event_name: women | event_stage: women's pool c | stage: pool c | gender: w | discipline_name: rugby sevens | discipline_code: ru7 | venue: stade de france | participant_code: ru7wteam7---usa01 | participant_name: united states of america | participant_type: team | participant_country_code: usa | participant_country: united states | result: 24 | result_type: points | result_WLT: w | start_order: 1
date: 2024-07-28t20:28:29+02:00 | stage_code: ru7wteam7-------------gpc-000300-- | event_code: ru7wteam7 | event_name: women | event_stage: women's pool c | stage: pool c | gender: w | discipline_name: rugby sevens | discipline_code: ru7 | venue: stade de france | participant_code: ru7wteam7---bra01 | participant_name: brazil | participant_type: team | participant_country_code: bra | participant_country: brazil | result: 5 | result_type: points | result_WLT: l | start_order: 2
date: 2024-07-28t20:55:20+02:00 | stage_code: ru7wteam7-------------gpc-000400-- | event_code: ru7wteam7 | event_name: women | event_stage: women's pool c | stage: pool c | gender: w | discipline_name: rugby sevens | discipline_code: ru7 | venue: stade de france | participant_code: ru7wteam7---fra01 | participant_name: france | participant_type: team | participant_country_code: fra | participant_country: france | result: 49 | result_type: points | result_WLT: w | start_order: 1
date: 2024-07-28t20:55:20+02:00 | stage_code: ru7wteam7-------------gpc-000400-- | event_code: ru7wteam7 | event_name: women | event_stage: women's pool c | stage: pool c | gender: w | discipline_name: rugby sevens | discipline_code: ru7 | venue: stade de france | participant_code: ru7wteam7---jpn01 | participant_name: japan | participant_type: team | participant_country_code: jpn | participant_country: japan | result: 0 | result_type: points | result_WLT: l | start_order: 2
date: 2024-07-28t21:21:04+02:00 | stage_code: ru7wteam7-------------gpa-000300-- | event_code: ru7wteam7 | event_name: women | event_stage: women's pool a | stage: pool a | gender: w | discipline_name: rugby sevens | discipline_code: ru7 | venue: stade de france | participant_code: ru7wteam7---fij01 | participant_name: fiji | participant_type: team | participant_country_code: fij | participant_country: fiji | result: 12 | result_type: points | result_WLT: l | start_order: 1
date: 2024-07-28t21:21:04+02:00 | stage_code: ru7wteam7-------------gpa-000300-- | event_code: ru7wteam7 | event_name: women | event_stage: women's pool a | stage: pool a | gender: w | discipline_name: rugby sevens | discipline_code: ru7 | venue: stade de france | participant_code: ru7wteam7---chn01 | participant_name: people's republic of china | participant_type: team | participant_country_code: chn | participant_country: china | result: 40 | result_type: points | result_WLT: w | start_order: 2
date: 2024-07-28t21:51:36+02:00 | stage_code: ru7wteam7-------------gpa-000400-- | event_code: ru7wteam7 | event_name: women | event_stage: women's pool a | stage: pool a | gender: w | discipline_name: rugby sevens | discipline_code: ru7 | venue: stade de france | participant_code: ru7wteam7---nzl01 | participant_name: new zealand | participant_type: team | participant_country_code: nzl | participant_country: new zealand | result: 33 | result_type: points | result_WLT: w | start_order: 1
date: 2024-07-28t21:51:36+02:00 | stage_code: ru7wteam7-------------gpa-000400-- | event_code: ru7wteam7 | event_name: women | event_stage: women's pool a | stage: pool a | gender: w | discipline_name: rugby sevens | discipline_code: ru7 | venue: stade de france | participant_code: ru7wteam7---can01 | participant_name: canada | participant_type: team | participant_country_code: can | participant_country: canada | result: 7 | result_type: points | result_WLT: l | start_order: 2
date: 2024-07-29t15:28:14+02:00 | stage_code: ru7wteam7-------------gpc-000500-- | event_code: ru7wteam7 | event_name: women | event_stage: women's pool c | stage: pool c | gender: w | discipline_name: rugby sevens | discipline_code: ru7 | venue: stade de france | participant_code: ru7wteam7---jpn01 | participant_name: japan | participant_type: team | participant_country_code: jpn | participant_country: japan | result: 39 | result_type: points | result_WLT: w | start_order: 1
date: 2024-07-29t15:28:14+02:00 | stage_code: ru7wteam7-------------gpc-000500-- | event_code: ru7wteam7 | event_name: women | event_stage: women's pool c | stage: pool c | gender: w | discipline_name: rugby sevens | discipline_code: ru7 | venue: stade de france | participant_code: ru7wteam7---bra01 | participant_name: brazil | participant_type: team | participant_country_code: bra | participant_country: brazil | result: 12 | result_type: points | result_WLT: l | start_order: 2
date: 2024-07-29t16:26:24+02:00 | stage_code: ru7wteam7-------------gpc-000600-- | event_code: ru7wteam7 | event_name: women | event_stage: women's pool c | stage: pool c | gender: w | discipline_name: rugby sevens | discipline_code: ru7 | venue: stade de france | participant_code: ru7wteam7---fra01 | participant_name: france | participant_type: team | participant_country_code: fra | participant_country: france | result: 31 | result_type: points | result_WLT: w | start_order: 1
date: 2024-07-29t16:26:24+02:00 | stage_code: ru7wteam7-------------gpc-000600-- | event_code: ru7wteam7 | event_name: women | event_stage: women's pool c | stage: pool c | gender: w | discipline_name: rugby sevens | discipline_code: ru7 | venue: stade de france | participant_code: ru7wteam7---usa01 | participant_name: united states of america | participant_type: team | participant_country_code: usa | participant_country: united states | result: 14 | result_type: points | result_WLT: l | start_order: 2
date: 2024-07-29t16:27:09+02:00 | stage_code: ru7wteam7-------------gpa-000500-- | event_code: ru7wteam7 | event_name: women | event_stage: women's pool a | stage: pool a | gender: w | discipline_name: rugby sevens | discipline_code: ru7 | venue: stade de france | participant_code: ru7wteam7---can01 | participant_name: canada | participant_type: team | participant_country_code: can | participant_country: canada | result: 26 | result_type: points | result_WLT: w | start_order: 1
date: 2024-07-29t16:27:09+02:00 | stage_code: ru7wteam7-------------gpa-000500-- | event_code: ru7wteam7 | event_name: women | event_stage: women's pool a | stage: pool a | gender: w | discipline_name: rugby sevens | discipline_code: ru7 | venue: stade de france | participant_code: ru7wteam7---chn01 | participant_name: people's republic of china | participant_type: team | participant_country_code: chn | participant_country: china | result: 17 | result_type: points | result_WLT: l | start_order: 2
date: 2024-07-29t17:04:02+02:00 | stage_code: ru7wteam7-------------gpa-000600-- | event_code: ru7wteam7 | event_name: women | event_stage: women's pool a | stage: pool a | gender: w | discipline_name: rugby sevens | discipline_code: ru7 | venue: stade de france | participant_code: ru7wteam7---nzl01 | participant_name: new zealand | participant_type: team | participant_country_code: nzl | participant_country: new zealand | result: 38 | result_type: points | result_WLT: w | start_order: 1
date: 2024-07-29t17:04:02+02:00 | stage_code: ru7wteam7-------------gpa-000600-- | event_code: ru7wteam7 | event_name: women | event_stage: women's pool a | stage: pool a | gender: w | discipline_name: rugby sevens | discipline_code: ru7 | venue: stade de france | participant_code: ru7wteam7---fij01 | participant_name: fiji | participant_type: team | participant_country_code: fij | participant_country: fiji | result: 7 | result_type: points | result_WLT: l | start_order: 2
date: 2024-07-29t18:08:56+02:00 | stage_code: ru7wteam7-------------gpb-000500-- | event_code: ru7wteam7 | event_name: women | event_stage: women's pool b | stage: pool b | gender: w | discipline_name: rugby sevens | discipline_code: ru7 | venue: stade de france | participant_code: ru7wteam7---gbr01 | participant_name: great britain | participant_type: team | participant_country_code: gbr | participant_country: great britain | result: 26 | result_type: points | result_WLT: w | start_order: 1
date: 2024-07-29t18:08:56+02:00 | stage_code: ru7wteam7-------------gpb-000500-- | event_code: ru7wteam7 | event_name: women | event_stage: women's pool b | stage: pool b | gender: w | discipline_name: rugby sevens | discipline_code: ru7 | venue: stade de france | participant_code: ru7wteam7---rsa01 | participant_name: south africa | participant_type: team | participant_country_code: rsa | participant_country: south africa | result: 17 | result_type: points | result_WLT: l | start_order: 2
date: 2024-07-29t18:09:01+02:00 | stage_code: ru7wteam7-------------gpb-000600-- | event_code: ru7wteam7 | event_name: women | event_stage: women's pool b | stage: pool b | gender: w | discipline_name: rugby sevens | discipline_code: ru7 | venue: stade de france | participant_code: ru7wteam7---aus01 | participant_name: australia | participant_type: team | participant_country_code: aus | participant_country: australia | result: 19 | result_type: points | result_WLT: w | start_order: 1
date: 2024-07-29t18:09:01+02:00 | stage_code: ru7wteam7-------------gpb-000600-- | event_code: ru7wteam7 | event_name: women | event_stage: women's pool b | stage: pool b | gender: w | discipline_name: rugby sevens | discipline_code: ru7 | venue: stade de france | participant_code: ru7wteam7---irl01 | participant_name: ireland | participant_type: team | participant_country_code: irl | participant_country: ireland | result: 14 | result_type: points | result_WLT: l | start_order: 2
date: 2024-07-29t20:22:55+02:00 | stage_code: ru7wteam7-------------sf9-000100-- | event_code: ru7wteam7 | event_name: women | event_stage: women's placing 9-12 | stage: placing 9-12 | gender: w | discipline_name: rugby sevens | discipline_code: ru7 | venue: stade de france | participant_code: ru7wteam7---jpn01 | participant_name: japan | participant_type: team | participant_country_code: jpn | participant_country: japan | result: 15 | result_type: points | result_WLT: w | start_order: 1
date: 2024-07-29t20:22:55+02:00 | stage_code: ru7wteam7-------------sf9-000100-- | event_code: ru7wteam7 | event_name: women | event_stage: women's placing 9-12 | stage: placing 9-12 | gender: w | discipline_name: rugby sevens | discipline_code: ru7 | venue: stade de france | participant_code: ru7wteam7---rsa01 | participant_name: south africa | participant_type: team | participant_country_code: rsa | participant_country: south africa | result: 12 | result_type: points | result_WLT: l | start_order: 2
date: 2024-07-29t20:51:13+02:00 | stage_code: ru7wteam7-------------sf9-000200-- | event_code: ru7wteam7 | event_name: women | event_stage: women's placing 9-12 | stage: placing 9-12 | gender: w | discipline_name: rugby sevens | discipline_code: ru7 | venue: stade de france | participant_code: ru7wteam7---fij01 | participant_name: fiji | participant_type: team | participant_country_code: fij | participant_country: fiji | result: 22 | result_type: points | result_WLT: l | start_order: 1
date: 2024-07-29t20:51:13+02:00 | stage_code: ru7wteam7-------------sf9-000200-- | event_code: ru7wteam7 | event_name: women | event_stage: women's placing 9-12 | stage: placing 9-12 | gender: w | discipline_name: rugby sevens | discipline_code: ru7 | venue: stade de france | participant_code: ru7wteam7---bra01 | participant_name: brazil | participant_type: team | participant_country_code: bra | participant_country: brazil | result: 28 | result_type: points | result_WLT: w | start_order: 2
date: 2024-07-29t21:22:55+02:00 | stage_code: ru7wteam7-------------qfnl000100-- | event_code: ru7wteam7 | event_name: women | event_stage: women's quarter-final | stage: quarter-final | gender: w | discipline_name: rugby sevens | discipline_code: ru7 | venue: stade de france | participant_code: ru7wteam7---nzl01 | participant_name: new zealand | participant_type: team | participant_country_code: nzl | participant_country: new zealand | result: 55 | result_type: points | result_WLT: w | start_order: 1
date: 2024-07-29t21:22:55+02:00 | stage_code: ru7wteam7-------------qfnl000100-- | event_code: ru7wteam7 | event_name: women | event_stage: women's quarter-final | stage: quarter-final | gender: w | discipline_name: rugby sevens | discipline_code: ru7 | venue: stade de france | participant_code: ru7wteam7---chn01 | participant_name: people's republic of china | participant_type: team | participant_country_code: chn | participant_country: china | result: 5 | result_type: points | result_WLT: l | start_order: 2
date: 2024-07-29t22:22:49+02:00 | stage_code: ru7wteam7-------------qfnl000300-- | event_code: ru7wteam7 | event_name: women | event_stage: women's quarter-final | stage: quarter-final | gender: w | discipline_name: rugby sevens | discipline_code: ru7 | venue: stade de france | participant_code: ru7wteam7---fra01 | participant_name: france | participant_type: team | participant_country_code: fra | participant_country: france | result: 14 | result_type: points | result_WLT: l | start_order: 1
date: 2024-07-29t22:22:49+02:00 | stage_code: ru7wteam7-------------qfnl000300-- | event_code: ru7wteam7 | event_name: women | event_stage: women's quarter-final | stage: quarter-final | gender: w | discipline_name: rugby sevens | discipline_code: ru7 | venue: stade de france | participant_code: ru7wteam7---can01 | participant_name: canada | participant_type: team | participant_country_code: can | participant_country: canada | result: 19 | result_type: points | result_WLT: w | start_order: 2
date: 2024-07-29t22:52:15+02:00 | stage_code: ru7wteam7-------------qfnl000400-- | event_code: ru7wteam7 | event_name: women | event_stage: women's quarter-final | stage: quarter-final | gender: w | discipline_name: rugby sevens | discipline_code: ru7 | venue: stade de france | participant_code: ru7wteam7---aus01 | participant_name: australia | participant_type: team | participant_country_code: aus | participant_country: australia | result: 40 | result_type: points | result_WLT: w | start_order: 1
date: 2024-07-29t22:52:15+02:00 | stage_code: ru7wteam7-------------qfnl000400-- | event_code: ru7wteam7 | event_name: women | event_stage: women's quarter-final | stage: quarter-final | gender: w | discipline_name: rugby sevens | discipline_code: ru7 | venue: stade de france | participant_code: ru7wteam7---irl01 | participant_name: ireland | participant_type: team | participant_country_code: irl | participant_country: ireland | result: 7 | result_type: points | result_WLT: l | start_order: 2
date: 2024-07-29t23:23:34+02:00 | stage_code: ru7wteam7-------------qfnl000200-- | event_code: ru7wteam7 | event_name: women | event_stage: women's quarter-final | stage: quarter-final | gender: w | discipline_name: rugby sevens | discipline_code: ru7 | venue: stade de france | participant_code: ru7wteam7---gbr01 | participant_name: great britain | participant_type: team | participant_country_code: gbr | participant_country: great britain | result: 7 | result_type: points | result_WLT: l | start_order: 1
date: 2024-07-29t23:23:34+02:00 | stage_code: ru7wteam7-------------qfnl000200-- | event_code: ru7wteam7 | event_name: women | event_stage: women's quarter-final | stage: quarter-final | gender: w | discipline_name: rugby sevens | discipline_code: ru7 | venue: stade de france | participant_code: ru7wteam7---usa01 | participant_name: united states of america | participant_type: team | participant_country_code: usa | participant_country: united states | result: 17 | result_type: points | result_WLT: w | start_order: 2
date: 2024-07-30t14:53:28+02:00 | stage_code: ru7wteam7-------------sf5-000100-- | event_code: ru7wteam7 | event_name: women | event_stage: women's placing 5-8 | stage: placing 5-8 | gender: w | discipline_name: rugby sevens | discipline_code: ru7 | venue: stade de france | participant_code: ru7wteam7---chn01 | participant_name: people's republic of china | participant_type: team | participant_country_code: chn | participant_country: china | result: 19 | result_type: points | result_WLT: w | start_order: 1
date: 2024-07-30t14:53:28+02:00 | stage_code: ru7wteam7-------------sf5-000100-- | event_code: ru7wteam7 | event_name: women | event_stage: women's placing 5-8 | stage: placing 5-8 | gender: w | discipline_name: rugby sevens | discipline_code: ru7 | venue: stade de france | participant_code: ru7wteam7---gbr01 | participant_name: great britain | participant_type: team | participant_country_code: gbr | participant_country: great britain | result: 15 | result_type: points | result_WLT: l | start_order: 2
date: 2024-07-30t15:20:14+02:00 | stage_code: ru7wteam7-------------sf5-000200-- | event_code: ru7wteam7 | event_name: women | event_stage: women's placing 5-8 | stage: placing 5-8 | gender: w | discipline_name: rugby sevens | discipline_code: ru7 | venue: stade de france | participant_code: ru7wteam7---fra01 | participant_name: france | participant_type: team | participant_country_code: fra | participant_country: france | result: 19 | result_type: points | result_WLT: w | start_order: 1
date: 2024-07-30t15:20:14+02:00 | stage_code: ru7wteam7-------------sf5-000200-- | event_code: ru7wteam7 | event_name: women | event_stage: women's placing 5-8 | stage: placing 5-8 | gender: w | discipline_name: rugby sevens | discipline_code: ru7 | venue: stade de france | participant_code: ru7wteam7---irl01 | participant_name: ireland | participant_type: team | participant_country_code: irl | participant_country: ireland | result: 7 | result_type: points | result_WLT: l | start_order: 2
date: 2024-07-30t15:51:13+02:00 | stage_code: ru7wteam7-------------sfnl000100-- | event_code: ru7wteam7 | event_name: women | event_stage: women's semi-final | stage: semi-final | gender: w | discipline_name: rugby sevens | discipline_code: ru7 | venue: stade de france | participant_code: ru7wteam7---nzl01 | participant_name: new zealand | participant_type: team | participant_country_code: nzl | participant_country: new zealand | result: 24 | result_type: points | result_WLT: w | start_order: 1
date: 2024-07-30t15:51:13+02:00 | stage_code: ru7wteam7-------------sfnl000100-- | event_code: ru7wteam7 | event_name: women | event_stage: women's semi-final | stage: semi-final | gender: w | discipline_name: rugby sevens | discipline_code: ru7 | venue: stade de france | participant_code: ru7wteam7---usa01 | participant_name: united states of america | participant_type: team | participant_country_code: usa | participant_country: united states | result: 12 | result_type: points | result_WLT: l | start_order: 2
date: 2024-07-30t16:59:36+02:00 | stage_code: ru7wteam7-------------fnl-000600-- | event_code: ru7wteam7 | event_name: women | event_stage: women's placing 11-12 | stage: placing 11-12 | gender: w | discipline_name: rugby sevens | discipline_code: ru7 | venue: stade de france | participant_code: ru7wteam7---rsa01 | participant_name: south africa | participant_type: team | participant_country_code: rsa | participant_country: south africa | result: 21 | result_type: points | result_WLT: w | start_order: 1
date: 2024-07-30t16:59:36+02:00 | stage_code: ru7wteam7-------------fnl-000600-- | event_code: ru7wteam7 | event_name: women | event_stage: women's placing 11-12 | stage: placing 11-12 | gender: w | discipline_name: rugby sevens | discipline_code: ru7 | venue: stade de france | participant_code: ru7wteam7---fij01 | participant_name: fiji | participant_type: team | participant_country_code: fij | participant_country: fiji | result: 15 | result_type: points | result_WLT: l | start_order: 2
date: 2024-07-30t17:24:15+02:00 | stage_code: ru7wteam7-------------fnl-000500-- | event_code: ru7wteam7 | event_name: women | event_stage: women's placing 9-10 | stage: placing 9-10 | gender: w | discipline_name: rugby sevens | discipline_code: ru7 | venue: stade de france | participant_code: ru7wteam7---jpn01 | participant_name: japan | participant_type: team | participant_country_code: jpn | participant_country: japan | result: 38 | result_type: points | result_WLT: w | start_order: 1
date: 2024-07-30t17:24:15+02:00 | stage_code: ru7wteam7-------------fnl-000500-- | event_code: ru7wteam7 | event_name: women | event_stage: women's placing 9-10 | stage: placing 9-10 | gender: w | discipline_name: rugby sevens | discipline_code: ru7 | venue: stade de france | participant_code: ru7wteam7---bra01 | participant_name: brazil | participant_type: team | participant_country_code: bra | participant_country: brazil | result: 7 | result_type: points | result_WLT: l | start_order: 2
date: 2024-07-30t17:24:35+02:00 | stage_code: ru7wteam7-------------sfnl000200-- | event_code: ru7wteam7 | event_name: women | event_stage: women's semi-final | stage: semi-final | gender: w | discipline_name: rugby sevens | discipline_code: ru7 | venue: stade de france | participant_code: ru7wteam7---can01 | participant_name: canada | participant_type: team | participant_country_code: can | participant_country: canada | result: 21 | result_type: points | result_WLT: w | start_order: 1
date: 2024-07-30t17:24:35+02:00 | stage_code: ru7wteam7-------------sfnl000200-- | event_code: ru7wteam7 | event_name: women | event_stage: women's semi-final | stage: semi-final | gender: w | discipline_name: rugby sevens | discipline_code: ru7 | venue: stade de france | participant_code: ru7wteam7---aus01 | participant_name: australia | participant_type: team | participant_country_code: aus | participant_country: australia | result: 12 | result_type: points | result_WLT: l | start_order: 2
date: 2024-07-30t18:39:34+02:00 | stage_code: ru7wteam7-------------fnl-000400-- | event_code: ru7wteam7 | event_name: women | event_stage: women's placing 7-8 | stage: placing 7-8 | gender: w | discipline_name: rugby sevens | discipline_code: ru7 | venue: stade de france | participant_code: ru7wteam7---gbr01 | participant_name: great britain | participant_type: team | participant_country_code: gbr | participant_country: great britain | result: 28 | result_type: points | result_WLT: w | start_order: 1
date: 2024-07-30t18:39:34+02:00 | stage_code: ru7wteam7-------------fnl-000400-- | event_code: ru7wteam7 | event_name: women | event_stage: women's placing 7-8 | stage: placing 7-8 | gender: w | discipline_name: rugby sevens | discipline_code: ru7 | venue: stade de france | participant_code: ru7wteam7---irl01 | participant_name: ireland | participant_type: team | participant_country_code: irl | participant_country: ireland | result: 12 | result_type: points | result_WLT: l | start_order: 2
date: 2024-07-30t18:50:09+02:00 | stage_code: ru7wteam7-------------gpb-000200-- | event_code: ru7wteam7 | event_name: women | event_stage: women's pool b | stage: pool b | gender: w | discipline_name: rugby sevens | discipline_code: ru7 | venue: stade de france | participant_code: ru7wteam7---aus01 | participant_name: australia | participant_type: team | participant_country_code: aus | participant_country: australia | result: 34 | result_type: points | result_WLT: w | start_order: 1
date: 2024-07-30t18:50:09+02:00 | stage_code: ru7wteam7-------------gpb-000200-- | event_code: ru7wteam7 | event_name: women | event_stage: women's pool b | stage: pool b | gender: w | discipline_name: rugby sevens | discipline_code: ru7 | venue: stade de france | participant_code: ru7wteam7---rsa01 | participant_name: south africa | participant_type: team | participant_country_code: rsa | participant_country: south africa | result: 5 | result_type: points | result_WLT: l | start_order: 2
date: 2024-07-30t18:50:55+02:00 | stage_code: ru7wteam7-------------fnl-000300-- | event_code: ru7wteam7 | event_name: women | event_stage: women's placing 5-6 | stage: placing 5-6 | gender: w | discipline_name: rugby sevens | discipline_code: ru7 | venue: stade de france | participant_code: ru7wteam7---chn01 | participant_name: people's republic of china | participant_type: team | participant_country_code: chn | participant_country: china | result: 7 | result_type: points | result_WLT: l | start_order: 1
date: 2024-07-30t18:50:55+02:00 | stage_code: ru7wteam7-------------fnl-000300-- | event_code: ru7wteam7 | event_name: women | event_stage: women's placing 5-6 | stage: placing 5-6 | gender: w | discipline_name: rugby sevens | discipline_code: ru7 | venue: stade de france | participant_code: ru7wteam7---fra01 | participant_name: france | participant_type: team | participant_country_code: fra | participant_country: france | result: 21 | result_type: points | result_WLT: w | start_order: 2
date: 2024-07-30t19:26:47+02:00 | stage_code: ru7wteam7-------------fnl-000200-- | event_code: ru7wteam7 | event_name: women | event_stage: women's bronze medal match | stage: bronze medal match | gender: w | discipline_name: rugby sevens | discipline_code: ru7 | venue: stade de france | participant_code: ru7wteam7---usa01 | participant_name: united states of america | participant_type: team | participant_country_code: usa | participant_country: united states | result: 14 | result_type: points | result_WLT: w | start_order: 1
date: 2024-07-30t19:26:47+02:00 | stage_code: ru7wteam7-------------fnl-000200-- | event_code: ru7wteam7 | event_name: women | event_stage: women's bronze medal match | stage: bronze medal match | gender: w | discipline_name: rugby sevens | discipline_code: ru7 | venue: stade de france | participant_code: ru7wteam7---aus01 | participant_name: australia | participant_type: team | participant_country_code: aus | participant_country: australia | result: 12 | result_type: points | result_WLT: l | start_order: 2
date: 2024-07-30t20:07:17+02:00 | stage_code: ru7wteam7-------------fnl-000100-- | event_code: ru7wteam7 | event_name: women | event_stage: women's gold medal match | stage: gold medal match | gender: w | discipline_name: rugby sevens | discipline_code: ru7 | venue: stade de france | participant_code: ru7wteam7---nzl01 | participant_name: new zealand | participant_type: team | participant_country_code: nzl | participant_country: new zealand | result: 19 | result_type: points | result_WLT: w | start_order: 1
date: 2024-07-30t20:07:17+02:00 | stage_code: ru7wteam7-------------fnl-000100-- | event_code: ru7wteam7 | event_name: women | event_stage: women's gold medal match | stage: gold medal match | gender: w | discipline_name: rugby sevens | discipline_code: ru7 | venue: stade de france | participant_code: ru7wteam7---can01 | participant_name: canada | participant_type: team | participant_country_code: can | participant_country: canada | result: 12 | result_type: points | result_WLT: l | start_order: 2
