text
date: 2024-08-07t15:39:06+02:00 | stage_code: skbmpark--------------qual-------- | event_code: skbmpark | event_name: men's park | event_stage: men's park prelims | stage: prelims | gender: m | discipline_name: skateboarding | discipline_code: skb | venue: la concorde 4 | participant_code: 1946074 | participant_name: palmer keegan | participant_type: person | participant_country_code: aus | participant_country: australia | rank: 1.0 | result: 93.78 | result_type: points | qualification_mark: q | start_order: 3
date: 2024-08-07t15:39:06+02:00 | stage_code: skbmpark--------------qual-------- | event_code: skbmpark | event_name: men's park | event_stage: men's park prelims | stage: prelims | gender: m | discipline_name: skateboarding | discipline_code: skb | venue: la concorde 4 | participant_code: 1944247 | participant_name: schaar tom | participant_type: person | participant_country_code: usa | participant_country: united states | rank: 2.0 | result: 92.05 | result_type: points | qualification_mark: q | start_order: 2
date: 2024-08-07t15:39:06+02:00 | stage_code: skbmpark--------------qual-------- | event_code: skbmpark | event_name: men's park | event_stage: men's park prelims | stage: prelims | gender: m | discipline_name: skateboarding | discipline_code: skb | venue: la concorde 4 | participant_code: 1915620 | participant_name: sorgente alex | participant_type: person | participant_country_code: ita | participant_country: italy | rank: 3.0 | result: 91.14 | result_type: points | qualification_mark: q | start_order: 5
date: 2024-08-07t15:39:06+02:00 | stage_code: skbmpark--------------qual-------- | event_code: skbmpark | event_name: men's park | event_stage: men's park prelims | stage: prelims | gender: m | discipline_name: skateboarding | discipline_code: skb | venue: la concorde 4 | participant_code: 1944221 | participant_name: carew tate | participant_type: person | participant_country_code: usa | participant_country: united states | rank: 4.0 | result: 90.42 | result_type: points | qualification_mark: q | start_order: 5
date: 2024-08-07t15:39:06+02:00 | stage_code: skbmpark--------------qual-------- | event_code: skbmpark | event_name: men's park | event_stage: men's park prelims | stage: prelims | gender: m | discipline_name: skateboarding | discipline_code: skb | venue: la concorde 4 | participant_code: 1946073 | participant_name: wilson keefer | participant_type: person | participant_country_code: aus | participant_country: australia | rank: 5.0 | result: 90.1 | result_type: points | qualification_mark: q | start_order: 4
date: 2024-08-07t15:39:06+02:00 | stage_code: skbmpark--------------qual-------- | event_code: skbmpark | event_name: men's park | event_stage: men's park prelims | stage: prelims | gender: m | discipline_name: skateboarding | discipline_code: skb | venue: la concorde 4 | participant_code: 1955701 | participant_name: barros pedro | participant_type: person | participant_country_code: bra | participant_country: brazil | rank: 6.0 | result: 89.24 | result_type: points | qualification_mark: q | start_order: 1
date: 2024-08-07t15:39:06+02:00 | stage_code: skbmpark--------------qual-------- | event_code: skbmpark | event_name: men's park | event_stage: men's park prelims | stage: prelims | gender: m | discipline_name: skateboarding | discipline_code: skb | venue: la concorde 4 | participant_code: 1955694 | participant_name: cini luigi | participant_type: person | participant_country_code: bra | participant_country: brazil | rank: 7.0 | result: 89.1 | result_type: points | qualification_mark: q | start_order: 1
date: 2024-08-07t15:39:06+02:00 | stage_code: skbmpark--------------qual-------- | event_code: skbmpark | event_name: men's park | event_stage: men's park prelims | stage: prelims | gender: m | discipline_name: skateboarding | discipline_code: skb | venue: la concorde 4 | participant_code: 1955669 | participant_name: akio augusto | participant_type: person | participant_country_code: bra | participant_country: brazil | rank: 8.0 | result: 88.98 | result_type: points | qualification_mark: q | start_order: 4
date: 2024-08-07t15:39:06+02:00 | stage_code: skbmpark--------------qual-------- | event_code: skbmpark | event_name: men's park | event_stage: men's park prelims | stage: prelims | gender: m | discipline_name: skateboarding | discipline_code: skb | venue: la concorde 4 | participant_code: 1572578 | participant_name: winberg hampus | participant_type: person | participant_country_code: swe | participant_country: sweden | rank: 9.0 | result: 88.29 | result_type: points | qualification_mark:  | start_order: 3
date: 2024-08-07t15:39:06+02:00 | stage_code: skbmpark--------------qual-------- | event_code: skbmpark | event_name: men's park | event_stage: men's park prelims | stage: prelims | gender: m | discipline_name: skateboarding | discipline_code: skb | venue: la concorde 4 | participant_code: 1944220 | participant_name: bottger gavin | participant_type: person | participant_country_code: usa | participant_country: united states | rank: 10.0 | result: 86.95 | result_type: points | qualification_mark:  | start_order: 2
date: 2024-08-07t15:39:06+02:00 | stage_code: skbmpark--------------qual-------- | event_code: skbmpark | event_name: men's park | event_stage: men's park prelims | stage: prelims | gender: m | discipline_name: skateboarding | discipline_code: skb | venue: la concorde 4 | participant_code: 1915619 | participant_name: mazzara alessandro | participant_type: person | participant_country_code: ita | participant_country: italy | rank: 11.0 | result: 83.17 | result_type: points | qualification_mark:  | start_order: 1
date: 2024-08-07t15:39:06+02:00 | stage_code: skbmpark--------------qual-------- | event_code: skbmpark | event_name: men's park | event_stage: men's park prelims | stage: prelims | gender: m | discipline_name: skateboarding | discipline_code: skb | venue: la concorde 4 | participant_code: 1880283 | participant_name: matheron vincent | participant_type: person | participant_country_code: fra | participant_country: france | rank: 12.0 | result: 82.02 | result_type: points | qualification_mark:  | start_order: 1
date: 2024-08-07t15:39:06+02:00 | stage_code: skbmpark--------------qual-------- | event_code: skbmpark | event_name: men's park | event_stage: men's park prelims | stage: prelims | gender: m | discipline_name: skateboarding | discipline_code: skb | venue: la concorde 4 | participant_code: 1917709 | participant_name: augusto thomas | participant_type: person | participant_country_code: por | participant_country: portugal | rank: 13.0 | result: 81.75 | result_type: points | qualification_mark:  | start_order: 2
date: 2024-08-07t15:39:06+02:00 | stage_code: skbmpark--------------qual-------- | event_code: skbmpark | event_name: men's park | event_stage: men's park prelims | stage: prelims | gender: m | discipline_name: skateboarding | discipline_code: skb | venue: la concorde 4 | participant_code: 1733666 | participant_name: pineiro steven | participant_type: person | participant_country_code: pur | participant_country: puerto rico | rank: 14.0 | result: 81.54 | result_type: points | qualification_mark:  | start_order: 3
date: 2024-08-07t15:39:06+02:00 | stage_code: skbmpark--------------qual-------- | event_code: skbmpark | event_name: men's park | event_stage: men's park prelims | stage: prelims | gender: m | discipline_name: skateboarding | discipline_code: skb | venue: la concorde 4 | participant_code: 1902064 | participant_name: nagahara yuro | participant_type: person | participant_country_code: jpn | participant_country: japan | rank: 15.0 | result: 81.38 | result_type: points | qualification_mark:  | start_order: 4
date: 2024-08-07t15:39:06+02:00 | stage_code: skbmpark--------------qual-------- | event_code: skbmpark | event_name: men's park | event_stage: men's park prelims | stage: prelims | gender: m | discipline_name: skateboarding | discipline_code: skb | venue: la concorde 4 | participant_code: 1946075 | participant_name: woolley kieran | participant_type: person | participant_country_code: aus | participant_country: australia | rank: 16.0 | result: 80.04 | result_type: points | qualification_mark:  | start_order: 6
date: 2024-08-07t15:39:06+02:00 | stage_code: skbmpark--------------qual-------- | event_code: skbmpark | event_name: men's park | event_stage: men's park prelims | stage: prelims | gender: m | discipline_name: skateboarding | discipline_code: skb | venue: la concorde 4 | participant_code: 1556834 | participant_name: edtmayer tyler | participant_type: person | participant_country_code: ger | participant_country: germany | rank: 17.0 | result: 78.2 | result_type: points | qualification_mark:  | start_order: 6
date: 2024-08-07t15:39:06+02:00 | stage_code: skbmpark--------------qual-------- | event_code: skbmpark | event_name: men's park | event_stage: men's park prelims | stage: prelims | gender: m | discipline_name: skateboarding | discipline_code: skb | venue: la concorde 4 | participant_code: 1544127 | participant_name: macdonald andrew | participant_type: person | participant_country_code: gbr | participant_country: great britain | rank: 18.0 | result: 77.66 | result_type: points | qualification_mark:  | start_order: 5
date: 2024-08-07t15:39:06+02:00 | stage_code: skbmpark--------------qual-------- | event_code: skbmpark | event_name: men's park | event_stage: men's park prelims | stage: prelims | gender: m | discipline_name: skateboarding | discipline_code: skb | venue: la concorde 4 | participant_code: 1948381 | participant_name: kortabitarte alain | participant_type: person | participant_country_code: esp | participant_country: spain | rank: 19.0 | result: 75.46 | result_type: points | qualification_mark:  | start_order: 5
date: 2024-08-07t15:39:06+02:00 | stage_code: skbmpark--------------qual-------- | event_code: skbmpark | event_name: men's park | event_stage: men's park prelims | stage: prelims | gender: m | discipline_name: skateboarding | discipline_code: skb | venue: la concorde 4 | participant_code: 1948383 | participant_name: leon danny | participant_type: person | participant_country_code: esp | participant_country: spain | rank: 20.0 | result: 56.25 | result_type: points | qualification_mark:  | start_order: 2
date: 2024-08-07t15:39:06+02:00 | stage_code: skbmpark--------------qual-------- | event_code: skbmpark | event_name: men's park | event_stage: men's park prelims | stage: prelims | gender: m | discipline_name: skateboarding | discipline_code: skb | venue: la concorde 4 | participant_code: 1879469 | participant_name: solmunde viktor | participant_type: person | participant_country_code: den | participant_country: denmark | rank: 21.0 | result: 42.95 | result_type: points | qualification_mark:  | start_order: 4
date: 2024-08-07t15:39:06+02:00 | stage_code: skbmpark--------------qual-------- | event_code: skbmpark | event_name: men's park | event_stage: men's park prelims | stage: prelims | gender: m | discipline_name: skateboarding | discipline_code: skb | venue: la concorde 4 | participant_code: 1960231 | participant_name: oberholzer dallas | participant_type: person | participant_country_code: rsa | participant_country: south africa | rank: 22.0 | result: 33.83 | result_type: points | qualification_mark:  | start_order: 3
date: 2024-08-07t18:23:30+02:00 | stage_code: skbmpark--------------fnl-000100-- | event_code: skbmpark | event_name: men's park | event_stage: men's park final | stage: final | gender: m | discipline_name: skateboarding | discipline_code: skb | venue: la concorde 4 | participant_code: 1946074 | participant_name: palmer keegan | participant_type: person | participant_country_code: aus | participant_country: australia | rank: 1.0 | result: 93.11 | result_type: points | qualification_mark:  | start_order: 8
date: 2024-08-07t18:23:30+02:00 | stage_code: skbmpark--------------fnl-000100-- | event_code: skbmpark | event_name: men's park | event_stage: men's park final | stage: final | gender: m | discipline_name: skateboarding | discipline_code: skb | venue: la concorde 4 | participant_code: 1944247 | participant_name: schaar tom | participant_type: person | participant_country_code: usa | participant_country: united states | rank: 2.0 | result: 92.23 | result_type: points | qualification_mark:  | start_order: 7
date: 2024-08-07t18:23:30+02:00 | stage_code: skbmpark--------------fnl-000100-- | event_code: skbmpark | event_name: men's park | event_stage: men's park final | stage: final | gender: m | discipline_name: skateboarding | discipline_code: skb | venue: la concorde 4 | participant_code: 1955669 | participant_name: akio augusto | participant_type: person | participant_country_code: bra | participant_country: brazil | rank: 3.0 | result: 91.85 | result_type: points | qualification_mark:  | start_order: 1
date: 2024-08-07t18:23:30+02:00 | stage_code: skbmpark--------------fnl-000100-- | event_code: skbmpark | event_name: men's park | event_stage: men's park final | stage: final | gender: m | discipline_name: skateboarding | discipline_code: skb | venue: la concorde 4 | participant_code: 1955701 | participant_name: barros pedro | participant_type: person | participant_country_code: bra | participant_country: brazil | rank: 4.0 | result: 91.65 | result_type: points | qualification_mark:  | start_order: 3
date: 2024-08-07t18:23:30+02:00 | stage_code: skbmpark--------------fnl-000100-- | event_code: skbmpark | event_name: men's park | event_stage: men's park final | stage: final | gender: m | discipline_name: skateboarding | discipline_code: skb | venue: la concorde 4 | participant_code: 1944221 | participant_name: carew tate | participant_type: person | participant_country_code: usa | participant_country: united states | rank: 5.0 | result: 91.17 | result_type: points | qualification_mark:  | start_order: 5
date: 2024-08-07t18:23:30+02:00 | stage_code: skbmpark--------------fnl-000100-- | event_code: skbmpark | event_name: men's park | event_stage: men's park final | stage: final | gender: m | discipline_name: skateboarding | discipline_code: skb | venue: la concorde 4 | participant_code: 1915620 | participant_name: sorgente alex | participant_type: person | participant_country_code: ita | participant_country: italy | rank: 6.0 | result: 84.26 | result_type: points | qualification_mark:  | start_order: 6
date: 2024-08-07t18:23:30+02:00 | stage_code: skbmpark--------------fnl-000100-- | event_code: skbmpark | event_name: men's park | event_stage: men's park final | stage: final | gender: m | discipline_name: skateboarding | discipline_code: skb | venue: la concorde 4 | participant_code: 1955694 | participant_name: cini luigi | participant_type: person | participant_country_code: bra | participant_country: brazil | rank: 7.0 | result: 76.89 | result_type: points | qualification_mark:  | start_order: 2
date: 2024-08-07t18:23:30+02:00 | stage_code: skbmpark--------------fnl-000100-- | event_code: skbmpark | event_name: men's park | event_stage: men's park final | stage: final | gender: m | discipline_name: skateboarding | discipline_code: skb | venue: la concorde 4 | participant_code: 1946073 | participant_name: wilson keefer | participant_type: person | participant_country_code: aus | participant_country: australia | rank: 8.0 | result: 58.36 | result_type: points | qualification_mark:  | start_order: 4
date: 2024-07-29t15:56:54+02:00 | stage_code: skbmstreet------------qual-------- | event_code: skbmstreet | event_name: men's street | event_stage: men's street prelims | stage: prelims | gender: m | discipline_name: skateboarding | discipline_code: skb | venue: la concorde 3 | participant_code: 1944226 | participant_name: eaton jagger | participant_type: person | participant_country_code: usa | participant_country: united states | rank: 1.0 | result: 274.88 | result_type: points | qualification_mark: q | start_order: 1
date: 2024-07-29t15:56:54+02:00 | stage_code: skbmstreet------------qual-------- | event_code: skbmstreet | event_name: men's street | event_stage: men's street prelims | stage: prelims | gender: m | discipline_name: skateboarding | discipline_code: skb | venue: la concorde 3 | participant_code: 1944232 | participant_name: huston nyjah | participant_type: person | participant_country_code: usa | participant_country: united states | rank: 2.0 | result: 272.66 | result_type: points | qualification_mark: q | start_order: 4
date: 2024-07-29t15:56:54+02:00 | stage_code: skbmstreet------------qual-------- | event_code: skbmstreet | event_name: men's street | event_stage: men's street prelims | stage: prelims | gender: m | discipline_name: skateboarding | discipline_code: skb | venue: la concorde 3 | participant_code: 1902080 | participant_name: shirai sora | participant_type: person | participant_country_code: jpn | participant_country: japan | rank: 3.0 | result: 270.42 | result_type: points | qualification_mark: q | start_order: 4
date: 2024-07-29t15:56:54+02:00 | stage_code: skbmstreet------------qual-------- | event_code: skbmstreet | event_name: men's street | event_stage: men's street prelims | stage: prelims | gender: m | discipline_name: skateboarding | discipline_code: skb | venue: la concorde 3 | participant_code: 1902081 | participant_name: horigome yuto | participant_type: person | participant_country_code: jpn | participant_country: japan | rank: 4.0 | result: 270.18 | result_type: points | qualification_mark: q | start_order: 1
date: 2024-07-29t15:56:54+02:00 | stage_code: skbmstreet------------qual-------- | event_code: skbmstreet | event_name: men's street | event_stage: men's street prelims | stage: prelims | gender: m | discipline_name: skateboarding | discipline_code: skb | venue: la concorde 3 | participant_code: 1540647 | participant_name: dell olio matias | participant_type: person | participant_country_code: arg | participant_country: argentina | rank: 5.0 | result: 266.28 | result_type: points | qualification_mark: q | start_order: 6
date: 2024-07-29t15:56:54+02:00 | stage_code: skbmstreet------------qual-------- | event_code: skbmstreet | event_name: men's street | event_stage: men's street prelims | stage: prelims | gender: m | discipline_name: skateboarding | discipline_code: skb | venue: la concorde 3 | participant_code: 1955692 | participant_name: hoefler kelvin | participant_type: person | participant_country_code: bra | participant_country: brazil | rank: 6.0 | result: 265.24 | result_type: points | qualification_mark: q | start_order: 4
date: 2024-07-29t15:56:54+02:00 | stage_code: skbmstreet------------qual-------- | event_code: skbmstreet | event_name: men's street | event_stage: men's street prelims | stage: prelims | gender: m | discipline_name: skateboarding | discipline_code: skb | venue: la concorde 3 | participant_code: 1961173 | participant_name: russell cordano | participant_type: person | participant_country_code: can | participant_country: canada | rank: 7.0 | result: 263.87 | result_type: points | qualification_mark: q | start_order: 3
date: 2024-07-29t15:56:54+02:00 | stage_code: skbmstreet------------qual-------- | event_code: skbmstreet | event_name: men's street | event_stage: men's street prelims | stage: prelims | gender: m | discipline_name: skateboarding | discipline_code: skb | venue: la concorde 3 | participant_code: 1911514 | participant_name: tury richard | participant_type: person | participant_country_code: svk | participant_country: slovakia | rank: 8.0 | result: 257.99 | result_type: points | qualification_mark: q | start_order: 2
date: 2024-07-29t15:56:54+02:00 | stage_code: skbmstreet------------qual-------- | event_code: skbmstreet | event_name: men's street | event_stage: men's street prelims | stage: prelims | gender: m | discipline_name: skateboarding | discipline_code: skb | venue: la concorde 3 | participant_code: 1880287 | participant_name: milou vincent | participant_type: person | participant_country_code: fra | participant_country: france | rank: 9.0 | result: 252.78 | result_type: points | qualification_mark:  | start_order: 6
date: 2024-07-29t15:56:54+02:00 | stage_code: skbmstreet------------qual-------- | event_code: skbmstreet | event_name: men's street | event_stage: men's street prelims | stage: prelims | gender: m | discipline_name: skateboarding | discipline_code: skb | venue: la concorde 3 | participant_code: 1571377 | participant_name: iglesias mauro | participant_type: person | participant_country_code: arg | participant_country: argentina | rank: 10.0 | result: 249.09 | result_type: points | qualification_mark:  | start_order: 3
date: 2024-07-29t15:56:54+02:00 | stage_code: skbmstreet------------qual-------- | event_code: skbmstreet | event_name: men's street | event_stage: men's street prelims | stage: prelims | gender: m | discipline_name: skateboarding | discipline_code: skb | venue: la concorde 3 | participant_code: 1961168 | participant_name: berger matt | participant_type: person | participant_country_code: can | participant_country: canada | rank: 11.0 | result: 230.44 | result_type: points | qualification_mark:  | start_order: 2
date: 2024-07-29t15:56:54+02:00 | stage_code: skbmstreet------------qual-------- | event_code: skbmstreet | event_name: men's street | event_stage: men's street prelims | stage: prelims | gender: m | discipline_name: skateboarding | discipline_code: skb | venue: la concorde 3 | participant_code: 1960232 | participant_name: valjalo brandon | participant_type: person | participant_country_code: rsa | participant_country: south africa | rank: 12.0 | result: 197.17 | result_type: points | qualification_mark:  | start_order: 5
date: 2024-07-29t15:56:54+02:00 | stage_code: skbmstreet------------qual-------- | event_code: skbmstreet | event_name: men's street | event_stage: men's street prelims | stage: prelims | gender: m | discipline_name: skateboarding | discipline_code: skb | venue: la concorde 3 | participant_code: 1955681 | participant_name: vianna giovanni | participant_type: person | participant_country_code: bra | participant_country: brazil | rank: 13.0 | result: 178.52 | result_type: points | qualification_mark:  | start_order: 2
date: 2024-07-29t15:56:54+02:00 | stage_code: skbmstreet------------qual-------- | event_code: skbmstreet | event_name: men's street | event_stage: men's street prelims | stage: prelims | gender: m | discipline_name: skateboarding | discipline_code: skb | venue: la concorde 3 | participant_code: 1902063 | participant_name: onodera ginwoo | participant_type: person | participant_country_code: jpn | participant_country: japan | rank: 14.0 | result: 177.08 | result_type: points | qualification_mark:  | start_order: 1
date: 2024-07-29t15:56:54+02:00 | stage_code: skbmstreet------------qual-------- | event_code: skbmstreet | event_name: men's street | event_stage: men's street prelims | stage: prelims | gender: m | discipline_name: skateboarding | discipline_code: skb | venue: la concorde 3 | participant_code: 1955677 | participant_name: gustavo felipe | participant_type: person | participant_country_code: bra | participant_country: brazil | rank: 15.0 | result: 157.89 | result_type: points | qualification_mark:  | start_order: 5
date: 2024-07-29t15:56:54+02:00 | stage_code: skbmstreet------------qual-------- | event_code: skbmstreet | event_name: men's street | event_stage: men's street prelims | stage: prelims | gender: m | discipline_name: skateboarding | discipline_code: skb | venue: la concorde 3 | participant_code: 1880289 | participant_name: giraud aurelien | participant_type: person | participant_country_code: fra | participant_country: france | rank: 16.0 | result: 143.71 | result_type: points | qualification_mark:  | start_order: 2
date: 2024-07-29t15:56:54+02:00 | stage_code: skbmstreet------------qual-------- | event_code: skbmstreet | event_name: men's street | event_stage: men's street prelims | stage: prelims | gender: m | discipline_name: skateboarding | discipline_code: skb | venue: la concorde 3 | participant_code: 1917708 | participant_name: ribeiro gustavo | participant_type: person | participant_country_code: por | participant_country: portugal | rank: 17.0 | result: 142.14 | result_type: points | qualification_mark:  | start_order: 3
date: 2024-07-29t15:56:54+02:00 | stage_code: skbmstreet------------qual-------- | event_code: skbmstreet | event_name: men's street | event_stage: men's street prelims | stage: prelims | gender: m | discipline_name: skateboarding | discipline_code: skb | venue: la concorde 3 | participant_code: 1961169 | participant_name: decenzo ryan | participant_type: person | participant_country_code: can | participant_country: canada | rank: 18.0 | result: 116.69 | result_type: points | qualification_mark:  | start_order: 4
date: 2024-07-29t15:56:54+02:00 | stage_code: skbmstreet------------qual-------- | event_code: skbmstreet | event_name: men's street | event_stage: men's street prelims | stage: prelims | gender: m | discipline_name: skateboarding | discipline_code: skb | venue: la concorde 3 | participant_code: 1946081 | participant_name: o'neill shane | participant_type: person | participant_country_code: aus | participant_country: australia | rank: 19.0 | result: 107.5 | result_type: points | qualification_mark:  | start_order: 1
date: 2024-07-29t15:56:54+02:00 | stage_code: skbmstreet------------qual-------- | event_code: skbmstreet | event_name: men's street | event_stage: men's street prelims | stage: prelims | gender: m | discipline_name: skateboarding | discipline_code: skb | venue: la concorde 3 | participant_code: 1880288 | participant_name: garbaccio joseph | participant_type: person | participant_country_code: fra | participant_country: france | rank: 20.0 | result: 72.57 | result_type: points | qualification_mark:  | start_order: 5
date: 2024-07-29t15:56:54+02:00 | stage_code: skbmstreet------------qual-------- | event_code: skbmstreet | event_name: men's street | event_stage: men's street prelims | stage: prelims | gender: m | discipline_name: skateboarding | discipline_code: skb | venue: la concorde 3 | participant_code: 1944218 | participant_name: joslin chris | participant_type: person | participant_country_code: usa | participant_country: united states | rank: 21.0 | result: 50.84 | result_type: points | qualification_mark:  | start_order: 3
date: 2024-07-29t15:56:54+02:00 | stage_code: skbmstreet------------qual-------- | event_code: skbmstreet | event_name: men's street | event_stage: men's street prelims | stage: prelims | gender: m | discipline_name: skateboarding | discipline_code: skb | venue: la concorde 3 | participant_code: 1543430 | participant_name: gonzalez jhancarlos | participant_type: person | participant_country_code: col | participant_country: colombia | rank: 22.0 | result: 48.09 | result_type: points | qualification_mark:  | start_order: 5
date: 2024-07-29t18:28:14+02:00 | stage_code: skbmstreet------------fnl-000100-- | event_code: skbmstreet | event_name: men's street | event_stage: men's street final | stage: final | gender: m | discipline_name: skateboarding | discipline_code: skb | venue: la concorde 3 | participant_code: 1902081 | participant_name: horigome yuto | participant_type: person | participant_country_code: jpn | participant_country: japan | rank: 1.0 | result: 281.14 | result_type: points | qualification_mark:  | start_order: 5
date: 2024-07-29t18:28:14+02:00 | stage_code: skbmstreet------------fnl-000100-- | event_code: skbmstreet | event_name: men's street | event_stage: men's street final | stage: final | gender: m | discipline_name: skateboarding | discipline_code: skb | venue: la concorde 3 | participant_code: 1944226 | participant_name: eaton jagger | participant_type: person | participant_country_code: usa | participant_country: united states | rank: 2.0 | result: 281.04 | result_type: points | qualification_mark:  | start_order: 8
date: 2024-07-29t18:28:14+02:00 | stage_code: skbmstreet------------fnl-000100-- | event_code: skbmstreet | event_name: men's street | event_stage: men's street final | stage: final | gender: m | discipline_name: skateboarding | discipline_code: skb | venue: la concorde 3 | participant_code: 1944232 | participant_name: huston nyjah | participant_type: person | participant_country_code: usa | participant_country: united states | rank: 3.0 | result: 279.38 | result_type: points | qualification_mark:  | start_order: 7
date: 2024-07-29t18:28:14+02:00 | stage_code: skbmstreet------------fnl-000100-- | event_code: skbmstreet | event_name: men's street | event_stage: men's street final | stage: final | gender: m | discipline_name: skateboarding | discipline_code: skb | venue: la concorde 3 | participant_code: 1902080 | participant_name: shirai sora | participant_type: person | participant_country_code: jpn | participant_country: japan | rank: 4.0 | result: 278.12 | result_type: points | qualification_mark:  | start_order: 6
date: 2024-07-29t18:28:14+02:00 | stage_code: skbmstreet------------fnl-000100-- | event_code: skbmstreet | event_name: men's street | event_stage: men's street final | stage: final | gender: m | discipline_name: skateboarding | discipline_code: skb | venue: la concorde 3 | participant_code: 1911514 | participant_name: tury richard | participant_type: person | participant_country_code: svk | participant_country: slovakia | rank: 5.0 | result: 273.98 | result_type: points | qualification_mark:  | start_order: 1
date: 2024-07-29t18:28:14+02:00 | stage_code: skbmstreet------------fnl-000100-- | event_code: skbmstreet | event_name: men's street | event_stage: men's street final | stage: final | gender: m | discipline_name: skateboarding | discipline_code: skb | venue: la concorde 3 | participant_code: 1955692 | participant_name: hoefler kelvin | participant_type: person | participant_country_code: bra | participant_country: brazil | rank: 6.0 | result: 270.27 | result_type: points | qualification_mark:  | start_order: 3
date: 2024-07-29t18:28:14+02:00 | stage_code: skbmstreet------------fnl-000100-- | event_code: skbmstreet | event_name: men's street | event_stage: men's street final | stage: final | gender: m | discipline_name: skateboarding | discipline_code: skb | venue: la concorde 3 | participant_code: 1961173 | participant_name: russell cordano | participant_type: person | participant_country_code: can | participant_country: canada | rank: 7.0 | result: 211.8 | result_type: points | qualification_mark:  | start_order: 2
date: 2024-07-29t18:28:14+02:00 | stage_code: skbmstreet------------fnl-000100-- | event_code: skbmstreet | event_name: men's street | event_stage: men's street final | stage: final | gender: m | discipline_name: skateboarding | discipline_code: skb | venue: la concorde 3 | participant_code: 1540647 | participant_name: dell olio matias | participant_type: person | participant_country_code: arg | participant_country: argentina | rank: 8.0 | result: 153.98 | result_type: points | qualification_mark:  | start_order: 4
date: 2024-08-06t15:33:49+02:00 | stage_code: skbwpark--------------qual-------- | event_code: skbwpark | event_name: women's park | event_stage: women's park prelims | stage: prelims | gender: w | discipline_name: skateboarding | discipline_code: skb | venue: la concorde 4 | participant_code: 1902075 | participant_name: hiraki cocona | participant_type: person | participant_country_code: jpn | participant_country: japan | rank: 1.0 | result: 88.07 | result_type: points | qualification_mark: q | start_order: 2
date: 2024-08-06t15:33:49+02:00 | stage_code: skbwpark--------------qual-------- | event_code: skbwpark | event_name: women's park | event_stage: women's park prelims | stage: prelims | gender: w | discipline_name: skateboarding | discipline_code: skb | venue: la concorde 4 | participant_code: 1944251 | participant_name: wettstein bryce | participant_type: person | participant_country_code: usa | participant_country: united states | rank: 2.0 | result: 85.65 | result_type: points | qualification_mark: q | start_order: 5
date: 2024-08-06t15:33:49+02:00 | stage_code: skbwpark--------------qual-------- | event_code: skbwpark | event_name: women's park | event_stage: women's park prelims | stage: prelims | gender: w | discipline_name: skateboarding | discipline_code: skb | venue: la concorde 4 | participant_code: 1902067 | participant_name: kusaki hinano | participant_type: person | participant_country_code: jpn | participant_country: japan | rank: 3.0 | result: 85.11 | result_type: points | qualification_mark: q | start_order: 1
date: 2024-08-06t15:33:49+02:00 | stage_code: skbwpark--------------qual-------- | event_code: skbwpark | event_name: women's park | event_stage: women's park prelims | stage: prelims | gender: w | discipline_name: skateboarding | discipline_code: skb | venue: la concorde 4 | participant_code: 1544123 | participant_name: brown sky | participant_type: person | participant_country_code: gbr | participant_country: great britain | rank: 4.0 | result: 84.75 | result_type: points | qualification_mark: q | start_order: 5
date: 2024-08-06t15:33:49+02:00 | stage_code: skbwpark--------------qual-------- | event_code: skbwpark | event_name: women's park | event_stage: women's park prelims | stage: prelims | gender: w | discipline_name: skateboarding | discipline_code: skb | venue: la concorde 4 | participant_code: 1909131 | participant_name: sirvio heili | participant_type: person | participant_country_code: fin | participant_country: finland | rank: 5.0 | result: 83.42 | result_type: points | qualification_mark: q | start_order: 2
date: 2024-08-06t15:33:49+02:00 | stage_code: skbwpark--------------qual-------- | event_code: skbwpark | event_name: women's park | event_stage: women's park prelims | stage: prelims | gender: w | discipline_name: skateboarding | discipline_code: skb | venue: la concorde 4 | participant_code: 1946064 | participant_name: trew arisa | participant_type: person | participant_country_code: aus | participant_country: australia | rank: 6.0 | result: 82.95 | result_type: points | qualification_mark: q | start_order: 2
date: 2024-08-06t15:33:49+02:00 | stage_code: skbwpark--------------qual-------- | event_code: skbwpark | event_name: women's park | event_stage: women's park prelims | stage: prelims | gender: w | discipline_name: skateboarding | discipline_code: skb | venue: la concorde 4 | participant_code: 1948382 | participant_name: laso naia | participant_type: person | participant_country_code: esp | participant_country: spain | rank: 7.0 | result: 82.49 | result_type: points | qualification_mark: q | start_order: 1
date: 2024-08-06t15:33:49+02:00 | stage_code: skbwpark--------------qual-------- | event_code: skbwpark | event_name: women's park | event_stage: women's park prelims | stage: prelims | gender: w | discipline_name: skateboarding | discipline_code: skb | venue: la concorde 4 | participant_code: 1955673 | participant_name: varella dora | participant_type: person | participant_country_code: bra | participant_country: brazil | rank: 8.0 | result: 82.29 | result_type: points | qualification_mark: q | start_order: 4
date: 2024-08-06t15:33:49+02:00 | stage_code: skbwpark--------------qual-------- | event_code: skbwpark | event_name: women's park | event_stage: women's park prelims | stage: prelims | gender: w | discipline_name: skateboarding | discipline_code: skb | venue: la concorde 4 | participant_code: 1955687 | participant_name: pacheco isadora | participant_type: person | participant_country_code: bra | participant_country: brazil | rank: 9.0 | result: 82.07 | result_type: points | qualification_mark:  | start_order: 5
date: 2024-08-06t15:33:49+02:00 | stage_code: skbwpark--------------qual-------- | event_code: skbwpark | event_name: women's park | event_stage: women's park prelims | stage: prelims | gender: w | discipline_name: skateboarding | discipline_code: skb | venue: la concorde 4 | participant_code: 1902076 | participant_name: yosozumi sakura | participant_type: person | participant_country_code: jpn | participant_country: japan | rank: 10.0 | result: 79.7 | result_type: points | qualification_mark:  | start_order: 6
date: 2024-08-06t15:33:49+02:00 | stage_code: skbwpark--------------qual-------- | event_code: skbwpark | event_name: women's park | event_stage: women's park prelims | stage: prelims | gender: w | discipline_name: skateboarding | discipline_code: skb | venue: la concorde 4 | participant_code: 1946080 | participant_name: trew ruby | participant_type: person | participant_country_code: aus | participant_country: australia | rank: 11.0 | result: 77.89 | result_type: points | qualification_mark:  | start_order: 5
date: 2024-08-06t15:33:49+02:00 | stage_code: skbwpark--------------qual-------- | event_code: skbwpark | event_name: women's park | event_stage: women's park prelims | stage: prelims | gender: w | discipline_name: skateboarding | discipline_code: skb | venue: la concorde 4 | participant_code: 1955706 | participant_name: ventura raicca | participant_type: person | participant_country_code: bra | participant_country: brazil | rank: 12.0 | result: 76.24 | result_type: points | qualification_mark:  | start_order: 1
date: 2024-08-06t15:33:49+02:00 | stage_code: skbwpark--------------qual-------- | event_code: skbwpark | event_name: women's park | event_stage: women's park prelims | stage: prelims | gender: w | discipline_name: skateboarding | discipline_code: skb | venue: la concorde 4 | participant_code: 1944236 | participant_name: lilley ruby | participant_type: person | participant_country_code: usa | participant_country: united states | rank: 13.0 | result: 75.07 | result_type: points | qualification_mark:  | start_order: 4
date: 2024-08-06t15:33:49+02:00 | stage_code: skbwpark--------------qual-------- | event_code: skbwpark | event_name: women's park | event_stage: women's park prelims | stage: prelims | gender: w | discipline_name: skateboarding | discipline_code: skb | venue: la concorde 4 | participant_code: 1556838 | participant_name: stoephasius lilly | participant_type: person | participant_country_code: ger | participant_country: germany | rank: 14.0 | result: 74.4 | result_type: points | qualification_mark:  | start_order: 4
date: 2024-08-06t15:33:49+02:00 | stage_code: skbwpark--------------qual-------- | event_code: skbwpark | event_name: women's park | event_stage: women's park prelims | stage: prelims | gender: w | discipline_name: skateboarding | discipline_code: skb | venue: la concorde 4 | participant_code: 1544131 | participant_name: tambling lola | participant_type: person | participant_country_code: gbr | participant_country: great britain | rank: 15.0 | result: 73.85 | result_type: points | qualification_mark:  | start_order: 3
date: 2024-08-06t15:33:49+02:00 | stage_code: skbwpark--------------qual-------- | event_code: skbwpark | event_name: women's park | event_stage: women's park prelims | stage: prelims | gender: w | discipline_name: skateboarding | discipline_code: skb | venue: la concorde 4 | participant_code: 1880278 | participant_name: alexandre emilie | participant_type: person | participant_country_code: fra | participant_country: france | rank: 16.0 | result: 73.48 | result_type: points | qualification_mark:  | start_order: 3
date: 2024-08-06t15:33:49+02:00 | stage_code: skbwpark--------------qual-------- | event_code: skbwpark | event_name: women's park | event_stage: women's park prelims | stage: prelims | gender: w | discipline_name: skateboarding | discipline_code: skb | venue: la concorde 4 | participant_code: 1948377 | participant_name: benedetti julia | participant_type: person | participant_country_code: esp | participant_country: spain | rank: 17.0 | result: 70.27 | result_type: points | qualification_mark:  | start_order: 4
date: 2024-08-06t15:33:49+02:00 | stage_code: skbwpark--------------qual-------- | event_code: skbwpark | event_name: women's park | event_stage: women's park prelims | stage: prelims | gender: w | discipline_name: skateboarding | discipline_code: skb | venue: la concorde 4 | participant_code: 1908891 | participant_name: zheng haohao | participant_type: person | participant_country_code: chn | participant_country: china | rank: 18.0 | result: 63.19 | result_type: points | qualification_mark:  | start_order: 3
date: 2024-08-06t15:33:49+02:00 | stage_code: skbwpark--------------qual-------- | event_code: skbwpark | event_name: women's park | event_stage: women's park prelims | stage: prelims | gender: w | discipline_name: skateboarding | discipline_code: skb | venue: la concorde 4 | participant_code: 1944248 | participant_name: stess minna | participant_type: person | participant_country_code: usa | participant_country: united states | rank: 19.0 | result: 54.71 | result_type: points | qualification_mark:  | start_order: 1
date: 2024-08-06t15:33:49+02:00 | stage_code: skbwpark--------------qual-------- | event_code: skbwpark | event_name: women's park | event_stage: women's park prelims | stage: prelims | gender: w | discipline_name: skateboarding | discipline_code: skb | venue: la concorde 4 | participant_code: 1961170 | participant_name: ebert fay | participant_type: person | participant_country_code: can | participant_country: canada | rank: 20.0 | result: 51.82 | result_type: points | qualification_mark:  | start_order: 6
date: 2024-08-06t15:33:49+02:00 | stage_code: skbwpark--------------qual-------- | event_code: skbwpark | event_name: women's park | event_stage: women's park prelims | stage: prelims | gender: w | discipline_name: skateboarding | discipline_code: skb | venue: la concorde 4 | participant_code: 1880277 | participant_name: taboulet nana | participant_type: person | participant_country_code: fra | participant_country: france | rank: 21.0 | result: 42.33 | result_type: points | qualification_mark:  | start_order: 2
date: 2024-08-06t15:33:49+02:00 | stage_code: skbwpark--------------qual-------- | event_code: skbwpark | event_name: women's park | event_stage: women's park prelims | stage: prelims | gender: w | discipline_name: skateboarding | discipline_code: skb | venue: la concorde 4 | participant_code: 1542866 | participant_name: asaqas aya | participant_type: person | participant_country_code: mar | participant_country: morocco | rank: 22.0 | result: 13.68 | result_type: points | qualification_mark:  | start_order: 3
date: 2024-08-06t18:20:53+02:00 | stage_code: skbwpark--------------fnl-000100-- | event_code: skbwpark | event_name: women's park | event_stage: women's park final | stage: final | gender: w | discipline_name: skateboarding | discipline_code: skb | venue: la concorde 4 | participant_code: 1946064 | participant_name: trew arisa | participant_type: person | participant_country_code: aus | participant_country: australia | rank: 1.0 | result: 93.18 | result_type: points | qualification_mark:  | start_order: 3
date: 2024-08-06t18:20:53+02:00 | stage_code: skbwpark--------------fnl-000100-- | event_code: skbwpark | event_name: women's park | event_stage: women's park final | stage: final | gender: w | discipline_name: skateboarding | discipline_code: skb | venue: la concorde 4 | participant_code: 1902075 | participant_name: hiraki cocona | participant_type: person | participant_country_code: jpn | participant_country: japan | rank: 2.0 | result: 92.63 | result_type: points | qualification_mark:  | start_order: 8
date: 2024-08-06t18:20:53+02:00 | stage_code: skbwpark--------------fnl-000100-- | event_code: skbwpark | event_name: women's park | event_stage: women's park final | stage: final | gender: w | discipline_name: skateboarding | discipline_code: skb | venue: la concorde 4 | participant_code: 1544123 | participant_name: brown sky | participant_type: person | participant_country_code: gbr | participant_country: great britain | rank: 3.0 | result: 92.31 | result_type: points | qualification_mark:  | start_order: 5
date: 2024-08-06t18:20:53+02:00 | stage_code: skbwpark--------------fnl-000100-- | event_code: skbwpark | event_name: women's park | event_stage: women's park final | stage: final | gender: w | discipline_name: skateboarding | discipline_code: skb | venue: la concorde 4 | participant_code: 1955673 | participant_name: varella dora | participant_type: person | participant_country_code: bra | participant_country: brazil | rank: 4.0 | result: 89.14 | result_type: points | qualification_mark:  | start_order: 1
date: 2024-08-06t18:20:53+02:00 | stage_code: skbwpark--------------fnl-000100-- | event_code: skbwpark | event_name: women's park | event_stage: women's park final | stage: final | gender: w | discipline_name: skateboarding | discipline_code: skb | venue: la concorde 4 | participant_code: 1909131 | participant_name: sirvio heili | participant_type: person | participant_country_code: fin | participant_country: finland | rank: 5.0 | result: 88.89 | result_type: points | qualification_mark:  | start_order: 4
date: 2024-08-06t18:20:53+02:00 | stage_code: skbwpark--------------fnl-000100-- | event_code: skbwpark | event_name: women's park | event_stage: women's park final | stage: final | gender: w | discipline_name: skateboarding | discipline_code: skb | venue: la concorde 4 | participant_code: 1944251 | participant_name: wettstein bryce | participant_type: person | participant_country_code: usa | participant_country: united states | rank: 6.0 | result: 88.12 | result_type: points | qualification_mark:  | start_order: 7
date: 2024-08-06t18:20:53+02:00 | stage_code: skbwpark--------------fnl-000100-- | event_code: skbwpark | event_name: women's park | event_stage: women's park final | stage: final | gender: w | discipline_name: skateboarding | discipline_code: skb | venue: la concorde 4 | participant_code: 1948382 | participant_name: laso naia | participant_type: person | participant_country_code: esp | participant_country: spain | rank: 7.0 | result: 86.28 | result_type: points | qualification_mark:  | start_order: 2
date: 2024-08-06t18:20:53+02:00 | stage_code: skbwpark--------------fnl-000100-- | event_code: skbwpark | event_name: women's park | event_stage: women's park final | stage: final | gender: w | discipline_name: skateboarding | discipline_code: skb | venue: la concorde 4 | participant_code: 1902067 | participant_name: kusaki hinano | participant_type: person | participant_country_code: jpn | participant_country: japan | rank: 8.0 | result: 69.76 | result_type: points | qualification_mark:  | start_order: 6
date: 2024-07-28t15:55:34+02:00 | stage_code: skbwstreet------------qual-------- | event_code: skbwstreet | event_name: women's street | event_stage: women's street prelims | stage: prelims | gender: w | discipline_name: skateboarding | discipline_code: skb | venue: la concorde 3 | participant_code: 1902055 | participant_name: yoshizawa coco | participant_type: person | participant_country_code: jpn | participant_country: japan | rank: 1.0 | result: 258.92 | result_type: points | qualification_mark: q | start_order: 6
date: 2024-07-28t15:55:34+02:00 | stage_code: skbwstreet------------qual-------- | event_code: skbwstreet | event_name: women's street | event_stage: women's street prelims | stage: prelims | gender: w | discipline_name: skateboarding | discipline_code: skb | venue: la concorde 3 | participant_code: 1902069 | participant_name: akama liz | participant_type: person | participant_country_code: jpn | participant_country: japan | rank: 2.0 | result: 257.99 | result_type: points | qualification_mark: q | start_order: 1
date: 2024-07-28t15:55:34+02:00 | stage_code: skbwstreet------------qual-------- | event_code: skbwstreet | event_name: women's street | event_stage: women's street prelims | stage: prelims | gender: w | discipline_name: skateboarding | discipline_code: skb | venue: la concorde 3 | participant_code: 1908883 | participant_name: cui chenxi | participant_type: person | participant_country_code: chn | participant_country: china | rank: 3.0 | result: 254.34 | result_type: points | qualification_mark: q | start_order: 5
date: 2024-07-28t15:55:34+02:00 | stage_code: skbwstreet------------qual-------- | event_code: skbwstreet | event_name: women's street | event_stage: women's street prelims | stage: prelims | gender: w | discipline_name: skateboarding | discipline_code: skb | venue: la concorde 3 | participant_code: 1946067 | participant_name: covell chloe | participant_type: person | participant_country_code: aus | participant_country: australia | rank: 4.0 | result: 246.73 | result_type: points | qualification_mark: q | start_order: 1
date: 2024-07-28t15:55:34+02:00 | stage_code: skbwstreet------------qual-------- | event_code: skbwstreet | event_name: women's street | event_stage: women's street prelims | stage: prelims | gender: w | discipline_name: skateboarding | discipline_code: skb | venue: la concorde 3 | participant_code: 1902078 | participant_name: nakayama funa | participant_type: person | participant_country_code: jpn | participant_country: japan | rank: 5.0 | result: 245.52 | result_type: points | qualification_mark: q | start_order: 4
date: 2024-07-28t15:55:34+02:00 | stage_code: skbwstreet------------qual-------- | event_code: skbwstreet | event_name: women's street | event_stage: women's street prelims | stage: prelims | gender: w | discipline_name: skateboarding | discipline_code: skb | venue: la concorde 3 | participant_code: 1944230 | participant_name: heyn paige | participant_type: person | participant_country_code: usa | participant_country: united states | rank: 6.0 | result: 244.29 | result_type: points | qualification_mark: q | start_order: 2
date: 2024-07-28t15:55:34+02:00 | stage_code: skbwstreet------------qual-------- | event_code: skbwstreet | event_name: women's street | event_stage: women's street prelims | stage: prelims | gender: w | discipline_name: skateboarding | discipline_code: skb | venue: la concorde 3 | participant_code: 1955689 | participant_name: leal rayssa | participant_type: person | participant_country_code: bra | participant_country: brazil | rank: 7.0 | result: 241.43 | result_type: points | qualification_mark: q | start_order: 1
date: 2024-07-28t15:55:34+02:00 | stage_code: skbwstreet------------qual-------- | event_code: skbwstreet | event_name: women's street | event_stage: women's street prelims | stage: prelims | gender: w | discipline_name: skateboarding | discipline_code: skb | venue: la concorde 3 | participant_code: 1944242 | participant_name: pinson poe | participant_type: person | participant_country_code: usa | participant_country: united states | rank: 8.0 | result: 241.12 | result_type: points | qualification_mark: q | start_order: 2
date: 2024-07-28t15:55:34+02:00 | stage_code: skbwstreet------------qual-------- | event_code: skbwstreet | event_name: women's street | event_stage: women's street prelims | stage: prelims | gender: w | discipline_name: skateboarding | discipline_code: skb | venue: la concorde 3 | participant_code: 1908888 | participant_name: zhu yuanling | participant_type: person | participant_country_code: chn | participant_country: china | rank: 9.0 | result: 234.82 | result_type: points | qualification_mark:  | start_order: 5
date: 2024-07-28t15:55:34+02:00 | stage_code: skbwstreet------------qual-------- | event_code: skbwstreet | event_name: women's street | event_stage: women's street prelims | stage: prelims | gender: w | discipline_name: skateboarding | discipline_code: skb | venue: la concorde 3 | participant_code: 1966914 | participant_name: zwetsloot roos | participant_type: person | participant_country_code: ned | participant_country: netherlands | rank: 10.0 | result: 233.71 | result_type: points | qualification_mark:  | start_order: 1
date: 2024-07-28t15:55:34+02:00 | stage_code: skbwstreet------------qual-------- | event_code: skbwstreet | event_name: women's street | event_stage: women's street prelims | stage: prelims | gender: w | discipline_name: skateboarding | discipline_code: skb | venue: la concorde 3 | participant_code: 1880286 | participant_name: schoonheere lucie | participant_type: person | participant_country_code: fra | participant_country: france | rank: 11.0 | result: 228.05 | result_type: points | qualification_mark:  | start_order: 5
date: 2024-07-28t15:55:34+02:00 | stage_code: skbwstreet------------qual-------- | event_code: skbwstreet | event_name: women's street | event_stage: women's street prelims | stage: prelims | gender: w | discipline_name: skateboarding | discipline_code: skb | venue: la concorde 3 | participant_code: 1908885 | participant_name: zeng wenhui | participant_type: person | participant_country_code: chn | participant_country: china | rank: 12.0 | result: 223.49 | result_type: points | qualification_mark:  | start_order: 3
date: 2024-07-28t15:55:34+02:00 | stage_code: skbwstreet------------qual-------- | event_code: skbwstreet | event_name: women's street | event_stage: women's street prelims | stage: prelims | gender: w | discipline_name: skateboarding | discipline_code: skb | venue: la concorde 3 | participant_code: 1948387 | participant_name: terol daniela | participant_type: person | participant_country_code: esp | participant_country: spain | rank: 13.0 | result: 220.38 | result_type: points | qualification_mark:  | start_order: 2
date: 2024-07-28t15:55:34+02:00 | stage_code: skbwstreet------------qual-------- | event_code: skbwstreet | event_name: women's street | event_stage: women's street prelims | stage: prelims | gender: w | discipline_name: skateboarding | discipline_code: skb | venue: la concorde 3 | participant_code: 1948385 | participant_name: munoz natalia | participant_type: person | participant_country_code: esp | participant_country: spain | rank: 14.0 | result: 214.7 | result_type: points | qualification_mark:  | start_order: 6
date: 2024-07-28t15:55:34+02:00 | stage_code: skbwstreet------------qual-------- | event_code: skbwstreet | event_name: women's street | event_stage: women's street prelims | stage: prelims | gender: w | discipline_name: skateboarding | discipline_code: skb | venue: la concorde 3 | participant_code: 1966915 | participant_name: oldenbeuving keet | participant_type: person | participant_country_code: ned | participant_country: netherlands | rank: 15.0 | result: 210.78 | result_type: points | qualification_mark:  | start_order: 4
date: 2024-07-28t15:55:34+02:00 | stage_code: skbwstreet------------qual-------- | event_code: skbwstreet | event_name: women's street | event_stage: women's street prelims | stage: prelims | gender: w | discipline_name: skateboarding | discipline_code: skb | venue: la concorde 3 | participant_code: 1955704 | participant_name: rosa pamela | participant_type: person | participant_country_code: bra | participant_country: brazil | rank: 16.0 | result: 205.23 | result_type: points | qualification_mark:  | start_order: 3
date: 2024-07-28t15:55:34+02:00 | stage_code: skbwstreet------------qual-------- | event_code: skbwstreet | event_name: women's street | event_stage: women's street prelims | stage: prelims | gender: w | discipline_name: skateboarding | discipline_code: skb | venue: la concorde 3 | participant_code: 1931243 | participant_name: sukasem vareeraya | participant_type: person | participant_country_code: tha | participant_country: thailand | rank: 17.0 | result: 200.75 | result_type: points | qualification_mark:  | start_order: 3
date: 2024-07-28t15:55:34+02:00 | stage_code: skbwstreet------------qual-------- | event_code: skbwstreet | event_name: women's street | event_stage: women's street prelims | stage: prelims | gender: w | discipline_name: skateboarding | discipline_code: skb | venue: la concorde 3 | participant_code: 1960233 | participant_name: awuah boipelo | participant_type: person | participant_country_code: rsa | participant_country: south africa | rank: 18.0 | result: 159.34 | result_type: points | qualification_mark:  | start_order: 4
date: 2024-07-28t15:55:34+02:00 | stage_code: skbwstreet------------qual-------- | event_code: skbwstreet | event_name: women's street | event_stage: women's street prelims | stage: prelims | gender: w | discipline_name: skateboarding | discipline_code: skb | venue: la concorde 3 | participant_code: 1955683 | participant_name: mazetto gabi | participant_type: person | participant_country_code: bra | participant_country: brazil | rank: 19.0 | result: 144.35 | result_type: points | qualification_mark:  | start_order: 4
date: 2024-07-28t15:55:34+02:00 | stage_code: skbwstreet------------qual-------- | event_code: skbwstreet | event_name: women's street | event_stage: women's street prelims | stage: prelims | gender: w | discipline_name: skateboarding | discipline_code: skb | venue: la concorde 3 | participant_code: 1946072 | participant_name: powell haylie | participant_type: person | participant_country_code: aus | participant_country: australia | rank: 20.0 | result: 125.3 | result_type: points | qualification_mark:  | start_order: 3
date: 2024-07-28t15:55:34+02:00 | stage_code: skbwstreet------------qual-------- | event_code: skbwstreet | event_name: women's street | event_stage: women's street prelims | stage: prelims | gender: w | discipline_name: skateboarding | discipline_code: skb | venue: la concorde 3 | participant_code: 1946076 | participant_name: lovelace liv | participant_type: person | participant_country_code: aus | participant_country: australia | rank: 21.0 | result: 118.1 | result_type: points | qualification_mark:  | start_order: 2
date: 2024-07-28t15:55:34+02:00 | stage_code: skbwstreet------------qual-------- | event_code: skbwstreet | event_name: women's street | event_stage: women's street prelims | stage: prelims | gender: w | discipline_name: skateboarding | discipline_code: skb | venue: la concorde 3 | participant_code: 1944225 | participant_name: duran mariah | participant_type: person | participant_country_code: usa | participant_country: united states | rank: 22.0 | result: 58.36 | result_type: points | qualification_mark:  | start_order: 5
date: 2024-07-28t18:24:11+02:00 | stage_code: skbwstreet------------fnl-000100-- | event_code: skbwstreet | event_name: women's street | event_stage: women's street final | stage: final | gender: w | discipline_name: skateboarding | discipline_code: skb | venue: la concorde 3 | participant_code: 1902055 | participant_name: yoshizawa coco | participant_type: person | participant_country_code: jpn | participant_country: japan | rank: 1.0 | result: 272.75 | result_type: points | qualification_mark:  | start_order: 8
date: 2024-07-28t18:24:11+02:00 | stage_code: skbwstreet------------fnl-000100-- | event_code: skbwstreet | event_name: women's street | event_stage: women's street final | stage: final | gender: w | discipline_name: skateboarding | discipline_code: skb | venue: la concorde 3 | participant_code: 1902069 | participant_name: akama liz | participant_type: person | participant_country_code: jpn | participant_country: japan | rank: 2.0 | result: 265.95 | result_type: points | qualification_mark:  | start_order: 7
date: 2024-07-28t18:24:11+02:00 | stage_code: skbwstreet------------fnl-000100-- | event_code: skbwstreet | event_name: women's street | event_stage: women's street final | stage: final | gender: w | discipline_name: skateboarding | discipline_code: skb | venue: la concorde 3 | participant_code: 1955689 | participant_name: leal rayssa | participant_type: person | participant_country_code: bra | participant_country: brazil | rank: 3.0 | result: 253.37 | result_type: points | qualification_mark:  | start_order: 2
date: 2024-07-28t18:24:11+02:00 | stage_code: skbwstreet------------fnl-000100-- | event_code: skbwstreet | event_name: women's street | event_stage: women's street final | stage: final | gender: w | discipline_name: skateboarding | discipline_code: skb | venue: la concorde 3 | participant_code: 1908883 | participant_name: cui chenxi | participant_type: person | participant_country_code: chn | participant_country: china | rank: 4.0 | result: 241.56 | result_type: points | qualification_mark:  | start_order: 6
date: 2024-07-28t18:24:11+02:00 | stage_code: skbwstreet------------fnl-000100-- | event_code: skbwstreet | event_name: women's street | event_stage: women's street final | stage: final | gender: w | discipline_name: skateboarding | discipline_code: skb | venue: la concorde 3 | participant_code: 1944242 | participant_name: pinson poe | participant_type: person | participant_country_code: usa | participant_country: united states | rank: 5.0 | result: 222.34 | result_type: points | qualification_mark:  | start_order: 1
date: 2024-07-28t18:24:11+02:00 | stage_code: skbwstreet------------fnl-000100-- | event_code: skbwstreet | event_name: women's street | event_stage: women's street final | stage: final | gender: w | discipline_name: skateboarding | discipline_code: skb | venue: la concorde 3 | participant_code: 1944230 | participant_name: heyn paige | participant_type: person | participant_country_code: usa | participant_country: united states | rank: 6.0 | result: 163.23 | result_type: points | qualification_mark:  | start_order: 3
date: 2024-07-28t18:24:11+02:00 | stage_code: skbwstreet------------fnl-000100-- | event_code: skbwstreet | event_name: women's street | event_stage: women's street final | stage: final | gender: w | discipline_name: skateboarding | discipline_code: skb | venue: la concorde 3 | participant_code: 1902078 | participant_name: nakayama funa | participant_type: person | participant_country_code: jpn | participant_country: japan | rank: 7.0 | result: 79.77 | result_type: points | qualification_mark:  | start_order: 4
date: 2024-07-28t18:24:11+02:00 | stage_code: skbwstreet------------fnl-000100-- | event_code: skbwstreet | event_name: women's street | event_stage: women's street final | stage: final | gender: w | discipline_name: skateboarding | discipline_code: skb | venue: la concorde 3 | participant_code: 1946067 | participant_name: covell chloe | participant_type: person | participant_country_code: aus | participant_country: australia | rank: 8.0 | result: 70.33 | result_type: points | qualification_mark:  | start_order: 5
