text
"date: 2024-07-27t07:34:41+02:00 | stage_code: srfmshortbrd----------prel000100-- | event_code: srfmshortbrd | event_name: men | event_stage: men's round 1 - heat 1 | stage: round 1 - heat 1 | gender: m | discipline_name: surfing | discipline_code: srf | venue: teahupo'o, tahiti | participant_code: 1946128 | participant_name: ewing ethan | participant_type: person | participant_country_code: aus | participant_country: australia | rank: 1.0 | result: 9.9 | result_type: points | result_WLT:  | qualification_mark: q3 | bib: 8"
"date: 2024-07-27t07:34:41+02:00 | stage_code: srfmshortbrd----------prel000100-- | event_code: srfmshortbrd | event_name: men | event_stage: men's round 1 - heat 1 | stage: round 1 - heat 1 | gender: m | discipline_name: surfing | discipline_code: srf | venue: teahupo'o, tahiti | participant_code: 1963660 | participant_name: smith jordy | participant_type: person | participant_country_code: rsa | participant_country: south africa | rank: 2.0 | result: 7.6 | result_type: points | result_WLT:  | qualification_mark: q2 | bib: 17"
"date: 2024-07-27t07:34:41+02:00 | stage_code: srfmshortbrd----------prel000100-- | event_code: srfmshortbrd | event_name: men | event_stage: men's round 1 - heat 1 | stage: round 1 - heat 1 | gender: m | discipline_name: surfing | discipline_code: srf | venue: teahupo'o, tahiti | participant_code: 1556615 | participant_name: elter tim | participant_type: person | participant_country_code: ger | participant_country: germany | rank: 3.0 | result: 4.0 | result_type: points | result_WLT:  | qualification_mark: q2 | bib: 9"
"date: 2024-07-27t08:11:45+02:00 | stage_code: srfmshortbrd----------prel000200-- | event_code: srfmshortbrd | event_name: men | event_stage: men's round 1 - heat 2 | stage: round 1 - heat 2 | gender: m | discipline_name: surfing | discipline_code: srf | venue: teahupo'o, tahiti | participant_code: 1567362 | participant_name: duru joan | participant_type: person | participant_country_code: fra | participant_country: france | rank: 1.0 | result: 13.84 | result_type: points | result_WLT:  | qualification_mark: q3 | bib: 4"
"date: 2024-07-27t08:11:45+02:00 | stage_code: srfmshortbrd----------prel000200-- | event_code: srfmshortbrd | event_name: men | event_stage: men's round 1 - heat 2 | stage: round 1 - heat 2 | gender: m | discipline_name: surfing | discipline_code: srf | venue: teahupo'o, tahiti | participant_code: 1946129 | participant_name: robinson jack | participant_type: person | participant_country_code: aus | participant_country: australia | rank: 2.0 | result: 13.36 | result_type: points | result_WLT:  | qualification_mark: q2 | bib: 13"
"date: 2024-07-27t08:11:45+02:00 | stage_code: srfmshortbrd----------prel000200-- | event_code: srfmshortbrd | event_name: men | event_stage: men's round 1 - heat 2 | stage: round 1 - heat 2 | gender: m | discipline_name: surfing | discipline_code: srf | venue: teahupo'o, tahiti | participant_code: 1963661 | participant_name: mcgillivray matthew | participant_type: person | participant_country_code: rsa | participant_country: south africa | rank: 3.0 | result: 5.26 | result_type: points | result_WLT:  | qualification_mark: q2 | bib: 21"
"date: 2024-07-27t08:46:08+02:00 | stage_code: srfmshortbrd----------prel000300-- | event_code: srfmshortbrd | event_name: men | event_stage: men's round 1 - heat 3 | stage: round 1 - heat 3 | gender: m | discipline_name: surfing | discipline_code: srf | venue: teahupo'o, tahiti | participant_code: 1559994 | participant_name: correa alonso | participant_type: person | participant_country_code: per | participant_country: peru | rank: 1.0 | result: 14.33 | result_type: points | result_WLT:  | qualification_mark: q3 | bib: 5"
"date: 2024-07-27t08:46:08+02:00 | stage_code: srfmshortbrd----------prel000300-- | event_code: srfmshortbrd | event_name: men | event_stage: men's round 1 - heat 3 | stage: round 1 - heat 3 | gender: m | discipline_name: surfing | discipline_code: srf | venue: teahupo'o, tahiti | participant_code: 1955777 | participant_name: toledo filipe | participant_type: person | participant_country_code: bra | participant_country: brazil | rank: 2.0 | result: 7.63 | result_type: points | result_WLT:  | qualification_mark: q2 | bib: 12"
"date: 2024-07-27t08:46:08+02:00 | stage_code: srfmshortbrd----------prel000300-- | event_code: srfmshortbrd | event_name: men | event_stage: men's round 1 - heat 3 | stage: round 1 - heat 3 | gender: m | discipline_name: surfing | discipline_code: srf | venue: teahupo'o, tahiti | participant_code: 1913498 | participant_name: igarashi kanoa | participant_type: person | participant_country_code: jpn | participant_country: japan | rank: 3.0 | result: 4.17 | result_type: points | result_WLT:  | qualification_mark: q2 | bib: 20"
"date: 2024-07-27t09:23:56+02:00 | stage_code: srfmshortbrd----------prel000400-- | event_code: srfmshortbrd | event_name: men | event_stage: men's round 1 - heat 4 | stage: round 1 - heat 4 | gender: m | discipline_name: surfing | discipline_code: srf | venue: teahupo'o, tahiti | participant_code: 1955778 | participant_name: medina gabriel | participant_type: person | participant_country_code: bra | participant_country: brazil | rank: 1.0 | result: 13.5 | result_type: points | result_WLT:  | qualification_mark: q3 | bib: 1"
"date: 2024-07-27t09:23:56+02:00 | stage_code: srfmshortbrd----------prel000400-- | event_code: srfmshortbrd | event_name: men | event_stage: men's round 1 - heat 4 | stage: round 1 - heat 4 | gender: m | discipline_name: surfing | discipline_code: srf | venue: teahupo'o, tahiti | participant_code: 1913489 | participant_name: o'leary connor | participant_type: person | participant_country_code: jpn | participant_country: japan | rank: 2.0 | result: 9.93 | result_type: points | result_WLT:  | qualification_mark: q2 | bib: 16"
"date: 2024-07-27t09:23:56+02:00 | stage_code: srfmshortbrd----------prel000400-- | event_code: srfmshortbrd | event_name: men | event_stage: men's round 1 - heat 4 | stage: round 1 - heat 4 | gender: m | discipline_name: surfing | discipline_code: srf | venue: teahupo'o, tahiti | participant_code: 1571398 | participant_name: perez bryan | participant_type: person | participant_country_code: esa | participant_country: el salvador | rank: 3.0 | result: 7.53 | result_type: points | result_WLT:  | qualification_mark: q2 | bib: 24"
"date: 2024-07-27t10:00:16+02:00 | stage_code: srfmshortbrd----------prel000500-- | event_code: srfmshortbrd | event_name: men | event_stage: men's round 1 - heat 5 | stage: round 1 - heat 5 | gender: m | discipline_name: surfing | discipline_code: srf | venue: teahupo'o, tahiti | participant_code: 1955780 | participant_name: chianca joao | participant_type: person | participant_country_code: bra | participant_country: brazil | rank: 1.0 | result: 10.07 | result_type: points | result_WLT:  | qualification_mark: q3 | bib: 23"
"date: 2024-07-27t10:00:16+02:00 | stage_code: srfmshortbrd----------prel000500-- | event_code: srfmshortbrd | event_name: men | event_stage: men's round 1 - heat 5 | stage: round 1 - heat 5 | gender: m | discipline_name: surfing | discipline_code: srf | venue: teahupo'o, tahiti | participant_code: 1551552 | participant_name: boukhiam ramzi | participant_type: person | participant_country_code: mar | participant_country: morocco | rank: 2.0 | result: 9.76 | result_type: points | result_WLT:  | qualification_mark: q2 | bib: 2"
"date: 2024-07-27t10:00:16+02:00 | stage_code: srfmshortbrd----------prel000500-- | event_code: srfmshortbrd | event_name: men | event_stage: men's round 1 - heat 5 | stage: round 1 - heat 5 | gender: m | discipline_name: surfing | discipline_code: srf | venue: teahupo'o, tahiti | participant_code: 1919015 | participant_name: stairmand billy | participant_type: person | participant_country_code: nzl | participant_country: new zealand | rank: 3.0 | result: 5.53 | result_type: points | result_WLT:  | qualification_mark: q2 | bib: 15"
"date: 2024-07-27t10:35:40+02:00 | stage_code: srfmshortbrd----------prel000600-- | event_code: srfmshortbrd | event_name: men | event_stage: men's round 1 - heat 6 | stage: round 1 - heat 6 | gender: m | discipline_name: surfing | discipline_code: srf | venue: teahupo'o, tahiti | participant_code: 1943202 | participant_name: florence john john | participant_type: person | participant_country_code: usa | participant_country: united states | rank: 1.0 | result: 17.33 | result_type: points | result_WLT:  | qualification_mark: q3 | bib: 11"
"date: 2024-07-27t10:35:40+02:00 | stage_code: srfmshortbrd----------prel000600-- | event_code: srfmshortbrd | event_name: men | event_stage: men's round 1 - heat 6 | stage: round 1 - heat 6 | gender: m | discipline_name: surfing | discipline_code: srf | venue: teahupo'o, tahiti | participant_code: 1535368 | participant_name: cleland quinonez alan | participant_type: person | participant_country_code: mex | participant_country: mexico | rank: 2.0 | result: 14.34 | result_type: points | result_WLT:  | qualification_mark: q2 | bib: 19"
"date: 2024-07-27t10:35:40+02:00 | stage_code: srfmshortbrd----------prel000600-- | event_code: srfmshortbrd | event_name: men | event_stage: men's round 1 - heat 6 | stage: round 1 - heat 6 | gender: m | discipline_name: surfing | discipline_code: srf | venue: teahupo'o, tahiti | participant_code: 1957829 | participant_name: criere andy | participant_type: person | participant_country_code: esp | participant_country: spain | rank: 3.0 | result: 12.0 | result_type: points | result_WLT:  | qualification_mark: q2 | bib: 6"
"date: 2024-07-27t11:12:04+02:00 | stage_code: srfmshortbrd----------prel000700-- | event_code: srfmshortbrd | event_name: men | event_stage: men's round 1 - heat 7 | stage: round 1 - heat 7 | gender: m | discipline_name: surfing | discipline_code: srf | venue: teahupo'o, tahiti | participant_code: 1943201 | participant_name: colapinto griffin | participant_type: person | participant_country_code: usa | participant_country: united states | rank: 1.0 | result: 17.03 | result_type: points | result_WLT:  | qualification_mark: q3 | bib: 22"
"date: 2024-07-27t11:12:04+02:00 | stage_code: srfmshortbrd----------prel000700-- | event_code: srfmshortbrd | event_name: men | event_stage: men's round 1 - heat 7 | stage: round 1 - heat 7 | gender: m | discipline_name: surfing | discipline_code: srf | venue: teahupo'o, tahiti | participant_code: 1567361 | participant_name: vaast kauli | participant_type: person | participant_country_code: fra | participant_country: france | rank: 2.0 | result: 13.63 | result_type: points | result_WLT:  | qualification_mark: q2 | bib: 3"
"date: 2024-07-27t11:12:04+02:00 | stage_code: srfmshortbrd----------prel000700-- | event_code: srfmshortbrd | event_name: men | event_stage: men's round 1 - heat 7 | stage: round 1 - heat 7 | gender: m | discipline_name: surfing | discipline_code: srf | venue: teahupo'o, tahiti | participant_code: 1560071 | participant_name: mesinas lucca | participant_type: person | participant_country_code: per | participant_country: peru | rank: 3.0 | result: 11.1 | result_type: points | result_WLT:  | qualification_mark: q2 | bib: 14"
"date: 2024-07-27t11:46:36+02:00 | stage_code: srfmshortbrd----------prel000800-- | event_code: srfmshortbrd | event_name: men | event_stage: men's round 1 - heat 8 | stage: round 1 - heat 8 | gender: m | discipline_name: surfing | discipline_code: srf | venue: teahupo'o, tahiti | participant_code: 1913493 | participant_name: inaba reo | participant_type: person | participant_country_code: jpn | participant_country: japan | rank: 1.0 | result: 12.76 | result_type: points | result_WLT:  | qualification_mark: q3 | bib: 18"
"date: 2024-07-27t11:46:36+02:00 | stage_code: srfmshortbrd----------prel000800-- | event_code: srfmshortbrd | event_name: men | event_stage: men's round 1 - heat 8 | stage: round 1 - heat 8 | gender: m | discipline_name: surfing | discipline_code: srf | venue: teahupo'o, tahiti | participant_code: 1933492 | participant_name: fioravanti leonardo | participant_type: person | participant_country_code: ita | participant_country: italy | rank: 2.0 | result: 8.87 | result_type: points | result_WLT:  | qualification_mark: q2 | bib: 10"
"date: 2024-07-27t11:46:36+02:00 | stage_code: srfmshortbrd----------prel000800-- | event_code: srfmshortbrd | event_name: men | event_stage: men's round 1 - heat 8 | stage: round 1 - heat 8 | gender: m | discipline_name: surfing | discipline_code: srf | venue: teahupo'o, tahiti | participant_code: 1909733 | participant_name: waida rio | participant_type: person | participant_country_code: ina | participant_country: indonesia | rank: 3.0 | result: 5.74 | result_type: points | result_WLT:  | qualification_mark: q2 | bib: 7"
"date: 2024-07-28t12:22:06+02:00 | stage_code: srfmshortbrd----------rep-000100-- | event_code: srfmshortbrd | event_name: men | event_stage: men's round 2 - heat 1 | stage: round 2 - heat 1 | gender: m | discipline_name: surfing | discipline_code: srf | venue: teahupo'o, tahiti | participant_code: 1913498 | participant_name: igarashi kanoa | participant_type: person | participant_country_code: jpn | participant_country: japan | rank: 1.0 | result: 13.87 | result_type: points | result_WLT: w | qualification_mark:  | bib: 20"
"date: 2024-07-28t12:22:06+02:00 | stage_code: srfmshortbrd----------rep-000100-- | event_code: srfmshortbrd | event_name: men | event_stage: men's round 2 - heat 1 | stage: round 2 - heat 1 | gender: m | discipline_name: surfing | discipline_code: srf | venue: teahupo'o, tahiti | participant_code: 1933492 | participant_name: fioravanti leonardo | participant_type: person | participant_country_code: ita | participant_country: italy | rank: 2.0 | result: 7.0 | result_type: points | result_WLT: l | qualification_mark:  | bib: 10"
"date: 2024-07-28t13:07:18+02:00 | stage_code: srfmshortbrd----------rep-000200-- | event_code: srfmshortbrd | event_name: men | event_stage: men's round 2 - heat 2 | stage: round 2 - heat 2 | gender: m | discipline_name: surfing | discipline_code: srf | venue: teahupo'o, tahiti | participant_code: 1913489 | participant_name: o'leary connor | participant_type: person | participant_country_code: jpn | participant_country: japan | rank: 1.0 | result: 14.5 | result_type: points | result_WLT: w | qualification_mark:  | bib: 16"
"date: 2024-07-28t13:07:18+02:00 | stage_code: srfmshortbrd----------rep-000200-- | event_code: srfmshortbrd | event_name: men | event_stage: men's round 2 - heat 2 | stage: round 2 - heat 2 | gender: m | discipline_name: surfing | discipline_code: srf | venue: teahupo'o, tahiti | participant_code: 1556615 | participant_name: elter tim | participant_type: person | participant_country_code: ger | participant_country: germany | rank: 2.0 | result: 6.07 | result_type: points | result_WLT: l | qualification_mark:  | bib: 9"
"date: 2024-07-28t13:44:10+02:00 | stage_code: srfmshortbrd----------rep-000300-- | event_code: srfmshortbrd | event_name: men | event_stage: men's round 2 - heat 3 | stage: round 2 - heat 3 | gender: m | discipline_name: surfing | discipline_code: srf | venue: teahupo'o, tahiti | participant_code: 1963660 | participant_name: smith jordy | participant_type: person | participant_country_code: rsa | participant_country: south africa | rank: 1.0 | result: 9.5 | result_type: points | result_WLT: w | qualification_mark:  | bib: 17"
"date: 2024-07-28t13:44:10+02:00 | stage_code: srfmshortbrd----------rep-000300-- | event_code: srfmshortbrd | event_name: men | event_stage: men's round 2 - heat 3 | stage: round 2 - heat 3 | gender: m | discipline_name: surfing | discipline_code: srf | venue: teahupo'o, tahiti | participant_code: 1909733 | participant_name: waida rio | participant_type: person | participant_country_code: ina | participant_country: indonesia | rank: 2.0 | result: 5.4 | result_type: points | result_WLT: l | qualification_mark:  | bib: 7"
"date: 2024-07-28t14:21:35+02:00 | stage_code: srfmshortbrd----------rep-000400-- | event_code: srfmshortbrd | event_name: men | event_stage: men's round 2 - heat 4 | stage: round 2 - heat 4 | gender: m | discipline_name: surfing | discipline_code: srf | venue: teahupo'o, tahiti | participant_code: 1567361 | participant_name: vaast kauli | participant_type: person | participant_country_code: fra | participant_country: france | rank: 1.0 | result: 14.03 | result_type: points | result_WLT: w | qualification_mark:  | bib: 3"
"date: 2024-07-28t14:21:35+02:00 | stage_code: srfmshortbrd----------rep-000400-- | event_code: srfmshortbrd | event_name: men | event_stage: men's round 2 - heat 4 | stage: round 2 - heat 4 | gender: m | discipline_name: surfing | discipline_code: srf | venue: teahupo'o, tahiti | participant_code: 1963661 | participant_name: mcgillivray matthew | participant_type: person | participant_country_code: rsa | participant_country: south africa | rank: 2.0 | result: 10.67 | result_type: points | result_WLT: l | qualification_mark:  | bib: 21"
"date: 2024-07-28t14:59:03+02:00 | stage_code: srfmshortbrd----------rep-000500-- | event_code: srfmshortbrd | event_name: men | event_stage: men's round 2 - heat 5 | stage: round 2 - heat 5 | gender: m | discipline_name: surfing | discipline_code: srf | venue: teahupo'o, tahiti | participant_code: 1551552 | participant_name: boukhiam ramzi | participant_type: person | participant_country_code: mar | participant_country: morocco | rank: 1.0 | result: 14.6 | result_type: points | result_WLT: w | qualification_mark:  | bib: 2"
"date: 2024-07-28t14:59:03+02:00 | stage_code: srfmshortbrd----------rep-000500-- | event_code: srfmshortbrd | event_name: men | event_stage: men's round 2 - heat 5 | stage: round 2 - heat 5 | gender: m | discipline_name: surfing | discipline_code: srf | venue: teahupo'o, tahiti | participant_code: 1571398 | participant_name: perez bryan | participant_type: person | participant_country_code: esa | participant_country: el salvador | rank: 2.0 | result: 12.6 | result_type: points | result_WLT: l | qualification_mark:  | bib: 24"
"date: 2024-07-28t15:33:06+02:00 | stage_code: srfmshortbrd----------rep-000600-- | event_code: srfmshortbrd | event_name: men | event_stage: men's round 2 - heat 6 | stage: round 2 - heat 6 | gender: m | discipline_name: surfing | discipline_code: srf | venue: teahupo'o, tahiti | participant_code: 1535368 | participant_name: cleland quinonez alan | participant_type: person | participant_country_code: mex | participant_country: mexico | rank: 1.0 | result: 15.17 | result_type: points | result_WLT: w | qualification_mark:  | bib: 19"
"date: 2024-07-28t15:33:06+02:00 | stage_code: srfmshortbrd----------rep-000600-- | event_code: srfmshortbrd | event_name: men | event_stage: men's round 2 - heat 6 | stage: round 2 - heat 6 | gender: m | discipline_name: surfing | discipline_code: srf | venue: teahupo'o, tahiti | participant_code: 1957829 | participant_name: criere andy | participant_type: person | participant_country_code: esp | participant_country: spain | rank: 2.0 | result: 4.43 | result_type: points | result_WLT: l | qualification_mark:  | bib: 6"
"date: 2024-07-28t16:17:37+02:00 | stage_code: srfmshortbrd----------rep-000700-- | event_code: srfmshortbrd | event_name: men | event_stage: men's round 2 - heat 7 | stage: round 2 - heat 7 | gender: m | discipline_name: surfing | discipline_code: srf | venue: teahupo'o, tahiti | participant_code: 1946129 | participant_name: robinson jack | participant_type: person | participant_country_code: aus | participant_country: australia | rank: 1.0 | result: 16.87 | result_type: points | result_WLT: w | qualification_mark:  | bib: 13"
"date: 2024-07-28t16:17:37+02:00 | stage_code: srfmshortbrd----------rep-000700-- | event_code: srfmshortbrd | event_name: men | event_stage: men's round 2 - heat 7 | stage: round 2 - heat 7 | gender: m | discipline_name: surfing | discipline_code: srf | venue: teahupo'o, tahiti | participant_code: 1560071 | participant_name: mesinas lucca | participant_type: person | participant_country_code: per | participant_country: peru | rank: 2.0 | result: 10.83 | result_type: points | result_WLT: l | qualification_mark:  | bib: 14"
"date: 2024-07-28t16:53:15+02:00 | stage_code: srfmshortbrd----------rep-000800-- | event_code: srfmshortbrd | event_name: men | event_stage: men's round 2 - heat 8 | stage: round 2 - heat 8 | gender: m | discipline_name: surfing | discipline_code: srf | venue: teahupo'o, tahiti | participant_code: 1955777 | participant_name: toledo filipe | participant_type: person | participant_country_code: bra | participant_country: brazil | rank: 1.0 | result: 17.0 | result_type: points | result_WLT: w | qualification_mark:  | bib: 12"
"date: 2024-07-28t16:53:15+02:00 | stage_code: srfmshortbrd----------rep-000800-- | event_code: srfmshortbrd | event_name: men | event_stage: men's round 2 - heat 8 | stage: round 2 - heat 8 | gender: m | discipline_name: surfing | discipline_code: srf | venue: teahupo'o, tahiti | participant_code: 1919015 | participant_name: stairmand billy | participant_type: person | participant_country_code: nzl | participant_country: new zealand | rank: 2.0 | result: 14.0 | result_type: points | result_WLT: l | qualification_mark:  | bib: 15"
"date: 2024-07-29t07:33:29+02:00 | stage_code: srfmshortbrd----------8fnl000100-- | event_code: srfmshortbrd | event_name: men | event_stage: men's round 3 - heat 1 | stage: round 3 - heat 1 | gender: m | discipline_name: surfing | discipline_code: srf | venue: teahupo'o, tahiti | participant_code: 1559994 | participant_name: correa alonso | participant_type: person | participant_country_code: per | participant_country: peru | rank: 1.0 | result: 15.0 | result_type: points | result_WLT: w | qualification_mark:  | bib: 5"
"date: 2024-07-29t07:33:29+02:00 | stage_code: srfmshortbrd----------8fnl000100-- | event_code: srfmshortbrd | event_name: men | event_stage: men's round 3 - heat 1 | stage: round 3 - heat 1 | gender: m | discipline_name: surfing | discipline_code: srf | venue: teahupo'o, tahiti | participant_code: 1963660 | participant_name: smith jordy | participant_type: person | participant_country_code: rsa | participant_country: south africa | rank: 2.0 | result: 12.2 | result_type: points | result_WLT: l | qualification_mark:  | bib: 17"
"date: 2024-07-29t08:09:21+02:00 | stage_code: srfmshortbrd----------8fnl000200-- | event_code: srfmshortbrd | event_name: men | event_stage: men's round 3 - heat 2 | stage: round 3 - heat 2 | gender: m | discipline_name: surfing | discipline_code: srf | venue: teahupo'o, tahiti | participant_code: 1913493 | participant_name: inaba reo | participant_type: person | participant_country_code: jpn | participant_country: japan | rank: 1.0 | result: 6.0 | result_type: points | result_WLT: w | qualification_mark:  | bib: 18"
"date: 2024-07-29t08:09:21+02:00 | stage_code: srfmshortbrd----------8fnl000200-- | event_code: srfmshortbrd | event_name: men | event_stage: men's round 3 - heat 2 | stage: round 3 - heat 2 | gender: m | discipline_name: surfing | discipline_code: srf | venue: teahupo'o, tahiti | participant_code: 1955777 | participant_name: toledo filipe | participant_type: person | participant_country_code: bra | participant_country: brazil | rank: 2.0 | result: 2.46 | result_type: points | result_WLT: l | qualification_mark:  | bib: 12"
"date: 2024-07-29t08:45:17+02:00 | stage_code: srfmshortbrd----------8fnl000300-- | event_code: srfmshortbrd | event_name: men | event_stage: men's round 3 - heat 3 | stage: round 3 - heat 3 | gender: m | discipline_name: surfing | discipline_code: srf | venue: teahupo'o, tahiti | participant_code: 1567361 | participant_name: vaast kauli | participant_type: person | participant_country_code: fra | participant_country: france | rank: 1.0 | result: 15.1 | result_type: points | result_WLT: w | qualification_mark:  | bib: 3"
"date: 2024-07-29t08:45:17+02:00 | stage_code: srfmshortbrd----------8fnl000300-- | event_code: srfmshortbrd | event_name: men | event_stage: men's round 3 - heat 3 | stage: round 3 - heat 3 | gender: m | discipline_name: surfing | discipline_code: srf | venue: teahupo'o, tahiti | participant_code: 1943201 | participant_name: colapinto griffin | participant_type: person | participant_country_code: usa | participant_country: united states | rank: 2.0 | result: 13.83 | result_type: points | result_WLT: l | qualification_mark:  | bib: 22"
"date: 2024-07-29t09:21:33+02:00 | stage_code: srfmshortbrd----------8fnl000400-- | event_code: srfmshortbrd | event_name: men | event_stage: men's round 3 - heat 4 | stage: round 3 - heat 4 | gender: m | discipline_name: surfing | discipline_code: srf | venue: teahupo'o, tahiti | participant_code: 1567362 | participant_name: duru joan | participant_type: person | participant_country_code: fra | participant_country: france | rank: 1.0 | result: 18.13 | result_type: points | result_WLT: w | qualification_mark:  | bib: 4"
"date: 2024-07-29t09:21:33+02:00 | stage_code: srfmshortbrd----------8fnl000400-- | event_code: srfmshortbrd | event_name: men | event_stage: men's round 3 - heat 4 | stage: round 3 - heat 4 | gender: m | discipline_name: surfing | discipline_code: srf | venue: teahupo'o, tahiti | participant_code: 1535368 | participant_name: cleland quinonez alan | participant_type: person | participant_country_code: mex | participant_country: mexico | rank: 2.0 | result: 15.17 | result_type: points | result_WLT: l | qualification_mark:  | bib: 19"
"date: 2024-07-29t09:57:19+02:00 | stage_code: srfmshortbrd----------8fnl000500-- | event_code: srfmshortbrd | event_name: men | event_stage: men's round 3 - heat 5 | stage: round 3 - heat 5 | gender: m | discipline_name: surfing | discipline_code: srf | venue: teahupo'o, tahiti | participant_code: 1955778 | participant_name: medina gabriel | participant_type: person | participant_country_code: bra | participant_country: brazil | rank: 1.0 | result: 17.4 | result_type: points | result_WLT: w | qualification_mark:  | bib: 1"
"date: 2024-07-29t09:57:19+02:00 | stage_code: srfmshortbrd----------8fnl000500-- | event_code: srfmshortbrd | event_name: men | event_stage: men's round 3 - heat 5 | stage: round 3 - heat 5 | gender: m | discipline_name: surfing | discipline_code: srf | venue: teahupo'o, tahiti | participant_code: 1913498 | participant_name: igarashi kanoa | participant_type: person | participant_country_code: jpn | participant_country: japan | rank: 2.0 | result: 7.04 | result_type: points | result_WLT: l | qualification_mark:  | bib: 20"
"date: 2024-07-29t10:36:05+02:00 | stage_code: srfmshortbrd----------8fnl000600-- | event_code: srfmshortbrd | event_name: men | event_stage: men's round 3 - heat 6 | stage: round 3 - heat 6 | gender: m | discipline_name: surfing | discipline_code: srf | venue: teahupo'o, tahiti | participant_code: 1955780 | participant_name: chianca joao | participant_type: person | participant_country_code: bra | participant_country: brazil | rank: 1.0 | result: 18.1 | result_type: points | result_WLT: w | qualification_mark:  | bib: 23"
"date: 2024-07-29t10:36:05+02:00 | stage_code: srfmshortbrd----------8fnl000600-- | event_code: srfmshortbrd | event_name: men | event_stage: men's round 3 - heat 6 | stage: round 3 - heat 6 | gender: m | discipline_name: surfing | discipline_code: srf | venue: teahupo'o, tahiti | participant_code: 1551552 | participant_name: boukhiam ramzi | participant_type: person | participant_country_code: mar | participant_country: morocco | rank: 2.0 | result: 17.8 | result_type: points | result_WLT: l | qualification_mark:  | bib: 2"
"date: 2024-07-29t11:10:13+02:00 | stage_code: srfmshortbrd----------8fnl000700-- | event_code: srfmshortbrd | event_name: men | event_stage: men's round 3 - heat 7 | stage: round 3 - heat 7 | gender: m | discipline_name: surfing | discipline_code: srf | venue: teahupo'o, tahiti | participant_code: 1946129 | participant_name: robinson jack | participant_type: person | participant_country_code: aus | participant_country: australia | rank: 1.0 | result: 13.94 | result_type: points | result_WLT: w | qualification_mark:  | bib: 13"
"date: 2024-07-29t11:10:13+02:00 | stage_code: srfmshortbrd----------8fnl000700-- | event_code: srfmshortbrd | event_name: men | event_stage: men's round 3 - heat 7 | stage: round 3 - heat 7 | gender: m | discipline_name: surfing | discipline_code: srf | venue: teahupo'o, tahiti | participant_code: 1943202 | participant_name: florence john john | participant_type: person | participant_country_code: usa | participant_country: united states | rank: 2.0 | result: 9.07 | result_type: points | result_WLT: l | qualification_mark:  | bib: 11"
"date: 2024-07-29t11:46:25+02:00 | stage_code: srfmshortbrd----------8fnl000800-- | event_code: srfmshortbrd | event_name: men | event_stage: men's round 3 - heat 8 | stage: round 3 - heat 8 | gender: m | discipline_name: surfing | discipline_code: srf | venue: teahupo'o, tahiti | participant_code: 1946128 | participant_name: ewing ethan | participant_type: person | participant_country_code: aus | participant_country: australia | rank: 1.0 | result: 14.17 | result_type: points | result_WLT: w | qualification_mark:  | bib: 8"
"date: 2024-07-29t11:46:25+02:00 | stage_code: srfmshortbrd----------8fnl000800-- | event_code: srfmshortbrd | event_name: men | event_stage: men's round 3 - heat 8 | stage: round 3 - heat 8 | gender: m | discipline_name: surfing | discipline_code: srf | venue: teahupo'o, tahiti | participant_code: 1913489 | participant_name: o'leary connor | participant_type: person | participant_country_code: jpn | participant_country: japan | rank: 2.0 | result: 11.0 | result_type: points | result_WLT: l | qualification_mark:  | bib: 16"
"date: 2024-08-01t12:21:43+02:00 | stage_code: srfmshortbrd----------qfnl000100-- | event_code: srfmshortbrd | event_name: men | event_stage: men's quarterfinals - heat 1 | stage: quarterfinals - heat 1 | gender: m | discipline_name: surfing | discipline_code: srf | venue: teahupo'o, tahiti | participant_code: 1559994 | participant_name: correa alonso | participant_type: person | participant_country_code: per | participant_country: peru | rank: 1.0 | result: 10.5 | result_type: points | result_WLT: w | qualification_mark:  | bib: 5"
"date: 2024-08-01t12:21:43+02:00 | stage_code: srfmshortbrd----------qfnl000100-- | event_code: srfmshortbrd | event_name: men | event_stage: men's quarterfinals - heat 1 | stage: quarterfinals - heat 1 | gender: m | discipline_name: surfing | discipline_code: srf | venue: teahupo'o, tahiti | participant_code: 1913493 | participant_name: inaba reo | participant_type: person | participant_country_code: jpn | participant_country: japan | rank: 2.0 | result: 10.16 | result_type: points | result_WLT: l | qualification_mark:  | bib: 18"
"date: 2024-08-01t12:57:01+02:00 | stage_code: srfmshortbrd----------qfnl000200-- | event_code: srfmshortbrd | event_name: men | event_stage: men's quarterfinals - heat 2 | stage: quarterfinals - heat 2 | gender: m | discipline_name: surfing | discipline_code: srf | venue: teahupo'o, tahiti | participant_code: 1567361 | participant_name: vaast kauli | participant_type: person | participant_country_code: fra | participant_country: france | rank: 1.0 | result: 15.33 | result_type: points | result_WLT: w | qualification_mark:  | bib: 3"
"date: 2024-08-01t12:57:01+02:00 | stage_code: srfmshortbrd----------qfnl000200-- | event_code: srfmshortbrd | event_name: men | event_stage: men's quarterfinals - heat 2 | stage: quarterfinals - heat 2 | gender: m | discipline_name: surfing | discipline_code: srf | venue: teahupo'o, tahiti | participant_code: 1567362 | participant_name: duru joan | participant_type: person | participant_country_code: fra | participant_country: france | rank: 2.0 | result: 12.33 | result_type: points | result_WLT: l | qualification_mark:  | bib: 4"
"date: 2024-08-01t13:32:53+02:00 | stage_code: srfmshortbrd----------qfnl000300-- | event_code: srfmshortbrd | event_name: men | event_stage: men's quarterfinals - heat 3 | stage: quarterfinals - heat 3 | gender: m | discipline_name: surfing | discipline_code: srf | venue: teahupo'o, tahiti | participant_code: 1955778 | participant_name: medina gabriel | participant_type: person | participant_country_code: bra | participant_country: brazil | rank: 1.0 | result: 14.77 | result_type: points | result_WLT: w | qualification_mark:  | bib: 1"
"date: 2024-08-01t13:32:53+02:00 | stage_code: srfmshortbrd----------qfnl000300-- | event_code: srfmshortbrd | event_name: men | event_stage: men's quarterfinals - heat 3 | stage: quarterfinals - heat 3 | gender: m | discipline_name: surfing | discipline_code: srf | venue: teahupo'o, tahiti | participant_code: 1955780 | participant_name: chianca joao | participant_type: person | participant_country_code: bra | participant_country: brazil | rank: 2.0 | result: 9.33 | result_type: points | result_WLT: l | qualification_mark:  | bib: 23"
"date: 2024-08-01t14:08:58+02:00 | stage_code: srfmshortbrd----------qfnl000400-- | event_code: srfmshortbrd | event_name: men | event_stage: men's quarterfinals - heat 4 | stage: quarterfinals - heat 4 | gender: m | discipline_name: surfing | discipline_code: srf | venue: teahupo'o, tahiti | participant_code: 1946129 | participant_name: robinson jack | participant_type: person | participant_country_code: aus | participant_country: australia | rank: 1.0 | result: 15.33 | result_type: points | result_WLT: w | qualification_mark:  | bib: 13"
"date: 2024-08-01t14:08:58+02:00 | stage_code: srfmshortbrd----------qfnl000400-- | event_code: srfmshortbrd | event_name: men | event_stage: men's quarterfinals - heat 4 | stage: quarterfinals - heat 4 | gender: m | discipline_name: surfing | discipline_code: srf | venue: teahupo'o, tahiti | participant_code: 1946128 | participant_name: ewing ethan | participant_type: person | participant_country_code: aus | participant_country: australia | rank: 2.0 | result: 13.0 | result_type: points | result_WLT: l | qualification_mark:  | bib: 8"
"date: 2024-08-05t11:03:37+02:00 | stage_code: srfmshortbrd----------sfnl000100-- | event_code: srfmshortbrd | event_name: men | event_stage: men's semifinals - heat 1 | stage: semifinals - heat 1 | gender: m | discipline_name: surfing | discipline_code: srf | venue: teahupo'o, tahiti | participant_code: 1567361 | participant_name: vaast kauli | participant_type: person | participant_country_code: fra | participant_country: france | rank: 1.0 | result: 10.96 | result_type: points | result_WLT: w | qualification_mark:  | bib: 3"
"date: 2024-08-05t11:03:37+02:00 | stage_code: srfmshortbrd----------sfnl000100-- | event_code: srfmshortbrd | event_name: men | event_stage: men's semifinals - heat 1 | stage: semifinals - heat 1 | gender: m | discipline_name: surfing | discipline_code: srf | venue: teahupo'o, tahiti | participant_code: 1559994 | participant_name: correa alonso | participant_type: person | participant_country_code: per | participant_country: peru | rank: 2.0 | result: 9.6 | result_type: points | result_WLT: l | qualification_mark:  | bib: 5"
"date: 2024-08-05t11:40:00+02:00 | stage_code: srfmshortbrd----------sfnl000200-- | event_code: srfmshortbrd | event_name: men | event_stage: men's semifinals - heat 2 | stage: semifinals - heat 2 | gender: m | discipline_name: surfing | discipline_code: srf | venue: teahupo'o, tahiti | participant_code: 1946129 | participant_name: robinson jack | participant_type: person | participant_country_code: aus | participant_country: australia | rank: 1.0 | result: 12.33 | result_type: points | result_WLT: w | qualification_mark:  | bib: 13"
"date: 2024-08-05t11:40:00+02:00 | stage_code: srfmshortbrd----------sfnl000200-- | event_code: srfmshortbrd | event_name: men | event_stage: men's semifinals - heat 2 | stage: semifinals - heat 2 | gender: m | discipline_name: surfing | discipline_code: srf | venue: teahupo'o, tahiti | participant_code: 1955778 | participant_name: medina gabriel | participant_type: person | participant_country_code: bra | participant_country: brazil | rank: 2.0 | result: 6.33 | result_type: points | result_WLT: l | qualification_mark:  | bib: 1"
"date: 2024-08-05t13:32:34+02:00 | stage_code: srfmshortbrd----------fnl-000200-- | event_code: srfmshortbrd | event_name: men | event_stage: men's bronze medal match | stage: bronze medal match | gender: m | discipline_name: surfing | discipline_code: srf | venue: teahupo'o, tahiti | participant_code: 1955778 | participant_name: medina gabriel | participant_type: person | participant_country_code: bra | participant_country: brazil | rank: 1.0 | result: 15.54 | result_type: points | result_WLT: w | qualification_mark:  | bib: 1"
"date: 2024-08-05t13:32:34+02:00 | stage_code: srfmshortbrd----------fnl-000200-- | event_code: srfmshortbrd | event_name: men | event_stage: men's bronze medal match | stage: bronze medal match | gender: m | discipline_name: surfing | discipline_code: srf | venue: teahupo'o, tahiti | participant_code: 1559994 | participant_name: correa alonso | participant_type: person | participant_country_code: per | participant_country: peru | rank: 2.0 | result: 12.43 | result_type: points | result_WLT: l | qualification_mark:  | bib: 5"
"date: 2024-08-05t14:55:07+02:00 | stage_code: srfmshortbrd----------fnl-000100-- | event_code: srfmshortbrd | event_name: men | event_stage: men's gold medal match | stage: gold medal match | gender: m | discipline_name: surfing | discipline_code: srf | venue: teahupo'o, tahiti | participant_code: 1567361 | participant_name: vaast kauli | participant_type: person | participant_country_code: fra | participant_country: france | rank: 1.0 | result: 17.67 | result_type: points | result_WLT: w | qualification_mark:  | bib: 3"
"date: 2024-08-05t14:55:07+02:00 | stage_code: srfmshortbrd----------fnl-000100-- | event_code: srfmshortbrd | event_name: men | event_stage: men's gold medal match | stage: gold medal match | gender: m | discipline_name: surfing | discipline_code: srf | venue: teahupo'o, tahiti | participant_code: 1946129 | participant_name: robinson jack | participant_type: person | participant_country_code: aus | participant_country: australia | rank: 2.0 | result: 7.83 | result_type: points | result_WLT: l | qualification_mark:  | bib: 13"
"date: 2024-07-27t12:22:54+02:00 | stage_code: srfwshortbrd----------prel000100-- | event_code: srfwshortbrd | event_name: women | event_stage: women's round 1 - heat 1 | stage: round 1 - heat 1 | gender: w | discipline_name: surfing | discipline_code: srf | venue: teahupo'o, tahiti | participant_code: 1943206 | participant_name: marks caroline | participant_type: person | participant_country_code: usa | participant_country: united states | rank: 1.0 | result: 17.93 | result_type: points | result_WLT:  | qualification_mark: q3 | bib: 9"
"date: 2024-07-27t12:22:54+02:00 | stage_code: srfwshortbrd----------prel000100-- | event_code: srfwshortbrd | event_name: women | event_stage: women's round 1 - heat 1 | stage: round 1 - heat 1 | gender: w | discipline_name: surfing | discipline_code: srf | venue: teahupo'o, tahiti | participant_code: 1963658 | participant_name: baum sarah | participant_type: person | participant_country_code: rsa | participant_country: south africa | rank: 2.0 | result: 8.47 | result_type: points | result_WLT:  | qualification_mark: q2 | bib: 17"
"date: 2024-07-27t12:22:54+02:00 | stage_code: srfwshortbrd----------prel000100-- | event_code: srfwshortbrd | event_name: women | event_stage: women's round 1 - heat 1 | stage: round 1 - heat 1 | gender: w | discipline_name: surfing | discipline_code: srf | venue: teahupo'o, tahiti | participant_code: 1916729 | participant_name: hopkins yolanda | participant_type: person | participant_country_code: por | participant_country: portugal | rank: 3.0 | result: 7.0 | result_type: points | result_WLT:  | qualification_mark: q2 | bib: 8"
"date: 2024-07-27t12:58:29+02:00 | stage_code: srfwshortbrd----------prel000200-- | event_code: srfwshortbrd | event_name: women | event_stage: women's round 1 - heat 2 | stage: round 1 - heat 2 | gender: w | discipline_name: surfing | discipline_code: srf | venue: teahupo'o, tahiti | participant_code: 1567360 | participant_name: fierro vahine | participant_type: person | participant_country_code: fra | participant_country: france | rank: 1.0 | result: 11.17 | result_type: points | result_WLT:  | qualification_mark: q3 | bib: 21"
"date: 2024-07-27t12:58:29+02:00 | stage_code: srfwshortbrd----------prel000200-- | event_code: srfwshortbrd | event_name: women | event_stage: women's round 1 - heat 2 | stage: round 1 - heat 2 | gender: w | discipline_name: surfing | discipline_code: srf | venue: teahupo'o, tahiti | participant_code: 1560138 | participant_name: aguirre sol | participant_type: person | participant_country_code: per | participant_country: peru | rank: 2.0 | result: 4.3 | result_type: points | result_WLT:  | qualification_mark: q2 | bib: 4"
"date: 2024-07-27t12:58:29+02:00 | stage_code: srfwshortbrd----------prel000200-- | event_code: srfwshortbrd | event_name: women | event_stage: women's round 1 - heat 2 | stage: round 1 - heat 2 | gender: w | discipline_name: surfing | discipline_code: srf | venue: teahupo'o, tahiti | participant_code: 1957832 | participant_name: gonzalez etxabarri janire | participant_type: person | participant_country_code: esp | participant_country: spain | rank: 3.0 | result: 2.43 | result_type: points | result_WLT:  | qualification_mark: q2 | bib: 13"
"date: 2024-07-27t13:38:55+02:00 | stage_code: srfwshortbrd----------prel000300-- | event_code: srfwshortbrd | event_name: women | event_stage: women's round 1 - heat 3 | stage: round 1 - heat 3 | gender: w | discipline_name: surfing | discipline_code: srf | venue: teahupo'o, tahiti | participant_code: 1946137 | participant_name: wright tyler | participant_type: person | participant_country_code: aus | participant_country: australia | rank: 1.0 | result: 7.67 | result_type: points | result_WLT:  | qualification_mark: q3 | bib: 20"
"date: 2024-07-27t13:38:55+02:00 | stage_code: srfwshortbrd----------prel000300-- | event_code: srfwshortbrd | event_name: women | event_stage: women's round 1 - heat 3 | stage: round 1 - heat 3 | gender: w | discipline_name: surfing | discipline_code: srf | venue: teahupo'o, tahiti | participant_code: 1910841 | participant_name: lelior anat | participant_type: person | participant_country_code: isr | participant_country: israel | rank: 2.0 | result: 5.43 | result_type: points | result_WLT:  | qualification_mark: q2 | bib: 5"
"date: 2024-07-27t13:38:55+02:00 | stage_code: srfwshortbrd----------prel000300-- | event_code: srfwshortbrd | event_name: women | event_stage: women's round 1 - heat 3 | stage: round 1 - heat 3 | gender: w | discipline_name: surfing | discipline_code: srf | venue: teahupo'o, tahiti | participant_code: 1934254 | participant_name: dempfle-olin sanoa | participant_type: person | participant_country_code: can | participant_country: canada | rank: 3.0 | result: 4.83 | result_type: points | result_WLT:  | qualification_mark: q2 | bib: 12"
"date: 2024-07-27t14:10:42+02:00 | stage_code: srfwshortbrd----------prel000400-- | event_code: srfwshortbrd | event_name: women | event_stage: women's round 1 - heat 4 | stage: round 1 - heat 4 | gender: w | discipline_name: surfing | discipline_code: srf | venue: teahupo'o, tahiti | participant_code: 1943208 | participant_name: simmers caitlin | participant_type: person | participant_country_code: usa | participant_country: united states | rank: 1.0 | result: 12.93 | result_type: points | result_WLT:  | qualification_mark: q3 | bib: 24"
"date: 2024-07-27t14:10:42+02:00 | stage_code: srfwshortbrd----------prel000400-- | event_code: srfwshortbrd | event_name: women | event_stage: women's round 1 - heat 4 | stage: round 1 - heat 4 | gender: w | discipline_name: surfing | discipline_code: srf | venue: teahupo'o, tahiti | participant_code: 1955783 | participant_name: weston-webb tatiana | participant_type: person | participant_country_code: bra | participant_country: brazil | rank: 2.0 | result: 10.33 | result_type: points | result_WLT:  | qualification_mark: q2 | bib: 1"
"date: 2024-07-27t14:10:42+02:00 | stage_code: srfwshortbrd----------prel000400-- | event_code: srfwshortbrd | event_name: women | event_stage: women's round 1 - heat 4 | stage: round 1 - heat 4 | gender: w | discipline_name: surfing | discipline_code: srf | venue: teahupo'o, tahiti | participant_code: 1946132 | participant_name: picklum molly | participant_type: person | participant_country_code: aus | participant_country: australia | rank: 3.0 | result: 8.44 | result_type: points | result_WLT:  | qualification_mark: q2 | bib: 16"
"date: 2024-07-27t14:48:11+02:00 | stage_code: srfwshortbrd----------prel000500-- | event_code: srfwshortbrd | event_name: women | event_stage: women's round 1 - heat 5 | stage: round 1 - heat 5 | gender: w | discipline_name: surfing | discipline_code: srf | venue: teahupo'o, tahiti | participant_code: 1557964 | participant_name: hennessy brisa | participant_type: person | participant_country_code: crc | participant_country: costa rica | rank: 1.0 | result: 15.56 | result_type: points | result_WLT:  | qualification_mark: q3 | bib: 15"
"date: 2024-07-27t14:48:11+02:00 | stage_code: srfwshortbrd----------prel000500-- | event_code: srfwshortbrd | event_name: women | event_stage: women's round 1 - heat 5 | stage: round 1 - heat 5 | gender: w | discipline_name: surfing | discipline_code: srf | venue: teahupo'o, tahiti | participant_code: 1567359 | participant_name: defay johanne | participant_type: person | participant_country_code: fra | participant_country: france | rank: 2.0 | result: 9.5 | result_type: points | result_WLT:  | qualification_mark: q2 | bib: 2"
"date: 2024-07-27t14:48:11+02:00 | stage_code: srfwshortbrd----------prel000500-- | event_code: srfwshortbrd | event_name: women | event_stage: women's round 1 - heat 5 | stage: round 1 - heat 5 | gender: w | discipline_name: surfing | discipline_code: srf | venue: teahupo'o, tahiti | participant_code: 1950037 | participant_name: resano candelaria | participant_type: person | participant_country_code: nca | participant_country: nicaragua | rank: 3.0 | result: 9.43 | result_type: points | result_WLT:  | qualification_mark: q2 | bib: 23"
"date: 2024-07-27t15:24:00+02:00 | stage_code: srfwshortbrd----------prel000600-- | event_code: srfwshortbrd | event_name: women | event_stage: women's round 1 - heat 6 | stage: round 1 - heat 6 | gender: w | discipline_name: surfing | discipline_code: srf | venue: teahupo'o, tahiti | participant_code: 1955781 | participant_name: silva luana | participant_type: person | participant_country_code: bra | participant_country: brazil | rank: 1.0 | result: 7.27 | result_type: points | result_WLT:  | qualification_mark: q3 | bib: 19"
"date: 2024-07-27t15:24:00+02:00 | stage_code: srfwshortbrd----------prel000600-- | event_code: srfwshortbrd | event_name: women | event_stage: women's round 1 - heat 6 | stage: round 1 - heat 6 | gender: w | discipline_name: surfing | discipline_code: srf | venue: teahupo'o, tahiti | participant_code: 1955782 | participant_name: hinckel taina | participant_type: person | participant_country_code: bra | participant_country: brazil | rank: 2.0 | result: 5.73 | result_type: points | result_WLT:  | qualification_mark: q2 | bib: 6"
"date: 2024-07-27t15:24:00+02:00 | stage_code: srfwshortbrd----------prel000600-- | event_code: srfwshortbrd | event_name: women | event_stage: women's round 1 - heat 6 | stage: round 1 - heat 6 | gender: w | discipline_name: surfing | discipline_code: srf | venue: teahupo'o, tahiti | participant_code: 1556614 | participant_name: kemp camilla | participant_type: person | participant_country_code: ger | participant_country: germany | rank: 3.0 | result: 2.8 | result_type: points | result_WLT:  | qualification_mark: q2 | bib: 11"
"date: 2024-07-27t15:59:07+02:00 | stage_code: srfwshortbrd----------prel000700-- | event_code: srfwshortbrd | event_name: women | event_stage: women's round 1 - heat 7 | stage: round 1 - heat 7 | gender: w | discipline_name: surfing | discipline_code: srf | venue: teahupo'o, tahiti | participant_code: 1957831 | participant_name: erostarbe nadia | participant_type: person | participant_country_code: esp | participant_country: spain | rank: 1.0 | result: 13.83 | result_type: points | result_WLT:  | qualification_mark: q3 | bib: 3"
"date: 2024-07-27t15:59:07+02:00 | stage_code: srfwshortbrd----------prel000700-- | event_code: srfwshortbrd | event_name: women | event_stage: women's round 1 - heat 7 | stage: round 1 - heat 7 | gender: w | discipline_name: surfing | discipline_code: srf | venue: teahupo'o, tahiti | participant_code: 1919017 | participant_name: vette saffi | participant_type: person | participant_country_code: nzl | participant_country: new zealand | rank: 2.0 | result: 7.5 | result_type: points | result_WLT:  | qualification_mark: q2 | bib: 22"
"date: 2024-07-27t15:59:07+02:00 | stage_code: srfwshortbrd----------prel000700-- | event_code: srfwshortbrd | event_name: women | event_stage: women's round 1 - heat 7 | stage: round 1 - heat 7 | gender: w | discipline_name: surfing | discipline_code: srf | venue: teahupo'o, tahiti | participant_code: 1901532 | participant_name: yang siqi | participant_type: person | participant_country_code: chn | participant_country: china | rank: 3.0 | result: 5.4 | result_type: points | result_WLT:  | qualification_mark: q2 | bib: 14"
"date: 2024-07-27t16:35:46+02:00 | stage_code: srfwshortbrd----------prel000800-- | event_code: srfwshortbrd | event_name: women | event_stage: women's round 1 - heat 8 | stage: round 1 - heat 8 | gender: w | discipline_name: surfing | discipline_code: srf | venue: teahupo'o, tahiti | participant_code: 1943210 | participant_name: moore carissa | participant_type: person | participant_country_code: usa | participant_country: united states | rank: 1.0 | result: 16.5 | result_type: points | result_WLT:  | qualification_mark: q3 | bib: 7"
"date: 2024-07-27t16:35:46+02:00 | stage_code: srfwshortbrd----------prel000800-- | event_code: srfwshortbrd | event_name: women | event_stage: women's round 1 - heat 8 | stage: round 1 - heat 8 | gender: w | discipline_name: surfing | discipline_code: srf | venue: teahupo'o, tahiti | participant_code: 1913496 | participant_name: matsuda shino | participant_type: person | participant_country_code: jpn | participant_country: japan | rank: 2.0 | result: 11.16 | result_type: points | result_WLT:  | qualification_mark: q2 | bib: 18"
"date: 2024-07-27t16:35:46+02:00 | stage_code: srfwshortbrd----------prel000800-- | event_code: srfwshortbrd | event_name: women | event_stage: women's round 1 - heat 8 | stage: round 1 - heat 8 | gender: w | discipline_name: surfing | discipline_code: srf | venue: teahupo'o, tahiti | participant_code: 1916728 | participant_name: bonvalot teresa | participant_type: person | participant_country_code: por | participant_country: portugal | rank: 3.0 | result: 10.34 | result_type: points | result_WLT:  | qualification_mark: q2 | bib: 10"
"date: 2024-07-28t07:33:19+02:00 | stage_code: srfwshortbrd----------rep-000100-- | event_code: srfwshortbrd | event_name: women | event_stage: women's round 2 - heat 1 | stage: round 2 - heat 1 | gender: w | discipline_name: surfing | discipline_code: srf | venue: teahupo'o, tahiti | participant_code: 1901532 | participant_name: yang siqi | participant_type: person | participant_country_code: chn | participant_country: china | rank: 1.0 | result: 8.67 | result_type: points | result_WLT: w | qualification_mark:  | bib: 14"
"date: 2024-07-28t07:33:19+02:00 | stage_code: srfwshortbrd----------rep-000100-- | event_code: srfwshortbrd | event_name: women | event_stage: women's round 2 - heat 1 | stage: round 2 - heat 1 | gender: w | discipline_name: surfing | discipline_code: srf | venue: teahupo'o, tahiti | participant_code: 1560138 | participant_name: aguirre sol | participant_type: person | participant_country_code: per | participant_country: peru | rank: 2.0 | result: 4.5 | result_type: points | result_WLT: l | qualification_mark:  | bib: 4"
"date: 2024-07-28t08:10:34+02:00 | stage_code: srfwshortbrd----------rep-000200-- | event_code: srfwshortbrd | event_name: women | event_stage: women's round 2 - heat 2 | stage: round 2 - heat 2 | gender: w | discipline_name: surfing | discipline_code: srf | venue: teahupo'o, tahiti | participant_code: 1963658 | participant_name: baum sarah | participant_type: person | participant_country_code: rsa | participant_country: south africa | rank: 1.0 | result: 10.5 | result_type: points | result_WLT: w | qualification_mark:  | bib: 17"
"date: 2024-07-28t08:10:34+02:00 | stage_code: srfwshortbrd----------rep-000200-- | event_code: srfwshortbrd | event_name: women | event_stage: women's round 2 - heat 2 | stage: round 2 - heat 2 | gender: w | discipline_name: surfing | discipline_code: srf | venue: teahupo'o, tahiti | participant_code: 1556614 | participant_name: kemp camilla | participant_type: person | participant_country_code: ger | participant_country: germany | rank: 2.0 | result: 4.94 | result_type: points | result_WLT: l | qualification_mark:  | bib: 11"
"date: 2024-07-28t08:46:12+02:00 | stage_code: srfwshortbrd----------rep-000300-- | event_code: srfwshortbrd | event_name: women | event_stage: women's round 2 - heat 3 | stage: round 2 - heat 3 | gender: w | discipline_name: surfing | discipline_code: srf | venue: teahupo'o, tahiti | participant_code: 1913496 | participant_name: matsuda shino | participant_type: person | participant_country_code: jpn | participant_country: japan | rank: 1.0 | result: 9.77 | result_type: points | result_WLT: w | qualification_mark:  | bib: 18"
"date: 2024-07-28t08:46:12+02:00 | stage_code: srfwshortbrd----------rep-000300-- | event_code: srfwshortbrd | event_name: women | event_stage: women's round 2 - heat 3 | stage: round 2 - heat 3 | gender: w | discipline_name: surfing | discipline_code: srf | venue: teahupo'o, tahiti | participant_code: 1916728 | participant_name: bonvalot teresa | participant_type: person | participant_country_code: por | participant_country: portugal | rank: 2.0 | result: 6.84 | result_type: points | result_WLT: l | qualification_mark:  | bib: 10"
"date: 2024-07-28t09:22:00+02:00 | stage_code: srfwshortbrd----------rep-000400-- | event_code: srfwshortbrd | event_name: women | event_stage: women's round 2 - heat 4 | stage: round 2 - heat 4 | gender: w | discipline_name: surfing | discipline_code: srf | venue: teahupo'o, tahiti | participant_code: 1567359 | participant_name: defay johanne | participant_type: person | participant_country_code: fra | participant_country: france | rank: 1.0 | result: 11.83 | result_type: points | result_WLT: w | qualification_mark:  | bib: 2"
"date: 2024-07-28t09:22:00+02:00 | stage_code: srfwshortbrd----------rep-000400-- | event_code: srfwshortbrd | event_name: women | event_stage: women's round 2 - heat 4 | stage: round 2 - heat 4 | gender: w | discipline_name: surfing | discipline_code: srf | venue: teahupo'o, tahiti | participant_code: 1946132 | participant_name: picklum molly | participant_type: person | participant_country_code: aus | participant_country: australia | rank: 2.0 | result: 7.43 | result_type: points | result_WLT: l | qualification_mark:  | bib: 16"
"date: 2024-07-28t09:57:16+02:00 | stage_code: srfwshortbrd----------rep-000500-- | event_code: srfwshortbrd | event_name: women | event_stage: women's round 2 - heat 5 | stage: round 2 - heat 5 | gender: w | discipline_name: surfing | discipline_code: srf | venue: teahupo'o, tahiti | participant_code: 1955783 | participant_name: weston-webb tatiana | participant_type: person | participant_country_code: bra | participant_country: brazil | rank: 1.0 | result: 9.5 | result_type: points | result_WLT: w | qualification_mark:  | bib: 1"
"date: 2024-07-28t09:57:16+02:00 | stage_code: srfwshortbrd----------rep-000500-- | event_code: srfwshortbrd | event_name: women | event_stage: women's round 2 - heat 5 | stage: round 2 - heat 5 | gender: w | discipline_name: surfing | discipline_code: srf | venue: teahupo'o, tahiti | participant_code: 1950037 | participant_name: resano candelaria | participant_type: person | participant_country_code: nca | participant_country: nicaragua | rank: 2.0 | result: 3.3 | result_type: points | result_WLT: l | qualification_mark:  | bib: 23"
"date: 2024-07-28t10:34:53+02:00 | stage_code: srfwshortbrd----------rep-000600-- | event_code: srfwshortbrd | event_name: women | event_stage: women's round 2 - heat 6 | stage: round 2 - heat 6 | gender: w | discipline_name: surfing | discipline_code: srf | venue: teahupo'o, tahiti | participant_code: 1916729 | participant_name: hopkins yolanda | participant_type: person | participant_country_code: por | participant_country: portugal | rank: 1.0 | result: 4.67 | result_type: points | result_WLT: w | qualification_mark:  | bib: 8"
"date: 2024-07-28t10:34:53+02:00 | stage_code: srfwshortbrd----------rep-000600-- | event_code: srfwshortbrd | event_name: women | event_stage: women's round 2 - heat 6 | stage: round 2 - heat 6 | gender: w | discipline_name: surfing | discipline_code: srf | venue: teahupo'o, tahiti | participant_code: 1919017 | participant_name: vette saffi | participant_type: person | participant_country_code: nzl | participant_country: new zealand | rank: 2.0 | result: 1.27 | result_type: points | result_WLT: l | qualification_mark:  | bib: 22"
"date: 2024-07-28t11:09:42+02:00 | stage_code: srfwshortbrd----------rep-000700-- | event_code: srfwshortbrd | event_name: women | event_stage: women's round 2 - heat 7 | stage: round 2 - heat 7 | gender: w | discipline_name: surfing | discipline_code: srf | venue: teahupo'o, tahiti | participant_code: 1955782 | participant_name: hinckel taina | participant_type: person | participant_country_code: bra | participant_country: brazil | rank: 1.0 | result: 7.1 | result_type: points | result_WLT: w | qualification_mark:  | bib: 6"
"date: 2024-07-28t11:09:42+02:00 | stage_code: srfwshortbrd----------rep-000700-- | event_code: srfwshortbrd | event_name: women | event_stage: women's round 2 - heat 7 | stage: round 2 - heat 7 | gender: w | discipline_name: surfing | discipline_code: srf | venue: teahupo'o, tahiti | participant_code: 1934254 | participant_name: dempfle-olin sanoa | participant_type: person | participant_country_code: can | participant_country: canada | rank: 2.0 | result: 6.3 | result_type: points | result_WLT: l | qualification_mark:  | bib: 12"
"date: 2024-07-28t11:45:45+02:00 | stage_code: srfwshortbrd----------rep-000800-- | event_code: srfwshortbrd | event_name: women | event_stage: women's round 2 - heat 8 | stage: round 2 - heat 8 | gender: w | discipline_name: surfing | discipline_code: srf | venue: teahupo'o, tahiti | participant_code: 1910841 | participant_name: lelior anat | participant_type: person | participant_country_code: isr | participant_country: israel | rank: 1.0 | result: 11.0 | result_type: points | result_WLT: w | qualification_mark:  | bib: 5"
"date: 2024-07-28t11:45:45+02:00 | stage_code: srfwshortbrd----------rep-000800-- | event_code: srfwshortbrd | event_name: women | event_stage: women's round 2 - heat 8 | stage: round 2 - heat 8 | gender: w | discipline_name: surfing | discipline_code: srf | venue: teahupo'o, tahiti | participant_code: 1957832 | participant_name: gonzalez etxabarri janire | participant_type: person | participant_country_code: esp | participant_country: spain | rank: 2.0 | result: 2.8 | result_type: points | result_WLT: l | qualification_mark:  | bib: 13"
"date: 2024-08-01t11:43:19+02:00 | stage_code: srfwshortbrd----------8fnl000100-- | event_code: srfwshortbrd | event_name: women | event_stage: women's round 3 - heat 1 | stage: round 3 - heat 1 | gender: w | discipline_name: surfing | discipline_code: srf | venue: teahupo'o, tahiti | participant_code: 1943206 | participant_name: marks caroline | participant_type: person | participant_country_code: usa | participant_country: united states | rank: 1.0 | result: 6.93 | result_type: points | result_WLT: w | qualification_mark:  | bib: 9"
"date: 2024-08-01t11:43:19+02:00 | stage_code: srfwshortbrd----------8fnl000100-- | event_code: srfwshortbrd | event_name: women | event_stage: women's round 3 - heat 1 | stage: round 3 - heat 1 | gender: w | discipline_name: surfing | discipline_code: srf | venue: teahupo'o, tahiti | participant_code: 1901532 | participant_name: yang siqi | participant_type: person | participant_country_code: chn | participant_country: china | rank: 2.0 | result: 1.63 | result_type: points | result_WLT: l | qualification_mark:  | bib: 14"
"date: 2024-08-01t11:43:35+02:00 | stage_code: srfwshortbrd----------8fnl000200-- | event_code: srfwshortbrd | event_name: women | event_stage: women's round 3 - heat 2 | stage: round 3 - heat 2 | gender: w | discipline_name: surfing | discipline_code: srf | venue: teahupo'o, tahiti | participant_code: 1946137 | participant_name: wright tyler | participant_type: person | participant_country_code: aus | participant_country: australia | rank: 1.0 | result: 11.1 | result_type: points | result_WLT: w | qualification_mark:  | bib: 20"
"date: 2024-08-01t11:43:35+02:00 | stage_code: srfwshortbrd----------8fnl000200-- | event_code: srfwshortbrd | event_name: women | event_stage: women's round 3 - heat 2 | stage: round 3 - heat 2 | gender: w | discipline_name: surfing | discipline_code: srf | venue: teahupo'o, tahiti | participant_code: 1910841 | participant_name: lelior anat | participant_type: person | participant_country_code: isr | participant_country: israel | rank: 2.0 | result: 7.74 | result_type: points | result_WLT: l | qualification_mark:  | bib: 5"
"date: 2024-08-01t11:43:36+02:00 | stage_code: srfwshortbrd----------8fnl000300-- | event_code: srfwshortbrd | event_name: women | event_stage: women's round 3 - heat 3 | stage: round 3 - heat 3 | gender: w | discipline_name: surfing | discipline_code: srf | venue: teahupo'o, tahiti | participant_code: 1567359 | participant_name: defay johanne | participant_type: person | participant_country_code: fra | participant_country: france | rank: 1.0 | result: 9.0 | result_type: points | result_WLT: w | qualification_mark:  | bib: 2"
"date: 2024-08-01t11:43:36+02:00 | stage_code: srfwshortbrd----------8fnl000300-- | event_code: srfwshortbrd | event_name: women | event_stage: women's round 3 - heat 3 | stage: round 3 - heat 3 | gender: w | discipline_name: surfing | discipline_code: srf | venue: teahupo'o, tahiti | participant_code: 1567360 | participant_name: fierro vahine | participant_type: person | participant_country_code: fra | participant_country: france | rank: 2.0 | result: 7.54 | result_type: points | result_WLT: l | qualification_mark:  | bib: 21"
"date: 2024-08-01t11:43:38+02:00 | stage_code: srfwshortbrd----------8fnl000400-- | event_code: srfwshortbrd | event_name: women | event_stage: women's round 3 - heat 4 | stage: round 3 - heat 4 | gender: w | discipline_name: surfing | discipline_code: srf | venue: teahupo'o, tahiti | participant_code: 1943210 | participant_name: moore carissa | participant_type: person | participant_country_code: usa | participant_country: united states | rank: 1.0 | result: 8.16 | result_type: points | result_WLT: w | qualification_mark:  | bib: 7"
"date: 2024-08-01t11:43:38+02:00 | stage_code: srfwshortbrd----------8fnl000400-- | event_code: srfwshortbrd | event_name: women | event_stage: women's round 3 - heat 4 | stage: round 3 - heat 4 | gender: w | discipline_name: surfing | discipline_code: srf | venue: teahupo'o, tahiti | participant_code: 1963658 | participant_name: baum sarah | participant_type: person | participant_country_code: rsa | participant_country: south africa | rank: 2.0 | result: 3.87 | result_type: points | result_WLT: l | qualification_mark:  | bib: 17"
"date: 2024-08-01t11:43:39+02:00 | stage_code: srfwshortbrd----------8fnl000500-- | event_code: srfwshortbrd | event_name: women | event_stage: women's round 3 - heat 5 | stage: round 3 - heat 5 | gender: w | discipline_name: surfing | discipline_code: srf | venue: teahupo'o, tahiti | participant_code: 1957831 | participant_name: erostarbe nadia | participant_type: person | participant_country_code: esp | participant_country: spain | rank: 1.0 | result: 8.34 | result_type: points | result_WLT: w | qualification_mark:  | bib: 3"
"date: 2024-08-01t11:43:39+02:00 | stage_code: srfwshortbrd----------8fnl000500-- | event_code: srfwshortbrd | event_name: women | event_stage: women's round 3 - heat 5 | stage: round 3 - heat 5 | gender: w | discipline_name: surfing | discipline_code: srf | venue: teahupo'o, tahiti | participant_code: 1913496 | participant_name: matsuda shino | participant_type: person | participant_country_code: jpn | participant_country: japan | rank: 2.0 | result: 5.84 | result_type: points | result_WLT: l | qualification_mark:  | bib: 18"
"date: 2024-08-01t11:43:39+02:00 | stage_code: srfwshortbrd----------8fnl000600-- | event_code: srfwshortbrd | event_name: women | event_stage: women's round 3 - heat 6 | stage: round 3 - heat 6 | gender: w | discipline_name: surfing | discipline_code: srf | venue: teahupo'o, tahiti | participant_code: 1955783 | participant_name: weston-webb tatiana | participant_type: person | participant_country_code: bra | participant_country: brazil | rank: 1.0 | result: 12.34 | result_type: points | result_WLT: w | qualification_mark:  | bib: 1"
"date: 2024-08-01t11:43:39+02:00 | stage_code: srfwshortbrd----------8fnl000600-- | event_code: srfwshortbrd | event_name: women | event_stage: women's round 3 - heat 6 | stage: round 3 - heat 6 | gender: w | discipline_name: surfing | discipline_code: srf | venue: teahupo'o, tahiti | participant_code: 1943208 | participant_name: simmers caitlin | participant_type: person | participant_country_code: usa | participant_country: united states | rank: 2.0 | result: 1.93 | result_type: points | result_WLT: l | qualification_mark:  | bib: 24"
"date: 2024-08-01t11:43:42+02:00 | stage_code: srfwshortbrd----------8fnl000700-- | event_code: srfwshortbrd | event_name: women | event_stage: women's round 3 - heat 7 | stage: round 3 - heat 7 | gender: w | discipline_name: surfing | discipline_code: srf | venue: teahupo'o, tahiti | participant_code: 1955781 | participant_name: silva luana | participant_type: person | participant_country_code: bra | participant_country: brazil | rank: 1.0 | result: 6.77 | result_type: points | result_WLT: w | qualification_mark:  | bib: 19"
"date: 2024-08-01t11:43:42+02:00 | stage_code: srfwshortbrd----------8fnl000700-- | event_code: srfwshortbrd | event_name: women | event_stage: women's round 3 - heat 7 | stage: round 3 - heat 7 | gender: w | discipline_name: surfing | discipline_code: srf | venue: teahupo'o, tahiti | participant_code: 1955782 | participant_name: hinckel taina | participant_type: person | participant_country_code: bra | participant_country: brazil | rank: 2.0 | result: 5.93 | result_type: points | result_WLT: l | qualification_mark:  | bib: 6"
"date: 2024-08-01t11:45:27+02:00 | stage_code: srfwshortbrd----------8fnl000800-- | event_code: srfwshortbrd | event_name: women | event_stage: women's round 3 - heat 8 | stage: round 3 - heat 8 | gender: w | discipline_name: surfing | discipline_code: srf | venue: teahupo'o, tahiti | participant_code: 1557964 | participant_name: hennessy brisa | participant_type: person | participant_country_code: crc | participant_country: costa rica | rank: 1.0 | result: 12.34 | result_type: points | result_WLT: w | qualification_mark:  | bib: 15"
"date: 2024-08-01t11:45:27+02:00 | stage_code: srfwshortbrd----------8fnl000800-- | event_code: srfwshortbrd | event_name: women | event_stage: women's round 3 - heat 8 | stage: round 3 - heat 8 | gender: w | discipline_name: surfing | discipline_code: srf | venue: teahupo'o, tahiti | participant_code: 1916729 | participant_name: hopkins yolanda | participant_type: person | participant_country_code: por | participant_country: portugal | rank: 2.0 | result: 9.9 | result_type: points | result_WLT: l | qualification_mark:  | bib: 8"
"date: 2024-08-01t14:45:41+02:00 | stage_code: srfwshortbrd----------qfnl000100-- | event_code: srfwshortbrd | event_name: women | event_stage: women's quarterfinals - heat 1 | stage: quarterfinals - heat 1 | gender: w | discipline_name: surfing | discipline_code: srf | venue: teahupo'o, tahiti | participant_code: 1943206 | participant_name: marks caroline | participant_type: person | participant_country_code: usa | participant_country: united states | rank: 1.0 | result: 7.77 | result_type: points | result_WLT: w | qualification_mark:  | bib: 9"
"date: 2024-08-01t14:45:41+02:00 | stage_code: srfwshortbrd----------qfnl000100-- | event_code: srfwshortbrd | event_name: women | event_stage: women's quarterfinals - heat 1 | stage: quarterfinals - heat 1 | gender: w | discipline_name: surfing | discipline_code: srf | venue: teahupo'o, tahiti | participant_code: 1946137 | participant_name: wright tyler | participant_type: person | participant_country_code: aus | participant_country: australia | rank: 2.0 | result: 5.37 | result_type: points | result_WLT: l | qualification_mark:  | bib: 20"
"date: 2024-08-01t15:22:20+02:00 | stage_code: srfwshortbrd----------qfnl000200-- | event_code: srfwshortbrd | event_name: women | event_stage: women's quarterfinals - heat 2 | stage: quarterfinals - heat 2 | gender: w | discipline_name: surfing | discipline_code: srf | venue: teahupo'o, tahiti | participant_code: 1567359 | participant_name: defay johanne | participant_type: person | participant_country_code: fra | participant_country: france | rank: 1.0 | result: 10.34 | result_type: points | result_WLT: w | qualification_mark:  | bib: 2"
"date: 2024-08-01t15:22:20+02:00 | stage_code: srfwshortbrd----------qfnl000200-- | event_code: srfwshortbrd | event_name: women | event_stage: women's quarterfinals - heat 2 | stage: quarterfinals - heat 2 | gender: w | discipline_name: surfing | discipline_code: srf | venue: teahupo'o, tahiti | participant_code: 1943210 | participant_name: moore carissa | participant_type: person | participant_country_code: usa | participant_country: united states | rank: 2.0 | result: 6.5 | result_type: points | result_WLT: l | qualification_mark:  | bib: 7"
"date: 2024-08-01t15:57:01+02:00 | stage_code: srfwshortbrd----------qfnl000300-- | event_code: srfwshortbrd | event_name: women | event_stage: women's quarterfinals - heat 3 | stage: quarterfinals - heat 3 | gender: w | discipline_name: surfing | discipline_code: srf | venue: teahupo'o, tahiti | participant_code: 1955783 | participant_name: weston-webb tatiana | participant_type: person | participant_country_code: bra | participant_country: brazil | rank: 1.0 | result: 8.1 | result_type: points | result_WLT: w | qualification_mark:  | bib: 1"
"date: 2024-08-01t15:57:01+02:00 | stage_code: srfwshortbrd----------qfnl000300-- | event_code: srfwshortbrd | event_name: women | event_stage: women's quarterfinals - heat 3 | stage: quarterfinals - heat 3 | gender: w | discipline_name: surfing | discipline_code: srf | venue: teahupo'o, tahiti | participant_code: 1957831 | participant_name: erostarbe nadia | participant_type: person | participant_country_code: esp | participant_country: spain | rank: 2.0 | result: 6.34 | result_type: points | result_WLT: l | qualification_mark:  | bib: 3"
"date: 2024-08-01t16:33:09+02:00 | stage_code: srfwshortbrd----------qfnl000400-- | event_code: srfwshortbrd | event_name: women | event_stage: women's quarterfinals - heat 4 | stage: quarterfinals - heat 4 | gender: w | discipline_name: surfing | discipline_code: srf | venue: teahupo'o, tahiti | participant_code: 1557964 | participant_name: hennessy brisa | participant_type: person | participant_country_code: crc | participant_country: costa rica | rank: 1.0 | result: 6.37 | result_type: points | result_WLT: w | qualification_mark:  | bib: 15"
"date: 2024-08-01t16:33:09+02:00 | stage_code: srfwshortbrd----------qfnl000400-- | event_code: srfwshortbrd | event_name: women | event_stage: women's quarterfinals - heat 4 | stage: quarterfinals - heat 4 | gender: w | discipline_name: surfing | discipline_code: srf | venue: teahupo'o, tahiti | participant_code: 1955781 | participant_name: silva luana | participant_type: person | participant_country_code: bra | participant_country: brazil | rank: 2.0 | result: 5.47 | result_type: points | result_WLT: l | qualification_mark:  | bib: 19"
"date: 2024-08-05t12:15:59+02:00 | stage_code: srfwshortbrd----------sfnl000100-- | event_code: srfwshortbrd | event_name: women | event_stage: women's semifinals - heat 1 | stage: semifinals - heat 1 | gender: w | discipline_name: surfing | discipline_code: srf | venue: teahupo'o, tahiti | participant_code: 1943206 | participant_name: marks caroline | participant_type: person | participant_country_code: usa | participant_country: united states | rank: 1.0 | result: 12.17 | result_type: points | result_WLT: w | qualification_mark:  | bib: 9"
"date: 2024-08-05t12:15:59+02:00 | stage_code: srfwshortbrd----------sfnl000100-- | event_code: srfwshortbrd | event_name: women | event_stage: women's semifinals - heat 1 | stage: semifinals - heat 1 | gender: w | discipline_name: surfing | discipline_code: srf | venue: teahupo'o, tahiti | participant_code: 1567359 | participant_name: defay johanne | participant_type: person | participant_country_code: fra | participant_country: france | rank: 2.0 | result: 12.17 | result_type: points | result_WLT: l | qualification_mark:  | bib: 2"
"date: 2024-08-05t12:52:05+02:00 | stage_code: srfwshortbrd----------sfnl000200-- | event_code: srfwshortbrd | event_name: women | event_stage: women's semifinals - heat 2 | stage: semifinals - heat 2 | gender: w | discipline_name: surfing | discipline_code: srf | venue: teahupo'o, tahiti | participant_code: 1955783 | participant_name: weston-webb tatiana | participant_type: person | participant_country_code: bra | participant_country: brazil | rank: 1.0 | result: 13.66 | result_type: points | result_WLT: w | qualification_mark:  | bib: 1"
"date: 2024-08-05t12:52:05+02:00 | stage_code: srfwshortbrd----------sfnl000200-- | event_code: srfwshortbrd | event_name: women | event_stage: women's semifinals - heat 2 | stage: semifinals - heat 2 | gender: w | discipline_name: surfing | discipline_code: srf | venue: teahupo'o, tahiti | participant_code: 1557964 | participant_name: hennessy brisa | participant_type: person | participant_country_code: crc | participant_country: costa rica | rank: 2.0 | result: 6.17 | result_type: points | result_WLT: l | qualification_mark:  | bib: 15"
"date: 2024-08-05t14:13:45+02:00 | stage_code: srfwshortbrd----------fnl-000200-- | event_code: srfwshortbrd | event_name: women | event_stage: women's bronze medal match | stage: bronze medal match | gender: w | discipline_name: surfing | discipline_code: srf | venue: teahupo'o, tahiti | participant_code: 1567359 | participant_name: defay johanne | participant_type: person | participant_country_code: fra | participant_country: france | rank: 1.0 | result: 12.66 | result_type: points | result_WLT: w | qualification_mark:  | bib: 2"
"date: 2024-08-05t14:13:45+02:00 | stage_code: srfwshortbrd----------fnl-000200-- | event_code: srfwshortbrd | event_name: women | event_stage: women's bronze medal match | stage: bronze medal match | gender: w | discipline_name: surfing | discipline_code: srf | venue: teahupo'o, tahiti | participant_code: 1557964 | participant_name: hennessy brisa | participant_type: person | participant_country_code: crc | participant_country: costa rica | rank: 2.0 | result: 4.93 | result_type: points | result_WLT: l | qualification_mark:  | bib: 15"
"date: 2024-08-05t15:36:33+02:00 | stage_code: srfwshortbrd----------fnl-000100-- | event_code: srfwshortbrd | event_name: women | event_stage: women's gold medal match | stage: gold medal match | gender: w | discipline_name: surfing | discipline_code: srf | venue: teahupo'o, tahiti | participant_code: 1943206 | participant_name: marks caroline | participant_type: person | participant_country_code: usa | participant_country: united states | rank: 1.0 | result: 10.5 | result_type: points | result_WLT: w | qualification_mark:  | bib: 9"
"date: 2024-08-05t15:36:33+02:00 | stage_code: srfwshortbrd----------fnl-000100-- | event_code: srfwshortbrd | event_name: women | event_stage: women's gold medal match | stage: gold medal match | gender: w | discipline_name: surfing | discipline_code: srf | venue: teahupo'o, tahiti | participant_code: 1955783 | participant_name: weston-webb tatiana | participant_type: person | participant_country_code: bra | participant_country: brazil | rank: 2.0 | result: 10.33 | result_type: points | result_WLT: l | qualification_mark:  | bib: 1"
