text
date: 2024-08-02t19:37:20+02:00 | stage_code: gtrm1tra--------------qual000001-- | event_code: gtrm1tra | event_name: men | event_stage: men's qualification | stage: qualification | gender: m | discipline_name: trampoline gymnastics | discipline_code: gtr | venue: bercy arena | participant_code: 1937347 | participant_name: litvinovich ivan | participant_type: person | participant_country_code: ain | participant_country: ain | rank: 1.0 | result: 63.42 | result_type: points | result_diff:  | qualification_mark: q | start_order: 13
date: 2024-08-02t19:37:20+02:00 | stage_code: gtrm1tra--------------qual000001-- | event_code: gtrm1tra | event_name: men | event_stage: men's qualification | stage: qualification | gender: m | discipline_name: trampoline gymnastics | discipline_code: gtr | venue: bercy arena | participant_code: 1918790 | participant_name: wang zisai | participant_type: person | participant_country_code: chn | participant_country: china | rank: 2.0 | result: 62.23 | result_type: points | result_diff: 1.19 | qualification_mark: q | start_order: 14
date: 2024-08-02t19:37:20+02:00 | stage_code: gtrm1tra--------------qual000001-- | event_code: gtrm1tra | event_name: men | event_stage: men's qualification | stage: qualification | gender: m | discipline_name: trampoline gymnastics | discipline_code: gtr | venue: bercy arena | participant_code: 1918789 | participant_name: yan langyu | participant_type: person | participant_country_code: chn | participant_country: china | rank: 3.0 | result: 62.22 | result_type: points | result_diff: 1.2 | qualification_mark: q | start_order: 15
date: 2024-08-02t19:37:20+02:00 | stage_code: gtrm1tra--------------qual000001-- | event_code: gtrm1tra | event_name: men | event_stage: men's qualification | stage: qualification | gender: m | discipline_name: trampoline gymnastics | discipline_code: gtr | venue: bercy arena | participant_code: 1891003 | participant_name: schmidt dylan | participant_type: person | participant_country_code: nzl | participant_country: new zealand | rank: 4.0 | result: 60.81 | result_type: points | result_diff: 2.61 | qualification_mark: q | start_order: 12
date: 2024-08-02t19:37:20+02:00 | stage_code: gtrm1tra--------------qual000001-- | event_code: gtrm1tra | event_name: men | event_stage: men's qualification | stage: qualification | gender: m | discipline_name: trampoline gymnastics | discipline_code: gtr | venue: bercy arena | participant_code: 1938928 | participant_name: albuquerque gabriel | participant_type: person | participant_country_code: por | participant_country: portugal | rank: 5.0 | result: 59.75 | result_type: points | result_diff: 3.67 | qualification_mark: q | start_order: 16
date: 2024-08-02t19:37:20+02:00 | stage_code: gtrm1tra--------------qual000001-- | event_code: gtrm1tra | event_name: men | event_stage: men's qualification | stage: qualification | gender: m | discipline_name: trampoline gymnastics | discipline_code: gtr | venue: bercy arena | participant_code: 1903521 | participant_name: gouzou pierre | participant_type: person | participant_country_code: fra | participant_country: france | rank: 6.0 | result: 59.1 | result_type: points | result_diff: 4.32 | qualification_mark: q | start_order: 8
date: 2024-08-02t19:37:20+02:00 | stage_code: gtrm1tra--------------qual000001-- | event_code: gtrm1tra | event_name: men | event_stage: men's qualification | stage: qualification | gender: m | discipline_name: trampoline gymnastics | discipline_code: gtr | venue: bercy arena | participant_code: 1904746 | participant_name: perzamanos zak | participant_type: person | participant_country_code: gbr | participant_country: great britain | rank: 7.0 | result: 59.03 | result_type: points | result_diff: 4.39 | qualification_mark: q | start_order: 9
date: 2024-08-02t19:37:20+02:00 | stage_code: gtrm1tra--------------qual000001-- | event_code: gtrm1tra | event_name: men | event_stage: men's qualification | stage: qualification | gender: m | discipline_name: trampoline gymnastics | discipline_code: gtr | venue: bercy arena | participant_code: 1543408 | participant_name: hernandez angel | participant_type: person | participant_country_code: col | participant_country: colombia | rank: 8.0 | result: 58.64 | result_type: points | result_diff: 4.78 | qualification_mark: q | start_order: 1
date: 2024-08-02t19:37:20+02:00 | stage_code: gtrm1tra--------------qual000001-- | event_code: gtrm1tra | event_name: men | event_stage: men's qualification | stage: qualification | gender: m | discipline_name: trampoline gymnastics | discipline_code: gtr | venue: bercy arena | participant_code: 1927552 | participant_name: mussabayev danil | participant_type: person | participant_country_code: kaz | participant_country: kazakhstan | rank: 9.0 | result: 58.07 | result_type: points | result_diff: 5.35 | qualification_mark: r1 | start_order: 3
date: 2024-08-02t19:37:20+02:00 | stage_code: gtrm1tra--------------qual000001-- | event_code: gtrm1tra | event_name: men | event_stage: men's qualification | stage: qualification | gender: m | discipline_name: trampoline gymnastics | discipline_code: gtr | venue: bercy arena | participant_code: 1959778 | participant_name: shostak aliaksei | participant_type: person | participant_country_code: usa | participant_country: united states | rank: 10.0 | result: 57.35 | result_type: points | result_diff: 6.07 | qualification_mark: r2 | start_order: 5
date: 2024-08-02t19:37:20+02:00 | stage_code: gtrm1tra--------------qual000001-- | event_code: gtrm1tra | event_name: men | event_stage: men's qualification | stage: qualification | gender: m | discipline_name: trampoline gymnastics | discipline_code: gtr | venue: bercy arena | participant_code: 1896212 | participant_name: vogel fabian | participant_type: person | participant_country_code: ger | participant_country: germany | rank: 11.0 | result: 56.89 | result_type: points | result_diff: 6.53 | qualification_mark:  | start_order: 6
date: 2024-08-02t19:37:20+02:00 | stage_code: gtrm1tra--------------qual000001-- | event_code: gtrm1tra | event_name: men | event_stage: men's qualification | stage: qualification | gender: m | discipline_name: trampoline gymnastics | discipline_code: gtr | venue: bercy arena | participant_code: 1953709 | participant_name: dutra rayan | participant_type: person | participant_country_code: bra | participant_country: brazil | rank: 12.0 | result: 56.37 | result_type: points | result_diff: 7.05 | qualification_mark:  | start_order: 7
date: 2024-08-02t19:37:20+02:00 | stage_code: gtrm1tra--------------qual000001-- | event_code: gtrm1tra | event_name: men | event_stage: men's qualification | stage: qualification | gender: m | discipline_name: trampoline gymnastics | discipline_code: gtr | venue: bercy arena | participant_code: 1968316 | participant_name: batty brock | participant_type: person | participant_country_code: aus | participant_country: australia | rank: 13.0 | result: 55.89 | result_type: points | result_diff: 7.53 | qualification_mark:  | start_order: 2
date: 2024-08-02t19:37:20+02:00 | stage_code: gtrm1tra--------------qual000001-- | event_code: gtrm1tra | event_name: men | event_stage: men's qualification | stage: qualification | gender: m | discipline_name: trampoline gymnastics | discipline_code: gtr | venue: bercy arena | participant_code: 1935820 | participant_name: vega david | participant_type: person | participant_country_code: esp | participant_country: spain | rank: 14.0 | result: 55.62 | result_type: points | result_diff: 7.8 | qualification_mark:  | start_order: 4
date: 2024-08-02t19:37:20+02:00 | stage_code: gtrm1tra--------------qual000001-- | event_code: gtrm1tra | event_name: men | event_stage: men's qualification | stage: qualification | gender: m | discipline_name: trampoline gymnastics | discipline_code: gtr | venue: bercy arena | participant_code: 1566341 | participant_name: wizani benny | participant_type: person | participant_country_code: aut | participant_country: austria | rank: 15.0 | result: 54.99 | result_type: points | result_diff: 8.43 | qualification_mark:  | start_order: 11
date: 2024-08-02t19:37:20+02:00 | stage_code: gtrm1tra--------------qual000001-- | event_code: gtrm1tra | event_name: men | event_stage: men's qualification | stage: qualification | gender: m | discipline_name: trampoline gymnastics | discipline_code: gtr | venue: bercy arena | participant_code: 1919616 | participant_name: nishioka ryusei | participant_type: person | participant_country_code: jpn | participant_country: japan | rank: 16.0 | result: 35.75 | result_type: points | result_diff: 27.67 | qualification_mark:  | start_order: 10
date: 2024-08-02t20:26:19+02:00 | stage_code: gtrm1tra--------------fnl-000001-- | event_code: gtrm1tra | event_name: men | event_stage: men's final | stage: final | gender: m | discipline_name: trampoline gymnastics | discipline_code: gtr | venue: bercy arena | participant_code: 1937347 | participant_name: litvinovich ivan | participant_type: person | participant_country_code: ain | participant_country: ain | rank: 1.0 | result: 63.09 | result_type: points | result_diff:  | qualification_mark:  | start_order: 7
date: 2024-08-02t20:26:19+02:00 | stage_code: gtrm1tra--------------fnl-000001-- | event_code: gtrm1tra | event_name: men | event_stage: men's final | stage: final | gender: m | discipline_name: trampoline gymnastics | discipline_code: gtr | venue: bercy arena | participant_code: 1918790 | participant_name: wang zisai | participant_type: person | participant_country_code: chn | participant_country: china | rank: 2.0 | result: 61.89 | result_type: points | result_diff: 1.2 | qualification_mark:  | start_order: 3
date: 2024-08-02t20:26:19+02:00 | stage_code: gtrm1tra--------------fnl-000001-- | event_code: gtrm1tra | event_name: men | event_stage: men's final | stage: final | gender: m | discipline_name: trampoline gymnastics | discipline_code: gtr | venue: bercy arena | participant_code: 1918789 | participant_name: yan langyu | participant_type: person | participant_country_code: chn | participant_country: china | rank: 3.0 | result: 60.95 | result_type: points | result_diff: 2.14 | qualification_mark:  | start_order: 4
date: 2024-08-02t20:26:19+02:00 | stage_code: gtrm1tra--------------fnl-000001-- | event_code: gtrm1tra | event_name: men | event_stage: men's final | stage: final | gender: m | discipline_name: trampoline gymnastics | discipline_code: gtr | venue: bercy arena | participant_code: 1904746 | participant_name: perzamanos zak | participant_type: person | participant_country_code: gbr | participant_country: great britain | rank: 4.0 | result: 59.84 | result_type: points | result_diff: 3.25 | qualification_mark:  | start_order: 1
date: 2024-08-02t20:26:19+02:00 | stage_code: gtrm1tra--------------fnl-000001-- | event_code: gtrm1tra | event_name: men | event_stage: men's final | stage: final | gender: m | discipline_name: trampoline gymnastics | discipline_code: gtr | venue: bercy arena | participant_code: 1938928 | participant_name: albuquerque gabriel | participant_type: person | participant_country_code: por | participant_country: portugal | rank: 5.0 | result: 59.74 | result_type: points | result_diff: 3.35 | qualification_mark:  | start_order: 8
date: 2024-08-02t20:26:19+02:00 | stage_code: gtrm1tra--------------fnl-000001-- | event_code: gtrm1tra | event_name: men | event_stage: men's final | stage: final | gender: m | discipline_name: trampoline gymnastics | discipline_code: gtr | venue: bercy arena | participant_code: 1903521 | participant_name: gouzou pierre | participant_type: person | participant_country_code: fra | participant_country: france | rank: 6.0 | result: 58.94 | result_type: points | result_diff: 4.15 | qualification_mark:  | start_order: 6
date: 2024-08-02t20:26:19+02:00 | stage_code: gtrm1tra--------------fnl-000001-- | event_code: gtrm1tra | event_name: men | event_stage: men's final | stage: final | gender: m | discipline_name: trampoline gymnastics | discipline_code: gtr | venue: bercy arena | participant_code: 1543408 | participant_name: hernandez angel | participant_type: person | participant_country_code: col | participant_country: colombia | rank: 7.0 | result: 53.15 | result_type: points | result_diff: 9.94 | qualification_mark:  | start_order: 2
date: 2024-08-02t20:26:19+02:00 | stage_code: gtrm1tra--------------fnl-000001-- | event_code: gtrm1tra | event_name: men | event_stage: men's final | stage: final | gender: m | discipline_name: trampoline gymnastics | discipline_code: gtr | venue: bercy arena | participant_code: 1891003 | participant_name: schmidt dylan | participant_type: person | participant_country_code: nzl | participant_country: new zealand | rank: 8.0 | result: 19.5 | result_type: points | result_diff: 43.59 | qualification_mark:  | start_order: 5
date: 2024-08-02t20:26:19+02:00 | stage_code: gtrm1tra--------------fnl-000001-- | event_code: gtrm1tra | event_name: men | event_stage: men's final | stage: final | gender: m | discipline_name: trampoline gymnastics | discipline_code: gtr | venue: bercy arena | participant_code: 1927552 | participant_name: mussabayev danil | participant_type: person | participant_country_code: kaz | participant_country: kazakhstan | rank:  | result:  | result_type: no_score | result_diff:  | qualification_mark:  | start_order: r1
date: 2024-08-02t20:26:19+02:00 | stage_code: gtrm1tra--------------fnl-000001-- | event_code: gtrm1tra | event_name: men | event_stage: men's final | stage: final | gender: m | discipline_name: trampoline gymnastics | discipline_code: gtr | venue: bercy arena | participant_code: 1959778 | participant_name: shostak aliaksei | participant_type: person | participant_country_code: usa | participant_country: united states | rank:  | result:  | result_type: no_score | result_diff:  | qualification_mark:  | start_order: r2
date: 2024-08-02t13:35:08+02:00 | stage_code: gtrw1tra--------------qual000001-- | event_code: gtrw1tra | event_name: women | event_stage: women's qualification | stage: qualification | gender: w | discipline_name: trampoline gymnastics | discipline_code: gtr | venue: bercy arena | participant_code: 1918799 | participant_name: zhu xueying | participant_type: person | participant_country_code: chn | participant_country: china | rank: 1.0 | result: 56.72 | result_type: points | result_diff:  | qualification_mark: q | start_order: 13
date: 2024-08-02t13:35:08+02:00 | stage_code: gtrw1tra--------------qual000001-- | event_code: gtrw1tra | event_name: women | event_stage: women's qualification | stage: qualification | gender: w | discipline_name: trampoline gymnastics | discipline_code: gtr | venue: bercy arena | participant_code: 1938437 | participant_name: bardzilouskaya viyaleta | participant_type: person | participant_country_code: ain | participant_country: ain | rank: 2.0 | result: 56.34 | result_type: points | result_diff: 0.38 | qualification_mark: q | start_order: 15
date: 2024-08-02t13:35:08+02:00 | stage_code: gtrw1tra--------------qual000001-- | event_code: gtrw1tra | event_name: women | event_stage: women's qualification | stage: qualification | gender: w | discipline_name: trampoline gymnastics | discipline_code: gtr | venue: bercy arena | participant_code: 1918800 | participant_name: hu yicheng | participant_type: person | participant_country_code: chn | participant_country: china | rank: 3.0 | result: 56.27 | result_type: points | result_diff: 0.45 | qualification_mark: q | start_order: 16
date: 2024-08-02t13:35:08+02:00 | stage_code: gtrw1tra--------------qual000001-- | event_code: gtrw1tra | event_name: women | event_stage: women's qualification | stage: qualification | gender: w | discipline_name: trampoline gymnastics | discipline_code: gtr | venue: bercy arena | participant_code: 1980201 | participant_name: bladtceva anzhela | participant_type: person | participant_country_code: ain | participant_country: ain | rank: 4.0 | result: 55.71 | result_type: points | result_diff: 1.01 | qualification_mark: q | start_order: 4
date: 2024-08-02t13:35:08+02:00 | stage_code: gtrw1tra--------------qual000001-- | event_code: gtrw1tra | event_name: women | event_stage: women's qualification | stage: qualification | gender: w | discipline_name: trampoline gymnastics | discipline_code: gtr | venue: bercy arena | participant_code: 1904745 | participant_name: page bryony | participant_type: person | participant_country_code: gbr | participant_country: great britain | rank: 5.0 | result: 55.62 | result_type: points | result_diff: 1.1 | qualification_mark: q | start_order: 9
date: 2024-08-02t13:35:08+02:00 | stage_code: gtrw1tra--------------qual000001-- | event_code: gtrw1tra | event_name: women | event_stage: women's qualification | stage: qualification | gender: w | discipline_name: trampoline gymnastics | discipline_code: gtr | venue: bercy arena | participant_code: 1919628 | participant_name: mori hikaru | participant_type: person | participant_country_code: jpn | participant_country: japan | rank: 6.0 | result: 55.15 | result_type: points | result_diff: 1.57 | qualification_mark: q | start_order: 7
date: 2024-08-02t13:35:08+02:00 | stage_code: gtrw1tra--------------qual000001-- | event_code: gtrw1tra | event_name: women | event_stage: women's qualification | stage: qualification | gender: w | discipline_name: trampoline gymnastics | discipline_code: gtr | venue: bercy arena | participant_code: 1891002 | participant_name: davidson madaline | participant_type: person | participant_country_code: nzl | participant_country: new zealand | rank: 7.0 | result: 54.74 | result_type: points | result_diff: 1.98 | qualification_mark: q | start_order: 1
date: 2024-08-02t13:35:08+02:00 | stage_code: gtrw1tra--------------qual000001-- | event_code: gtrw1tra | event_name: women | event_stage: women's qualification | stage: qualification | gender: w | discipline_name: trampoline gymnastics | discipline_code: gtr | venue: bercy arena | participant_code: 1973102 | participant_name: methot sophiane | participant_type: person | participant_country_code: can | participant_country: canada | rank: 8.0 | result: 54.64 | result_type: points | result_diff: 2.08 | qualification_mark: q | start_order: 11
date: 2024-08-02t13:35:08+02:00 | stage_code: gtrw1tra--------------qual000001-- | event_code: gtrw1tra | event_name: women | event_stage: women's qualification | stage: qualification | gender: w | discipline_name: trampoline gymnastics | discipline_code: gtr | venue: bercy arena | participant_code: 1935817 | participant_name: romero rosario noemi | participant_type: person | participant_country_code: esp | participant_country: spain | rank: 9.0 | result: 54.25 | result_type: points | result_diff: 2.47 | qualification_mark: r1 | start_order: 2
date: 2024-08-02t13:35:08+02:00 | stage_code: gtrw1tra--------------qual000001-- | event_code: gtrw1tra | event_name: women | event_stage: women's qualification | stage: qualification | gender: w | discipline_name: trampoline gymnastics | discipline_code: gtr | venue: bercy arena | participant_code: 1972351 | participant_name: mahsudova seljan | participant_type: person | participant_country_code: aze | participant_country: azerbaijan | rank: 10.0 | result: 53.75 | result_type: points | result_diff: 2.97 | qualification_mark: r2 | start_order: 14
date: 2024-08-02t13:35:08+02:00 | stage_code: gtrw1tra--------------qual000001-- | event_code: gtrw1tra | event_name: women | event_stage: women's qualification | stage: qualification | gender: w | discipline_name: trampoline gymnastics | discipline_code: gtr | venue: bercy arena | participant_code: 1551270 | participant_name: golovina luba | participant_type: person | participant_country_code: geo | participant_country: georgia | rank: 11.0 | result: 53.62 | result_type: points | result_diff: 3.1 | qualification_mark:  | start_order: 3
date: 2024-08-02t13:35:08+02:00 | stage_code: gtrw1tra--------------qual000001-- | event_code: gtrw1tra | event_name: women | event_stage: women's qualification | stage: qualification | gender: w | discipline_name: trampoline gymnastics | discipline_code: gtr | venue: bercy arena | participant_code: 1903523 | participant_name: labrousse lea | participant_type: person | participant_country_code: fra | participant_country: france | rank: 12.0 | result: 53.22 | result_type: points | result_diff: 3.5 | qualification_mark:  | start_order: 8
date: 2024-08-02t13:35:08+02:00 | stage_code: gtrw1tra--------------qual000001-- | event_code: gtrw1tra | event_name: women | event_stage: women's qualification | stage: qualification | gender: w | discipline_name: trampoline gymnastics | discipline_code: gtr | venue: bercy arena | participant_code: 1959822 | participant_name: stevens jessica | participant_type: person | participant_country_code: usa | participant_country: united states | rank: 13.0 | result: 53.17 | result_type: points | result_diff: 3.55 | qualification_mark:  | start_order: 12
date: 2024-08-02t13:35:08+02:00 | stage_code: gtrw1tra--------------qual000001-- | event_code: gtrw1tra | event_name: women | event_stage: women's qualification | stage: qualification | gender: w | discipline_name: trampoline gymnastics | discipline_code: gtr | venue: bercy arena | participant_code: 1904748 | participant_name: songhurst isabelle | participant_type: person | participant_country_code: gbr | participant_country: great britain | rank: 14.0 | result: 52.92 | result_type: points | result_diff: 3.8 | qualification_mark:  | start_order: 10
date: 2024-08-02t13:35:08+02:00 | stage_code: gtrw1tra--------------qual000001-- | event_code: gtrw1tra | event_name: women | event_stage: women's qualification | stage: qualification | gender: w | discipline_name: trampoline gymnastics | discipline_code: gtr | venue: bercy arena | participant_code: 1953705 | participant_name: gomes camilla | participant_type: person | participant_country_code: bra | participant_country: brazil | rank: 15.0 | result: 50.58 | result_type: points | result_diff: 6.14 | qualification_mark:  | start_order: 5
date: 2024-08-02t13:35:08+02:00 | stage_code: gtrw1tra--------------qual000001-- | event_code: gtrw1tra | event_name: women | event_stage: women's qualification | stage: qualification | gender: w | discipline_name: trampoline gymnastics | discipline_code: gtr | venue: bercy arena | participant_code: 1564349 | participant_name: hamza malak | participant_type: person | participant_country_code: egy | participant_country: egypt | rank: 16.0 | result: 9.65 | result_type: points | result_diff: 47.07 | qualification_mark:  | start_order: 6
date: 2024-08-02t14:22:42+02:00 | stage_code: gtrw1tra--------------fnl-000001-- | event_code: gtrw1tra | event_name: women | event_stage: women's final | stage: final | gender: w | discipline_name: trampoline gymnastics | discipline_code: gtr | venue: bercy arena | participant_code: 1904745 | participant_name: page bryony | participant_type: person | participant_country_code: gbr | participant_country: great britain | rank: 1.0 | result: 56.48 | result_type: points | result_diff:  | qualification_mark:  | start_order: 7
date: 2024-08-02t14:22:42+02:00 | stage_code: gtrw1tra--------------fnl-000001-- | event_code: gtrw1tra | event_name: women | event_stage: women's final | stage: final | gender: w | discipline_name: trampoline gymnastics | discipline_code: gtr | venue: bercy arena | participant_code: 1938437 | participant_name: bardzilouskaya viyaleta | participant_type: person | participant_country_code: ain | participant_country: ain | rank: 2.0 | result: 56.06 | result_type: points | result_diff: 0.42 | qualification_mark:  | start_order: 1
date: 2024-08-02t14:22:42+02:00 | stage_code: gtrw1tra--------------fnl-000001-- | event_code: gtrw1tra | event_name: women | event_stage: women's final | stage: final | gender: w | discipline_name: trampoline gymnastics | discipline_code: gtr | venue: bercy arena | participant_code: 1973102 | participant_name: methot sophiane | participant_type: person | participant_country_code: can | participant_country: canada | rank: 3.0 | result: 55.65 | result_type: points | result_diff: 0.83 | qualification_mark:  | start_order: 6
date: 2024-08-02t14:22:42+02:00 | stage_code: gtrw1tra--------------fnl-000001-- | event_code: gtrw1tra | event_name: women | event_stage: women's final | stage: final | gender: w | discipline_name: trampoline gymnastics | discipline_code: gtr | venue: bercy arena | participant_code: 1918799 | participant_name: zhu xueying | participant_type: person | participant_country_code: chn | participant_country: china | rank: 4.0 | result: 55.51 | result_type: points | result_diff: 0.97 | qualification_mark:  | start_order: 2
date: 2024-08-02t14:22:42+02:00 | stage_code: gtrw1tra--------------fnl-000001-- | event_code: gtrw1tra | event_name: women | event_stage: women's final | stage: final | gender: w | discipline_name: trampoline gymnastics | discipline_code: gtr | venue: bercy arena | participant_code: 1980201 | participant_name: bladtceva anzhela | participant_type: person | participant_country_code: ain | participant_country: ain | rank: 5.0 | result: 55.02 | result_type: points | result_diff: 1.46 | qualification_mark:  | start_order: 4
date: 2024-08-02t14:22:42+02:00 | stage_code: gtrw1tra--------------fnl-000001-- | event_code: gtrw1tra | event_name: women | event_stage: women's final | stage: final | gender: w | discipline_name: trampoline gymnastics | discipline_code: gtr | venue: bercy arena | participant_code: 1919628 | participant_name: mori hikaru | participant_type: person | participant_country_code: jpn | participant_country: japan | rank: 6.0 | result: 54.74 | result_type: points | result_diff: 1.74 | qualification_mark:  | start_order: 3
date: 2024-08-02t14:22:42+02:00 | stage_code: gtrw1tra--------------fnl-000001-- | event_code: gtrw1tra | event_name: women | event_stage: women's final | stage: final | gender: w | discipline_name: trampoline gymnastics | discipline_code: gtr | venue: bercy arena | participant_code: 1891002 | participant_name: davidson madaline | participant_type: person | participant_country_code: nzl | participant_country: new zealand | rank: 7.0 | result: 54.23 | result_type: points | result_diff: 2.25 | qualification_mark:  | start_order: 5
date: 2024-08-02t14:22:42+02:00 | stage_code: gtrw1tra--------------fnl-000001-- | event_code: gtrw1tra | event_name: women | event_stage: women's final | stage: final | gender: w | discipline_name: trampoline gymnastics | discipline_code: gtr | venue: bercy arena | participant_code: 1918800 | participant_name: hu yicheng | participant_type: person | participant_country_code: chn | participant_country: china | rank: 8.0 | result: 11.79 | result_type: points | result_diff: 44.69 | qualification_mark:  | start_order: 8
date: 2024-08-02t14:22:42+02:00 | stage_code: gtrw1tra--------------fnl-000001-- | event_code: gtrw1tra | event_name: women | event_stage: women's final | stage: final | gender: w | discipline_name: trampoline gymnastics | discipline_code: gtr | venue: bercy arena | participant_code: 1935817 | participant_name: romero rosario noemi | participant_type: person | participant_country_code: esp | participant_country: spain | rank:  | result:  | result_type: no_score | result_diff:  | qualification_mark:  | start_order: r1
date: 2024-08-02t14:22:42+02:00 | stage_code: gtrw1tra--------------fnl-000001-- | event_code: gtrw1tra | event_name: women | event_stage: women's final | stage: final | gender: w | discipline_name: trampoline gymnastics | discipline_code: gtr | venue: bercy arena | participant_code: 1972351 | participant_name: mahsudova seljan | participant_type: person | participant_country_code: aze | participant_country: azerbaijan | rank:  | result:  | result_type: no_score | result_diff:  | qualification_mark:  | start_order: r2
