text
date: 2024-07-31t12:48:33+02:00 | stage_code: trimolympic-----------fnl-000100-- | event_code: trimolympic | event_name: men's individual | event_stage: men's individual | stage: men's individual | gender: m | discipline_name: triathlon | discipline_code: tri | venue: pont alexandre iii | participant_code: 1904251 | participant_name: yee alex | participant_type: person | participant_country_code: gbr | participant_country: great britain | rank: 1.0 | result: 1:43:33 | result_type: time | result_IRM:  | result_diff:  | start_order: 27 | bib: 56
date: 2024-07-31t12:48:33+02:00 | stage_code: trimolympic-----------fnl-000100-- | event_code: trimolympic | event_name: men's individual | event_stage: men's individual | stage: men's individual | gender: m | discipline_name: triathlon | discipline_code: tri | venue: pont alexandre iii | participant_code: 1926549 | participant_name: wilde hayden | participant_type: person | participant_country_code: nzl | participant_country: new zealand | rank: 2.0 | result: 1:43:39 | result_type: time | result_IRM:  | result_diff: +0:06 | start_order: 30 | bib: 21
date: 2024-07-31t12:48:33+02:00 | stage_code: trimolympic-----------fnl-000100-- | event_code: trimolympic | event_name: men's individual | event_stage: men's individual | stage: men's individual | gender: m | discipline_name: triathlon | discipline_code: tri | venue: pont alexandre iii | participant_code: 1543967 | participant_name: bergere leo | participant_type: person | participant_country_code: fra | participant_country: france | rank: 3.0 | result: 1:43:43 | result_type: time | result_IRM:  | result_diff: +0:10 | start_order: 24 | bib: 27
date: 2024-07-31t12:48:33+02:00 | stage_code: trimolympic-----------fnl-000100-- | event_code: trimolympic | event_name: men's individual | event_stage: men's individual | stage: men's individual | gender: m | discipline_name: triathlon | discipline_code: tri | venue: pont alexandre iii | participant_code: 1543969 | participant_name: le corre pierre | participant_type: person | participant_country_code: fra | participant_country: france | rank: 4.0 | result: 1:43:51 | result_type: time | result_IRM:  | result_diff: +0:18 | start_order: 23 | bib: 29
date: 2024-07-31t12:48:33+02:00 | stage_code: trimolympic-----------fnl-000100-- | event_code: trimolympic | event_name: men's individual | event_stage: men's individual | stage: men's individual | gender: m | discipline_name: triathlon | discipline_code: tri | venue: pont alexandre iii | participant_code: 1917163 | participant_name: vilaca vasco | participant_type: person | participant_country_code: por | participant_country: portugal | rank: 5.0 | result: 1:43:56 | result_type: time | result_IRM:  | result_diff: +0:23 | start_order: 28 | bib: 48
date: 2024-07-31t12:48:33+02:00 | stage_code: trimolympic-----------fnl-000100-- | event_code: trimolympic | event_name: men's individual | event_stage: men's individual | stage: men's individual | gender: m | discipline_name: triathlon | discipline_code: tri | venue: pont alexandre iii | participant_code: 1917133 | participant_name: batista ricardo | participant_type: person | participant_country_code: por | participant_country: portugal | rank: 6.0 | result: 1:43:58 | result_type: time | result_IRM:  | result_diff: +0:25 | start_order: 36 | bib: 47
date: 2024-07-31t12:48:33+02:00 | stage_code: trimolympic-----------fnl-000100-- | event_code: trimolympic | event_name: men's individual | event_stage: men's individual | stage: men's individual | gender: m | discipline_name: triathlon | discipline_code: tri | venue: pont alexandre iii | participant_code: 1946391 | participant_name: hauser matthew | participant_type: person | participant_country_code: aus | participant_country: australia | rank: 7.0 | result: 1:44:17 | result_type: time | result_IRM:  | result_diff: +0:44 | start_order: 10 | bib: 45
date: 2024-07-31t12:48:33+02:00 | stage_code: trimolympic-----------fnl-000100-- | event_code: trimolympic | event_name: men's individual | event_stage: men's individual | stage: men's individual | gender: m | discipline_name: triathlon | discipline_code: tri | venue: pont alexandre iii | participant_code: 1938082 | participant_name: gonzalez garcia alberto | participant_type: person | participant_country_code: esp | participant_country: spain | rank: 8.0 | result: 1:44:22 | result_type: time | result_IRM:  | result_diff: +0:49 | start_order: 13 | bib: 15
date: 2024-07-31t12:48:33+02:00 | stage_code: trimolympic-----------fnl-000100-- | event_code: trimolympic | event_name: men's individual | event_stage: men's individual | stage: men's individual | gender: m | discipline_name: triathlon | discipline_code: tri | venue: pont alexandre iii | participant_code: 1935162 | participant_name: mislawchuk tyler | participant_type: person | participant_country_code: can | participant_country: canada | rank: 9.0 | result: 1:44:25 | result_type: time | result_IRM:  | result_diff: +0:52 | start_order: 34 | bib: 49
date: 2024-07-31t12:48:33+02:00 | stage_code: trimolympic-----------fnl-000100-- | event_code: trimolympic | event_name: men's individual | event_stage: men's individual | stage: men's individual | gender: m | discipline_name: triathlon | discipline_code: tri | venue: pont alexandre iii | participant_code: 1960872 | participant_name: hidalgo miguel | participant_type: person | participant_country_code: bra | participant_country: brazil | rank: 10.0 | result: 1:44:27 | result_type: time | result_IRM:  | result_diff: +0:54 | start_order: 25 | bib: 25
date: 2024-07-31t12:48:33+02:00 | stage_code: trimolympic-----------fnl-000100-- | event_code: trimolympic | event_name: men's individual | event_stage: men's individual | stage: men's individual | gender: m | discipline_name: triathlon | discipline_code: tri | venue: pont alexandre iii | participant_code: 1937030 | participant_name: lehmann csongor | participant_type: person | participant_country_code: hun | participant_country: hungary | rank: 11.0 | result: 1:44:27 | result_type: time | result_IRM:  | result_diff: +0:54 | start_order: 31 | bib: 53
date: 2024-07-31t12:48:33+02:00 | stage_code: trimolympic-----------fnl-000100-- | event_code: trimolympic | event_name: men's individual | event_stage: men's individual | stage: men's individual | gender: m | discipline_name: triathlon | discipline_code: tri | venue: pont alexandre iii | participant_code: 1878624 | participant_name: blummenfelt kristian | participant_type: person | participant_country_code: nor | participant_country: norway | rank: 12.0 | result: 1:44:27 | result_type: time | result_IRM:  | result_diff: +0:54 | start_order: 21 | bib: 43
date: 2024-07-31t12:48:33+02:00 | stage_code: trimolympic-----------fnl-000100-- | event_code: trimolympic | event_name: men's individual | event_stage: men's individual | stage: men's individual | gender: m | discipline_name: triathlon | discipline_code: tri | venue: pont alexandre iii | participant_code: 1935156 | participant_name: paquet charles | participant_type: person | participant_country_code: can | participant_country: canada | rank: 13.0 | result: 1:44:37 | result_type: time | result_IRM:  | result_diff: +1:04 | start_order: 35 | bib: 50
date: 2024-07-31t12:48:33+02:00 | stage_code: trimolympic-----------fnl-000100-- | event_code: trimolympic | event_name: men's individual | event_stage: men's individual | stage: men's individual | gender: m | discipline_name: triathlon | discipline_code: tri | venue: pont alexandre iii | participant_code: 1560544 | participant_name: pozzatti gianluca | participant_type: person | participant_country_code: ita | participant_country: italy | rank: 14.0 | result: 1:44:41 | result_type: time | result_IRM:  | result_diff: +1:08 | start_order: 39 | bib: 3
date: 2024-07-31t12:48:33+02:00 | stage_code: trimolympic-----------fnl-000100-- | event_code: trimolympic | event_name: men's individual | event_stage: men's individual | stage: men's individual | gender: m | discipline_name: triathlon | discipline_code: tri | venue: pont alexandre iii | participant_code: 1891113 | participant_name: nener kenji | participant_type: person | participant_country_code: jpn | participant_country: japan | rank: 15.0 | result: 1:45:02 | result_type: time | result_IRM:  | result_diff: +1:29 | start_order: 18 | bib: 18
date: 2024-07-31t12:48:33+02:00 | stage_code: trimolympic-----------fnl-000100-- | event_code: trimolympic | event_name: men's individual | event_stage: men's individual | stage: men's individual | gender: m | discipline_name: triathlon | discipline_code: tri | venue: pont alexandre iii | participant_code: 1936930 | participant_name: bicsak bence | participant_type: person | participant_country_code: hun | participant_country: hungary | rank: 16.0 | result: 1:45:14 | result_type: time | result_IRM:  | result_diff: +1:41 | start_order: 14 | bib: 52
date: 2024-07-31t12:48:33+02:00 | stage_code: trimolympic-----------fnl-000100-- | event_code: trimolympic | event_name: men's individual | event_stage: men's individual | stage: men's individual | gender: m | discipline_name: triathlon | discipline_code: tri | venue: pont alexandre iii | participant_code: 1878623 | participant_name: thorn vetle bergsvik | participant_type: person | participant_country_code: nor | participant_country: norway | rank: 17.0 | result: 1:45:21 | result_type: time | result_IRM:  | result_diff: +1:48 | start_order: 19 | bib: 44
date: 2024-07-31t12:48:33+02:00 | stage_code: trimolympic-----------fnl-000100-- | event_code: trimolympic | event_name: men's individual | event_stage: men's individual | stage: men's individual | gender: m | discipline_name: triathlon | discipline_code: tri | venue: pont alexandre iii | participant_code: 1558780 | participant_name: hellwig tim | participant_type: person | participant_country_code: ger | participant_country: germany | rank: 18.0 | result: 1:45:29 | result_type: time | result_IRM:  | result_diff: +1:56 | start_order: 32 | bib: 36
date: 2024-07-31t12:48:33+02:00 | stage_code: trimolympic-----------fnl-000100-- | event_code: trimolympic | event_name: men's individual | event_stage: men's individual | stage: men's individual | gender: m | discipline_name: triathlon | discipline_code: tri | venue: pont alexandre iii | participant_code: 1926547 | participant_name: mccullough dylan | participant_type: person | participant_country_code: nzl | participant_country: new zealand | rank: 19.0 | result: 1:45:35 | result_type: time | result_IRM:  | result_diff: +2:02 | start_order: 8 | bib: 20
date: 2024-07-31t12:48:33+02:00 | stage_code: trimolympic-----------fnl-000100-- | event_code: trimolympic | event_name: men's individual | event_stage: men's individual | stage: men's individual | gender: m | discipline_name: triathlon | discipline_code: tri | venue: pont alexandre iii | participant_code: 1893571 | participant_name: schoeman henri | participant_type: person | participant_country_code: rsa | participant_country: south africa | rank: 20.0 | result: 1:45:53 | result_type: time | result_IRM:  | result_diff: +2:20 | start_order: 3 | bib: 33
date: 2024-07-31t12:48:33+02:00 | stage_code: trimolympic-----------fnl-000100-- | event_code: trimolympic | event_name: men's individual | event_stage: men's individual | stage: men's individual | gender: m | discipline_name: triathlon | discipline_code: tri | venue: pont alexandre iii | participant_code: 1558775 | participant_name: luehrs lasse | participant_type: person | participant_country_code: ger | participant_country: germany | rank: 21.0 | result: 1:45:56 | result_type: time | result_IRM:  | result_diff: +2:23 | start_order: 20 | bib: 37
date: 2024-07-31t12:48:33+02:00 | stage_code: trimolympic-----------fnl-000100-- | event_code: trimolympic | event_name: men's individual | event_stage: men's individual | stage: men's individual | gender: m | discipline_name: triathlon | discipline_code: tri | venue: pont alexandre iii | participant_code: 1915398 | participant_name: van riel marten | participant_type: person | participant_country_code: bel | participant_country: belgium | rank: 22.0 | result: 1:46:11 | result_type: time | result_IRM:  | result_diff: +2:38 | start_order: 40 | bib: 12
date: 2024-07-31t12:48:33+02:00 | stage_code: trimolympic-----------fnl-000100-- | event_code: trimolympic | event_name: men's individual | event_stage: men's individual | stage: men's individual | gender: m | discipline_name: triathlon | discipline_code: tri | venue: pont alexandre iii | participant_code: 1558238 | participant_name: knabl alois | participant_type: person | participant_country_code: aut | participant_country: austria | rank: 23.0 | result: 1:46:23 | result_type: time | result_IRM:  | result_diff: +2:50 | start_order: 45 | bib: 42
date: 2024-07-31t12:48:33+02:00 | stage_code: trimolympic-----------fnl-000100-- | event_code: trimolympic | event_name: men's individual | event_stage: men's individual | stage: men's individual | gender: m | discipline_name: triathlon | discipline_code: tri | venue: pont alexandre iii | participant_code: 1558777 | participant_name: schomburg jonas | participant_type: person | participant_country_code: ger | participant_country: germany | rank: 24.0 | result: 1:46:26 | result_type: time | result_IRM:  | result_diff: +2:53 | start_order: 17 | bib: 38
date: 2024-07-31t12:48:33+02:00 | stage_code: trimolympic-----------fnl-000100-- | event_code: trimolympic | event_name: men's individual | event_stage: men's individual | stage: men's individual | gender: m | discipline_name: triathlon | discipline_code: tri | venue: pont alexandre iii | participant_code: 1893575 | participant_name: riddle jamie | participant_type: person | participant_country_code: rsa | participant_country: south africa | rank: 25.0 | result: 1:47:15 | result_type: time | result_IRM:  | result_diff: +3:42 | start_order: 47 | bib: 32
date: 2024-07-31t12:48:33+02:00 | stage_code: trimolympic-----------fnl-000100-- | event_code: trimolympic | event_name: men's individual | event_stage: men's individual | stage: men's individual | gender: m | discipline_name: triathlon | discipline_code: tri | venue: pont alexandre iii | participant_code: 1968259 | participant_name: kolkman mitch | participant_type: person | participant_country_code: ned | participant_country: netherlands | rank: 26.0 | result: 1:47:21 | result_type: time | result_IRM:  | result_diff: +3:48 | start_order: 1 | bib: 6
date: 2024-07-31t12:48:33+02:00 | stage_code: trimolympic-----------fnl-000100-- | event_code: trimolympic | event_name: men's individual | event_stage: men's individual | stage: men's individual | gender: m | discipline_name: triathlon | discipline_code: tri | venue: pont alexandre iii | participant_code: 1543966 | participant_name: coninx dorian | participant_type: person | participant_country_code: fra | participant_country: france | rank: 27.0 | result: 1:47:37 | result_type: time | result_IRM:  | result_diff: +4:04 | start_order: 22 | bib: 28
date: 2024-07-31t12:48:33+02:00 | stage_code: trimolympic-----------fnl-000100-- | event_code: trimolympic | event_name: men's individual | event_stage: men's individual | stage: men's individual | gender: m | discipline_name: triathlon | discipline_code: tri | venue: pont alexandre iii | participant_code: 1912803 | participant_name: moya diego | participant_type: person | participant_country_code: chi | participant_country: chile | rank: 28.0 | result: 1:47:47 | result_type: time | result_IRM:  | result_diff: +4:14 | start_order: 55 | bib: 34
date: 2024-07-31t12:48:33+02:00 | stage_code: trimolympic-----------fnl-000100-- | event_code: trimolympic | event_name: men's individual | event_stage: men's individual | stage: men's individual | gender: m | discipline_name: triathlon | discipline_code: tri | venue: pont alexandre iii | participant_code: 1930750 | participant_name: rider seth | participant_type: person | participant_country_code: usa | participant_country: united states | rank: 29.0 | result: 1:47:53 | result_type: time | result_IRM:  | result_diff: +4:20 | start_order: 42 | bib: 31
date: 2024-07-31t12:48:33+02:00 | stage_code: trimolympic-----------fnl-000100-- | event_code: trimolympic | event_name: men's individual | event_stage: men's individual | stage: men's individual | gender: m | discipline_name: triathlon | discipline_code: tri | venue: pont alexandre iii | participant_code: 1560546 | participant_name: crociani alessio | participant_type: person | participant_country_code: ita | participant_country: italy | rank: 30.0 | result: 1:48:19 | result_type: time | result_IRM:  | result_diff: +4:46 | start_order: 52 | bib: 2
date: 2024-07-31t12:48:33+02:00 | stage_code: trimolympic-----------fnl-000100-- | event_code: trimolympic | event_name: men's individual | event_stage: men's individual | stage: men's individual | gender: m | discipline_name: triathlon | discipline_code: tri | venue: pont alexandre iii | participant_code: 1930747 | participant_name: pearson morgan | participant_type: person | participant_country_code: usa | participant_country: united states | rank: 31.0 | result: 1:48:26 | result_type: time | result_IRM:  | result_diff: +4:53 | start_order: 41 | bib: 30
date: 2024-07-31t12:48:33+02:00 | stage_code: trimolympic-----------fnl-000100-- | event_code: trimolympic | event_name: men's individual | event_stage: men's individual | stage: men's individual | gender: m | discipline_name: triathlon | discipline_code: tri | venue: pont alexandre iii | participant_code: 1938089 | participant_name: serrat seoane antonio | participant_type: person | participant_country_code: esp | participant_country: spain | rank: 32.0 | result: 1:48:42 | result_type: time | result_IRM:  | result_diff: +5:09 | start_order: 33 | bib: 17
date: 2024-07-31t12:48:33+02:00 | stage_code: trimolympic-----------fnl-000100-- | event_code: trimolympic | event_name: men's individual | event_stage: men's individual | stage: men's individual | gender: m | discipline_name: triathlon | discipline_code: tri | venue: pont alexandre iii | participant_code: 1558237 | participant_name: kaindl tjebbe | participant_type: person | participant_country_code: aut | participant_country: austria | rank: 33.0 | result: 1:49:01 | result_type: time | result_IRM:  | result_diff: +5:28 | start_order: 48 | bib: 41
date: 2024-07-31t12:48:33+02:00 | stage_code: trimolympic-----------fnl-000100-- | event_code: trimolympic | event_name: men's individual | event_stage: men's individual | stage: men's individual | gender: m | discipline_name: triathlon | discipline_code: tri | venue: pont alexandre iii | participant_code: 1564059 | participant_name: wright matthew | participant_type: person | participant_country_code: bar | participant_country: barbados | rank: 34.0 | result: 1:49:18 | result_type: time | result_IRM:  | result_diff: +5:45 | start_order: 50 | bib: 4
date: 2024-07-31t12:48:33+02:00 | stage_code: trimolympic-----------fnl-000100-- | event_code: trimolympic | event_name: men's individual | event_stage: men's individual | stage: men's individual | gender: m | discipline_name: triathlon | discipline_code: tri | venue: pont alexandre iii | participant_code: 1892313 | participant_name: holm emil | participant_type: person | participant_country_code: den | participant_country: denmark | rank: 35.0 | result: 1:49:21 | result_type: time | result_IRM:  | result_diff: +5:48 | start_order: 54 | bib: 40
date: 2024-07-31t12:48:33+02:00 | stage_code: trimolympic-----------fnl-000100-- | event_code: trimolympic | event_name: men's individual | event_stage: men's individual | stage: men's individual | gender: m | discipline_name: triathlon | discipline_code: tri | venue: pont alexandre iii | participant_code: 1938087 | participant_name: sanchez mantecon roberto | participant_type: person | participant_country_code: esp | participant_country: spain | rank: 36.0 | result: 1:49:29 | result_type: time | result_IRM:  | result_diff: +5:56 | start_order: 15 | bib: 16
date: 2024-07-31t12:48:33+02:00 | stage_code: trimolympic-----------fnl-000100-- | event_code: trimolympic | event_name: men's individual | event_stage: men's individual | stage: men's individual | gender: m | discipline_name: triathlon | discipline_code: tri | venue: pont alexandre iii | participant_code: 1897251 | participant_name: sagiv shachar | participant_type: person | participant_country_code: isr | participant_country: israel | rank: 37.0 | result: 1:49:32 | result_type: time | result_IRM:  | result_diff: +5:59 | start_order: 44 | bib: 5
date: 2024-07-31t12:48:33+02:00 | stage_code: trimolympic-----------fnl-000100-- | event_code: trimolympic | event_name: men's individual | event_stage: men's individual | stage: men's individual | gender: m | discipline_name: triathlon | discipline_code: tri | venue: pont alexandre iii | participant_code: 1912814 | participant_name: riveros gaspar | participant_type: person | participant_country_code: chi | participant_country: chile | rank: 38.0 | result: 1:49:48 | result_type: time | result_IRM:  | result_diff: +6:15 | start_order: 53 | bib: 35
date: 2024-07-31t12:48:33+02:00 | stage_code: trimolympic-----------fnl-000100-- | event_code: trimolympic | event_name: men's individual | event_stage: men's individual | stage: men's individual | gender: m | discipline_name: triathlon | discipline_code: tri | venue: pont alexandre iii | participant_code: 1533190 | participant_name: grajales crisanto | participant_type: person | participant_country_code: mex | participant_country: mexico | rank: 39.0 | result: 1:50:02 | result_type: time | result_IRM:  | result_diff: +6:29 | start_order: 4 | bib: 8
date: 2024-07-31t12:48:33+02:00 | stage_code: trimolympic-----------fnl-000100-- | event_code: trimolympic | event_name: men's individual | event_stage: men's individual | stage: men's individual | gender: m | discipline_name: triathlon | discipline_code: tri | venue: pont alexandre iii | participant_code: 1977878 | participant_name: studer max | participant_type: person | participant_country_code: sui | participant_country: switzerland | rank: 40.0 | result: 1:50:07 | result_type: time | result_IRM:  | result_diff: +6:34 | start_order: 43 | bib: 23
date: 2024-07-31t12:48:33+02:00 | stage_code: trimolympic-----------fnl-000100-- | event_code: trimolympic | event_name: men's individual | event_stage: men's individual | stage: men's individual | gender: m | discipline_name: triathlon | discipline_code: tri | venue: pont alexandre iii | participant_code: 1891129 | participant_name: odakura makoto | participant_type: person | participant_country_code: jpn | participant_country: japan | rank: 41.0 | result: 1:50:15 | result_type: time | result_IRM:  | result_diff: +6:42 | start_order: 38 | bib: 19
date: 2024-07-31t12:48:33+02:00 | stage_code: trimolympic-----------fnl-000100-- | event_code: trimolympic | event_name: men's individual | event_stage: men's individual | stage: men's individual | gender: m | discipline_name: triathlon | discipline_code: tri | venue: pont alexandre iii | participant_code: 1903287 | participant_name: geens jelle | participant_type: person | participant_country_code: bel | participant_country: belgium | rank: 42.0 | result: 1:50:35 | result_type: time | result_IRM:  | result_diff: +7:02 | start_order: 26 | bib: 11
date: 2024-07-31t12:48:33+02:00 | stage_code: trimolympic-----------fnl-000100-- | event_code: trimolympic | event_name: men's individual | event_stage: men's individual | stage: men's individual | gender: m | discipline_name: triathlon | discipline_code: tri | venue: pont alexandre iii | participant_code: 1928842 | participant_name: pevtsov rostislav | participant_type: person | participant_country_code: aze | participant_country: azerbaijan | rank: 43.0 | result: 1:50:36 | result_type: time | result_IRM:  | result_diff: +7:03 | start_order: 7 | bib: 1
date: 2024-07-31t12:48:33+02:00 | stage_code: trimolympic-----------fnl-000100-- | event_code: trimolympic | event_name: men's individual | event_stage: men's individual | stage: men's individual | gender: m | discipline_name: triathlon | discipline_code: tri | venue: pont alexandre iii | participant_code: 1968258 | participant_name: murray richard | participant_type: person | participant_country_code: ned | participant_country: netherlands | rank: 44.0 | result: 1:50:55 | result_type: time | result_IRM:  | result_diff: +7:22 | start_order: 11 | bib: 7
date: 2024-07-31t12:48:33+02:00 | stage_code: trimolympic-----------fnl-000100-- | event_code: trimolympic | event_name: men's individual | event_stage: men's individual | stage: men's individual | gender: m | discipline_name: triathlon | discipline_code: tri | venue: pont alexandre iii | participant_code: 1960871 | participant_name: messias manoel | participant_type: person | participant_country_code: bra | participant_country: brazil | rank: 45.0 | result: 1:51:00 | result_type: time | result_IRM:  | result_diff: +7:27 | start_order: 29 | bib: 26
date: 2024-07-31t12:48:33+02:00 | stage_code: trimolympic-----------fnl-000100-- | event_code: trimolympic | event_name: men's individual | event_stage: men's individual | stage: men's individual | gender: m | discipline_name: triathlon | discipline_code: tri | venue: pont alexandre iii | participant_code: 1946390 | participant_name: willian luke | participant_type: person | participant_country_code: aus | participant_country: australia | rank: 46.0 | result: 1:51:13 | result_type: time | result_IRM:  | result_diff: +7:40 | start_order: 16 | bib: 46
date: 2024-07-31t12:48:33+02:00 | stage_code: trimolympic-----------fnl-000100-- | event_code: trimolympic | event_name: men's individual | event_stage: men's individual | stage: men's individual | gender: m | discipline_name: triathlon | discipline_code: tri | venue: pont alexandre iii | participant_code: 1535442 | participant_name: penaflor moysen aram michell | participant_type: person | participant_country_code: mex | participant_country: mexico | rank: 47.0 | result: 1:51:46 | result_type: time | result_IRM:  | result_diff: +8:13 | start_order: 9 | bib: 9
date: 2024-07-31t12:48:33+02:00 | stage_code: trimolympic-----------fnl-000100-- | event_code: trimolympic | event_name: men's individual | event_stage: men's individual | stage: men's individual | gender: m | discipline_name: triathlon | discipline_code: tri | venue: pont alexandre iii | participant_code: 1540226 | participant_name: smith tyler | participant_type: person | participant_country_code: ber | participant_country: bermuda | rank: 48.0 | result: 1:51:59 | result_type: time | result_IRM:  | result_diff: +8:26 | start_order: 51 | bib: 14
date: 2024-07-31t12:48:33+02:00 | stage_code: trimolympic-----------fnl-000100-- | event_code: trimolympic | event_name: men's individual | event_stage: men's individual | stage: men's individual | gender: m | discipline_name: triathlon | discipline_code: tri | venue: pont alexandre iii | participant_code: 1976460 | participant_name: briffod adrien | participant_type: person | participant_country_code: sui | participant_country: switzerland | rank: 49.0 | result: 1:52:21 | result_type: time | result_IRM:  | result_diff: +8:48 | start_order: 37 | bib: 22
date: 2024-07-31t12:48:33+02:00 | stage_code: trimolympic-----------fnl-000100-- | event_code: trimolympic | event_name: men's individual | event_stage: men's individual | stage: men's individual | gender: m | discipline_name: triathlon | discipline_code: tri | venue: pont alexandre iii | participant_code: 1542354 | participant_name: duchampt felix | participant_type: person | participant_country_code: rou | participant_country: romania | rank: 50.0 | result: 1:56:00 | result_type: time | result_IRM:  | result_diff: +12:27 | start_order: 6 | bib: 54
date: 2024-07-31t12:48:33+02:00 | stage_code: trimolympic-----------fnl-000100-- | event_code: trimolympic | event_name: men's individual | event_stage: men's individual | stage: men's individual | gender: m | discipline_name: triathlon | discipline_code: tri | venue: pont alexandre iii | participant_code: 1904232 | participant_name: dickinson samuel | participant_type: person | participant_country_code: gbr | participant_country: great britain | rank:  | result:  | result_type: irm | result_IRM: dnf | result_diff:  | start_order: 46 | bib: 55
date: 2024-07-31t12:48:33+02:00 | stage_code: trimolympic-----------fnl-000100-- | event_code: trimolympic | event_name: men's individual | event_stage: men's individual | stage: men's individual | gender: m | discipline_name: triathlon | discipline_code: tri | venue: pont alexandre iii | participant_code: 1549041 | participant_name: abdelmoula jawad | participant_type: person | participant_country_code: mar | participant_country: morocco | rank:  | result:  | result_type: irm | result_IRM: lap | result_diff:  | start_order: 12 | bib: 24
"date: 2024-07-31t12:48:33+02:00 | stage_code: trimolympic-----------fnl-000100-- | event_code: trimolympic | event_name: men's individual | event_stage: men's individual | stage: men's individual | gender: m | discipline_name: triathlon | discipline_code: tri | venue: pont alexandre iii | participant_code: 1957875 | participant_name: ng jason tai long | participant_type: person | participant_country_code: hkg | participant_country: hong kong, china | rank:  | result:  | result_type: irm | result_IRM: dnf | result_diff:  | start_order: 49 | bib: 39"
date: 2024-07-31t12:48:33+02:00 | stage_code: trimolympic-----------fnl-000100-- | event_code: trimolympic | event_name: men's individual | event_stage: men's individual | stage: men's individual | gender: m | discipline_name: triathlon | discipline_code: tri | venue: pont alexandre iii | participant_code: 1909156 | participant_name: l'entete jean gael laurent | participant_type: person | participant_country_code: mri | participant_country: mauritius | rank:  | result:  | result_type: irm | result_IRM: lap | result_diff:  | start_order: 5 | bib: 10
date: 2024-07-31t12:48:33+02:00 | stage_code: trimolympic-----------fnl-000100-- | event_code: trimolympic | event_name: men's individual | event_stage: men's individual | stage: men's individual | gender: m | discipline_name: triathlon | discipline_code: tri | venue: pont alexandre iii | participant_code: 1898936 | participant_name: adjavon eloi | participant_type: person | participant_country_code: tog | participant_country: togo | rank:  | result:  | result_type: irm | result_IRM: lap | result_diff:  | start_order: 2 | bib: 51
date: 2024-08-05t09:40:52+02:00 | stage_code: trixteam4-------------fnl-000100-- | event_code: trixteam4 | event_name: mixed relay | event_stage: mixed relay | stage: mixed relay | gender: x | discipline_name: triathlon | discipline_code: tri | venue: pont alexandre iii | participant_code: trixteam4---ger01 | participant_name: germany | participant_type: team | participant_country_code: ger | participant_country: germany | rank: 1.0 | result: 1:25:39 | result_type: time | result_IRM:  | result_diff:  | start_order: 14 | bib: 2
date: 2024-08-05t09:40:52+02:00 | stage_code: trixteam4-------------fnl-000100-- | event_code: trixteam4 | event_name: mixed relay | event_stage: mixed relay | stage: mixed relay | gender: x | discipline_name: triathlon | discipline_code: tri | venue: pont alexandre iii | participant_code: trixteam4---usa01 | participant_name: united states of america | participant_type: team | participant_country_code: usa | participant_country: united states | rank: 2.0 | result: 1:25:40 | result_type: time | result_IRM:  | result_diff: +0:01 | start_order: 11 | bib: 7
date: 2024-08-05t09:40:52+02:00 | stage_code: trixteam4-------------fnl-000100-- | event_code: trixteam4 | event_name: mixed relay | event_stage: mixed relay | stage: mixed relay | gender: x | discipline_name: triathlon | discipline_code: tri | venue: pont alexandre iii | participant_code: trixteam4---gbr01 | participant_name: great britain | participant_type: team | participant_country_code: gbr | participant_country: great britain | rank: 3.0 | result: 1:25:40 | result_type: time | result_IRM:  | result_diff: +0:01 | start_order: 16 | bib: 1
date: 2024-08-05t09:40:52+02:00 | stage_code: trixteam4-------------fnl-000100-- | event_code: trixteam4 | event_name: mixed relay | event_stage: mixed relay | stage: mixed relay | gender: x | discipline_name: triathlon | discipline_code: tri | venue: pont alexandre iii | participant_code: trixteam4---fra01 | participant_name: france | participant_type: team | participant_country_code: fra | participant_country: france | rank: 4.0 | result: 1:26:47 | result_type: time | result_IRM:  | result_diff: +1:08 | start_order: 15 | bib: 3
date: 2024-08-05t09:40:52+02:00 | stage_code: trixteam4-------------fnl-000100-- | event_code: trixteam4 | event_name: mixed relay | event_stage: mixed relay | stage: mixed relay | gender: x | discipline_name: triathlon | discipline_code: tri | venue: pont alexandre iii | participant_code: trixteam4---por01 | participant_name: portugal | participant_type: team | participant_country_code: por | participant_country: portugal | rank: 5.0 | result: 1:27:08 | result_type: time | result_IRM:  | result_diff: +1:29 | start_order: 9 | bib: 9
date: 2024-08-05t09:40:52+02:00 | stage_code: trixteam4-------------fnl-000100-- | event_code: trixteam4 | event_name: mixed relay | event_stage: mixed relay | stage: mixed relay | gender: x | discipline_name: triathlon | discipline_code: tri | venue: pont alexandre iii | participant_code: trixteam4---ita01 | participant_name: italy | participant_type: team | participant_country_code: ita | participant_country: italy | rank: 6.0 | result: 1:27:11 | result_type: time | result_IRM:  | result_diff: +1:32 | start_order: 10 | bib: 8
date: 2024-08-05t09:40:52+02:00 | stage_code: trixteam4-------------fnl-000100-- | event_code: trixteam4 | event_name: mixed relay | event_stage: mixed relay | stage: mixed relay | gender: x | discipline_name: triathlon | discipline_code: tri | venue: pont alexandre iii | participant_code: trixteam4---sui01 | participant_name: switzerland | participant_type: team | participant_country_code: sui | participant_country: switzerland | rank: 7.0 | result: 1:27:16 | result_type: time | result_IRM:  | result_diff: +1:37 | start_order: 12 | bib: 6
date: 2024-08-05t09:40:52+02:00 | stage_code: trixteam4-------------fnl-000100-- | event_code: trixteam4 | event_name: mixed relay | event_stage: mixed relay | stage: mixed relay | gender: x | discipline_name: triathlon | discipline_code: tri | venue: pont alexandre iii | participant_code: trixteam4---bra01 | participant_name: brazil | participant_type: team | participant_country_code: bra | participant_country: brazil | rank: 8.0 | result: 1:27:23 | result_type: time | result_IRM:  | result_diff: +1:44 | start_order: 4 | bib: 14
date: 2024-08-05t09:40:52+02:00 | stage_code: trixteam4-------------fnl-000100-- | event_code: trixteam4 | event_name: mixed relay | event_stage: mixed relay | stage: mixed relay | gender: x | discipline_name: triathlon | discipline_code: tri | venue: pont alexandre iii | participant_code: trixteam4---esp01 | participant_name: spain | participant_type: team | participant_country_code: esp | participant_country: spain | rank: 9.0 | result: 1:27:30 | result_type: time | result_IRM:  | result_diff: +1:51 | start_order: 6 | bib: 10
date: 2024-08-05t09:40:52+02:00 | stage_code: trixteam4-------------fnl-000100-- | event_code: trixteam4 | event_name: mixed relay | event_stage: mixed relay | stage: mixed relay | gender: x | discipline_name: triathlon | discipline_code: tri | venue: pont alexandre iii | participant_code: trixteam4---ned01 | participant_name: netherlands | participant_type: team | participant_country_code: ned | participant_country: netherlands | rank: 10.0 | result: 1:27:37 | result_type: time | result_IRM:  | result_diff: +1:58 | start_order: 3 | bib: 15
date: 2024-08-05t09:40:52+02:00 | stage_code: trixteam4-------------fnl-000100-- | event_code: trixteam4 | event_name: mixed relay | event_stage: mixed relay | stage: mixed relay | gender: x | discipline_name: triathlon | discipline_code: tri | venue: pont alexandre iii | participant_code: trixteam4---nor01 | participant_name: norway | participant_type: team | participant_country_code: nor | participant_country: norway | rank: 11.0 | result: 1:27:40 | result_type: time | result_IRM:  | result_diff: +2:01 | start_order: 8 | bib: 11
date: 2024-08-05t09:40:52+02:00 | stage_code: trixteam4-------------fnl-000100-- | event_code: trixteam4 | event_name: mixed relay | event_stage: mixed relay | stage: mixed relay | gender: x | discipline_name: triathlon | discipline_code: tri | venue: pont alexandre iii | participant_code: trixteam4---aus01 | participant_name: australia | participant_type: team | participant_country_code: aus | participant_country: australia | rank: 12.0 | result: 1:28:50 | result_type: time | result_IRM:  | result_diff: +3:11 | start_order: 7 | bib: 5
date: 2024-08-05t09:40:52+02:00 | stage_code: trixteam4-------------fnl-000100-- | event_code: trixteam4 | event_name: mixed relay | event_stage: mixed relay | stage: mixed relay | gender: x | discipline_name: triathlon | discipline_code: tri | venue: pont alexandre iii | participant_code: trixteam4---mex01 | participant_name: mexico | participant_type: team | participant_country_code: mex | participant_country: mexico | rank: 13.0 | result: 1:29:20 | result_type: time | result_IRM:  | result_diff: +3:41 | start_order: 2 | bib: 16
date: 2024-08-05t09:40:52+02:00 | stage_code: trixteam4-------------fnl-000100-- | event_code: trixteam4 | event_name: mixed relay | event_stage: mixed relay | stage: mixed relay | gender: x | discipline_name: triathlon | discipline_code: tri | venue: pont alexandre iii | participant_code: trixteam4---nzl01 | participant_name: new zealand | participant_type: team | participant_country_code: nzl | participant_country: new zealand | rank: 14.0 | result: 1:30:23 | result_type: time | result_IRM:  | result_diff: +4:44 | start_order: 13 | bib: 4
date: 2024-08-05t09:40:52+02:00 | stage_code: trixteam4-------------fnl-000100-- | event_code: trixteam4 | event_name: mixed relay | event_stage: mixed relay | stage: mixed relay | gender: x | discipline_name: triathlon | discipline_code: tri | venue: pont alexandre iii | participant_code: trixteam4---aut01 | participant_name: austria | participant_type: team | participant_country_code: aut | participant_country: austria | rank:  | result:  | result_type: irm | result_IRM: lap | result_diff:  | start_order: 1 | bib: 17
date: 2024-07-31t10:28:52+02:00 | stage_code: triwolympic-----------fnl-000100-- | event_code: triwolympic | event_name: women's individual | event_stage: women's individual | stage: women's individual | gender: w | discipline_name: triathlon | discipline_code: tri | venue: pont alexandre iii | participant_code: 1543963 | participant_name: beaugrand cassandre | participant_type: person | participant_country_code: fra | participant_country: france | rank: 1.0 | result: 1:54:55 | result_type: time | result_IRM:  | result_diff:  | start_order: 26 | bib: 33
date: 2024-07-31t10:28:52+02:00 | stage_code: triwolympic-----------fnl-000100-- | event_code: triwolympic | event_name: women's individual | event_stage: women's individual | stage: women's individual | gender: w | discipline_name: triathlon | discipline_code: tri | venue: pont alexandre iii | participant_code: 1976489 | participant_name: derron julie | participant_type: person | participant_country_code: sui | participant_country: switzerland | rank: 2.0 | result: 1:55:01 | result_type: time | result_IRM:  | result_diff: +0:06 | start_order: 30 | bib: 7
date: 2024-07-31t10:28:52+02:00 | stage_code: triwolympic-----------fnl-000100-- | event_code: triwolympic | event_name: women's individual | event_stage: women's individual | stage: women's individual | gender: w | discipline_name: triathlon | discipline_code: tri | venue: pont alexandre iii | participant_code: 1904244 | participant_name: potter beth | participant_type: person | participant_country_code: gbr | participant_country: great britain | rank: 3.0 | result: 1:55:10 | result_type: time | result_IRM:  | result_diff: +0:15 | start_order: 27 | bib: 25
date: 2024-07-31t10:28:52+02:00 | stage_code: triwolympic-----------fnl-000100-- | event_code: triwolympic | event_name: women's individual | event_stage: women's individual | stage: women's individual | gender: w | discipline_name: triathlon | discipline_code: tri | venue: pont alexandre iii | participant_code: 1543964 | participant_name: lombardi emma | participant_type: person | participant_country_code: fra | participant_country: france | rank: 4.0 | result: 1:55:16 | result_type: time | result_IRM:  | result_diff: +0:21 | start_order: 28 | bib: 34
date: 2024-07-31t10:28:52+02:00 | stage_code: triwolympic-----------fnl-000100-- | event_code: triwolympic | event_name: women's individual | event_stage: women's individual | stage: women's individual | gender: w | discipline_name: triathlon | discipline_code: tri | venue: pont alexandre iii | participant_code: 1538910 | participant_name: duffy flora | participant_type: person | participant_country_code: ber | participant_country: bermuda | rank: 5.0 | result: 1:56:12 | result_type: time | result_IRM:  | result_diff: +1:17 | start_order: 16 | bib: 44
date: 2024-07-31t10:28:52+02:00 | stage_code: triwolympic-----------fnl-000100-- | event_code: triwolympic | event_name: women's individual | event_stage: women's individual | stage: women's individual | gender: w | discipline_name: triathlon | discipline_code: tri | venue: pont alexandre iii | participant_code: 1904248 | participant_name: taylor-brown georgia | participant_type: person | participant_country_code: gbr | participant_country: great britain | rank: 6.0 | result: 1:56:35 | result_type: time | result_IRM:  | result_diff: +1:40 | start_order: 24 | bib: 26
date: 2024-07-31t10:28:52+02:00 | stage_code: triwolympic-----------fnl-000100-- | event_code: triwolympic | event_name: women's individual | event_stage: women's individual | stage: women's individual | gender: w | discipline_name: triathlon | discipline_code: tri | venue: pont alexandre iii | participant_code: 1968257 | participant_name: kingma maya | participant_type: person | participant_country_code: ned | participant_country: netherlands | rank: 7.0 | result: 1:56:53 | result_type: time | result_IRM:  | result_diff: +1:58 | start_order: 35 | bib: 49
date: 2024-07-31t10:28:52+02:00 | stage_code: triwolympic-----------fnl-000100-- | event_code: triwolympic | event_name: women's individual | event_stage: women's individual | stage: women's individual | gender: w | discipline_name: triathlon | discipline_code: tri | venue: pont alexandre iii | participant_code: 1558773 | participant_name: lindemann laura | participant_type: person | participant_country_code: ger | participant_country: germany | rank: 8.0 | result: 1:57:01 | result_type: time | result_IRM:  | result_diff: +2:06 | start_order: 29 | bib: 37
date: 2024-07-31t10:28:52+02:00 | stage_code: triwolympic-----------fnl-000100-- | event_code: triwolympic | event_name: women's individual | event_stage: women's individual | stage: women's individual | gender: w | discipline_name: triathlon | discipline_code: tri | venue: pont alexandre iii | participant_code: 1558784 | participant_name: tertsch lisa | participant_type: person | participant_country_code: ger | participant_country: germany | rank: 9.0 | result: 1:57:03 | result_type: time | result_IRM:  | result_diff: +2:08 | start_order: 23 | bib: 38
date: 2024-07-31t10:28:52+02:00 | stage_code: triwolympic-----------fnl-000100-- | event_code: triwolympic | event_name: women's individual | event_stage: women's individual | stage: women's individual | gender: w | discipline_name: triathlon | discipline_code: tri | venue: pont alexandre iii | participant_code: 1930752 | participant_name: spivey taylor | participant_type: person | participant_country_code: usa | participant_country: united states | rank: 10.0 | result: 1:57:11 | result_type: time | result_IRM:  | result_diff: +2:16 | start_order: 25 | bib: 11
date: 2024-07-31t10:28:52+02:00 | stage_code: triwolympic-----------fnl-000100-- | event_code: triwolympic | event_name: women's individual | event_stage: women's individual | stage: women's individual | gender: w | discipline_name: triathlon | discipline_code: tri | venue: pont alexandre iii | participant_code: 1917132 | participant_name: tome maria | participant_type: person | participant_country_code: por | participant_country: portugal | rank: 11.0 | result: 1:57:13 | result_type: time | result_IRM:  | result_diff: +2:18 | start_order: 4 | bib: 41
date: 2024-07-31t10:28:52+02:00 | stage_code: triwolympic-----------fnl-000100-- | event_code: triwolympic | event_name: women's individual | event_stage: women's individual | stage: women's individual | gender: w | discipline_name: triathlon | discipline_code: tri | venue: pont alexandre iii | participant_code: 1558782 | participant_name: eim nina | participant_type: person | participant_country_code: ger | participant_country: germany | rank: 12.0 | result: 1:57:13 | result_type: time | result_IRM:  | result_diff: +2:18 | start_order: 20 | bib: 36
date: 2024-07-31t10:28:52+02:00 | stage_code: triwolympic-----------fnl-000100-- | event_code: triwolympic | event_name: women's individual | event_stage: women's individual | stage: women's individual | gender: w | discipline_name: triathlon | discipline_code: tri | venue: pont alexandre iii | participant_code: 1894231 | participant_name: slupek roksana | participant_type: person | participant_country_code: pol | participant_country: poland | rank: 13.0 | result: 1:57:16 | result_type: time | result_IRM:  | result_diff: +2:21 | start_order: 5 | bib: 28
date: 2024-07-31t10:28:52+02:00 | stage_code: triwolympic-----------fnl-000100-- | event_code: triwolympic | event_name: women's individual | event_stage: women's individual | stage: women's individual | gender: w | discipline_name: triathlon | discipline_code: tri | venue: pont alexandre iii | participant_code: 1968256 | participant_name: klamer rachel | participant_type: person | participant_country_code: ned | participant_country: netherlands | rank: 14.0 | result: 1:57:39 | result_type: time | result_IRM:  | result_diff: +2:44 | start_order: 15 | bib: 50
date: 2024-07-31t10:28:52+02:00 | stage_code: triwolympic-----------fnl-000100-- | event_code: triwolympic | event_name: women's individual | event_stage: women's individual | stage: women's individual | gender: w | discipline_name: triathlon | discipline_code: tri | venue: pont alexandre iii | participant_code: 1904249 | participant_name: waugh kate | participant_type: person | participant_country_code: gbr | participant_country: great britain | rank: 15.0 | result: 1:57:48 | result_type: time | result_IRM:  | result_diff: +2:53 | start_order: 19 | bib: 27
date: 2024-07-31t10:28:52+02:00 | stage_code: triwolympic-----------fnl-000100-- | event_code: triwolympic | event_name: women's individual | event_stage: women's individual | stage: women's individual | gender: w | discipline_name: triathlon | discipline_code: tri | venue: pont alexandre iii | participant_code: 1560538 | participant_name: betto alice | participant_type: person | participant_country_code: ita | participant_country: italy | rank: 16.0 | result: 1:57:56 | result_type: time | result_IRM:  | result_diff: +3:01 | start_order: 42 | bib: 54
date: 2024-07-31t10:28:52+02:00 | stage_code: triwolympic-----------fnl-000100-- | event_code: triwolympic | event_name: women's individual | event_stage: women's individual | stage: women's individual | gender: w | discipline_name: triathlon | discipline_code: tri | venue: pont alexandre iii | participant_code: 1938081 | participant_name: godoy contreras anna | participant_type: person | participant_country_code: esp | participant_country: spain | rank: 17.0 | result: 1:58:13 | result_type: time | result_IRM:  | result_diff: +3:18 | start_order: 41 | bib: 43
date: 2024-07-31t10:28:52+02:00 | stage_code: triwolympic-----------fnl-000100-- | event_code: triwolympic | event_name: women's individual | event_stage: women's individual | stage: women's individual | gender: w | discipline_name: triathlon | discipline_code: tri | venue: pont alexandre iii | participant_code: 1533189 | participant_name: tapia vidal rosa maria | participant_type: person | participant_country_code: mex | participant_country: mexico | rank: 18.0 | result: 1:58:29 | result_type: time | result_IRM:  | result_diff: +3:34 | start_order: 18 | bib: 17
date: 2024-07-31t10:28:52+02:00 | stage_code: triwolympic-----------fnl-000100-- | event_code: triwolympic | event_name: women's individual | event_stage: women's individual | stage: women's individual | gender: w | discipline_name: triathlon | discipline_code: tri | venue: pont alexandre iii | participant_code: 1930739 | participant_name: knibb taylor | participant_type: person | participant_country_code: usa | participant_country: united states | rank: 19.0 | result: 1:58:37 | result_type: time | result_IRM:  | result_diff: +3:42 | start_order: 22 | bib: 10
date: 2024-07-31t10:28:52+02:00 | stage_code: triwolympic-----------fnl-000100-- | event_code: triwolympic | event_name: women's individual | event_stage: women's individual | stage: women's individual | gender: w | discipline_name: triathlon | discipline_code: tri | venue: pont alexandre iii | participant_code: 1960867 | participant_name: arnold djenyfer | participant_type: person | participant_country_code: bra | participant_country: brazil | rank: 20.0 | result: 1:58:45 | result_type: time | result_IRM:  | result_diff: +3:50 | start_order: 37 | bib: 23
date: 2024-07-31t10:28:52+02:00 | stage_code: triwolympic-----------fnl-000100-- | event_code: triwolympic | event_name: women's individual | event_stage: women's individual | stage: women's individual | gender: w | discipline_name: triathlon | discipline_code: tri | venue: pont alexandre iii | participant_code: 1946393 | participant_name: linn sophie | participant_type: person | participant_country_code: aus | participant_country: australia | rank: 21.0 | result: 1:58:52 | result_type: time | result_IRM:  | result_diff: +3:57 | start_order: 3 | bib: 14
date: 2024-07-31t10:28:52+02:00 | stage_code: triwolympic-----------fnl-000100-- | event_code: triwolympic | event_name: women's individual | event_stage: women's individual | stage: women's individual | gender: w | discipline_name: triathlon | discipline_code: tri | venue: pont alexandre iii | participant_code: 1560539 | participant_name: seregni bianca | participant_type: person | participant_country_code: ita | participant_country: italy | rank: 22.0 | result: 1:59:11 | result_type: time | result_IRM:  | result_diff: +4:16 | start_order: 1 | bib: 55
date: 2024-07-31t10:28:52+02:00 | stage_code: triwolympic-----------fnl-000100-- | event_code: triwolympic | event_name: women's individual | event_stage: women's individual | stage: women's individual | gender: w | discipline_name: triathlon | discipline_code: tri | venue: pont alexandre iii | participant_code: 1573198 | participant_name: mansson tilda | participant_type: person | participant_country_code: swe | participant_country: sweden | rank: 23.0 | result: 1:59:22 | result_type: time | result_IRM:  | result_diff: +4:27 | start_order: 9 | bib: 47
date: 2024-07-31t10:28:52+02:00 | stage_code: triwolympic-----------fnl-000100-- | event_code: triwolympic | event_name: women's individual | event_stage: women's individual | stage: women's individual | gender: w | discipline_name: triathlon | discipline_code: tri | venue: pont alexandre iii | participant_code: 1903292 | participant_name: vermeylen jolien | participant_type: person | participant_country_code: bel | participant_country: belgium | rank: 24.0 | result: 1:59:44 | result_type: time | result_IRM:  | result_diff: +4:49 | start_order: 36 | bib: 6
date: 2024-07-31t10:28:52+02:00 | stage_code: triwolympic-----------fnl-000100-- | event_code: triwolympic | event_name: women's individual | event_stage: women's individual | stage: women's individual | gender: w | discipline_name: triathlon | discipline_code: tri | venue: pont alexandre iii | participant_code: 1960873 | participant_name: lopes vittoria | participant_type: person | participant_country_code: bra | participant_country: brazil | rank: 25.0 | result: 2:00:10 | result_type: time | result_IRM:  | result_diff: +5:15 | start_order: 14 | bib: 24
date: 2024-07-31t10:28:52+02:00 | stage_code: triwolympic-----------fnl-000100-- | event_code: triwolympic | event_name: women's individual | event_stage: women's individual | stage: women's individual | gender: w | discipline_name: triathlon | discipline_code: tri | venue: pont alexandre iii | participant_code: 1936993 | participant_name: kuttor-bragmayer zsanett | participant_type: person | participant_country_code: hun | participant_country: hungary | rank: 26.0 | result: 2:00:24 | result_type: time | result_IRM:  | result_diff: +5:29 | start_order: 2 | bib: 48
date: 2024-07-31t10:28:52+02:00 | stage_code: triwolympic-----------fnl-000100-- | event_code: triwolympic | event_name: women's individual | event_stage: women's individual | stage: women's individual | gender: w | discipline_name: triathlon | discipline_code: tri | venue: pont alexandre iii | participant_code: 1543965 | participant_name: periault leonie | participant_type: person | participant_country_code: fra | participant_country: france | rank: 27.0 | result: 2:00:40 | result_type: time | result_IRM:  | result_diff: +5:45 | start_order: 33 | bib: 35
date: 2024-07-31t10:28:52+02:00 | stage_code: triwolympic-----------fnl-000100-- | event_code: triwolympic | event_name: women's individual | event_stage: women's individual | stage: women's individual | gender: w | discipline_name: triathlon | discipline_code: tri | venue: pont alexandre iii | participant_code: 1920055 | participant_name: lin xinyu | participant_type: person | participant_country_code: chn | participant_country: china | rank: 28.0 | result: 2:00:50 | result_type: time | result_IRM:  | result_diff: +5:55 | start_order: 43 | bib: 46
date: 2024-07-31t10:28:52+02:00 | stage_code: triwolympic-----------fnl-000100-- | event_code: triwolympic | event_name: women's individual | event_stage: women's individual | stage: women's individual | gender: w | discipline_name: triathlon | discipline_code: tri | venue: pont alexandre iii | participant_code: 1903712 | participant_name: kurikova petra | participant_type: person | participant_country_code: cze | participant_country: czechia | rank: 29.0 | result: 2:01:02 | result_type: time | result_IRM:  | result_diff: +6:07 | start_order: 48 | bib: 19
date: 2024-07-31t10:28:52+02:00 | stage_code: triwolympic-----------fnl-000100-- | event_code: triwolympic | event_name: women's individual | event_stage: women's individual | stage: women's individual | gender: w | discipline_name: triathlon | discipline_code: tri | venue: pont alexandre iii | participant_code: 1533188 | participant_name: rueda santos lizeth | participant_type: person | participant_country_code: mex | participant_country: mexico | rank: 30.0 | result: 2:01:18 | result_type: time | result_IRM:  | result_diff: +6:23 | start_order: 11 | bib: 16
date: 2024-07-31t10:28:52+02:00 | stage_code: triwolympic-----------fnl-000100-- | event_code: triwolympic | event_name: women's individual | event_stage: women's individual | stage: women's individual | gender: w | discipline_name: triathlon | discipline_code: tri | venue: pont alexandre iii | participant_code: 1926545 | participant_name: van der kaay nicole | participant_type: person | participant_country_code: nzl | participant_country: new zealand | rank: 31.0 | result: 2:01:33 | result_type: time | result_IRM:  | result_diff: +6:38 | start_order: 8 | bib: 53
date: 2024-07-31t10:28:52+02:00 | stage_code: triwolympic-----------fnl-000100-- | event_code: triwolympic | event_name: women's individual | event_stage: women's individual | stage: women's individual | gender: w | discipline_name: triathlon | discipline_code: tri | venue: pont alexandre iii | participant_code: 1558236 | participant_name: hauser julia | participant_type: person | participant_country_code: aut | participant_country: austria | rank: 32.0 | result: 2:01:44 | result_type: time | result_IRM:  | result_diff: +6:49 | start_order: 44 | bib: 2
date: 2024-07-31t10:28:52+02:00 | stage_code: triwolympic-----------fnl-000100-- | event_code: triwolympic | event_name: women's individual | event_stage: women's individual | stage: women's individual | gender: w | discipline_name: triathlon | discipline_code: tri | venue: pont alexandre iii | participant_code: 1938079 | participant_name: casillas garcia miriam | participant_type: person | participant_country_code: esp | participant_country: spain | rank: 33.0 | result: 2:01:46 | result_type: time | result_IRM:  | result_diff: +6:51 | start_order: 31 | bib: 42
date: 2024-07-31t10:28:52+02:00 | stage_code: triwolympic-----------fnl-000100-- | event_code: triwolympic | event_name: women's individual | event_stage: women's individual | stage: women's individual | gender: w | discipline_name: triathlon | discipline_code: tri | venue: pont alexandre iii | participant_code: 1955171 | participant_name: bravo elizabeth | participant_type: person | participant_country_code: ecu | participant_country: ecuador | rank: 34.0 | result: 2:01:49 | result_type: time | result_IRM:  | result_diff: +6:54 | start_order: 45 | bib: 1
date: 2024-07-31t10:28:52+02:00 | stage_code: triwolympic-----------fnl-000100-- | event_code: triwolympic | event_name: women's individual | event_stage: women's individual | stage: women's individual | gender: w | discipline_name: triathlon | discipline_code: tri | venue: pont alexandre iii | participant_code: 1935165 | participant_name: legault emy | participant_type: person | participant_country_code: can | participant_country: canada | rank: 35.0 | result: 2:01:54 | result_type: time | result_IRM:  | result_diff: +6:59 | start_order: 10 | bib: 21
date: 2024-07-31t10:28:52+02:00 | stage_code: triwolympic-----------fnl-000100-- | event_code: triwolympic | event_name: women's individual | event_stage: women's individual | stage: women's individual | gender: w | discipline_name: triathlon | discipline_code: tri | venue: pont alexandre iii | participant_code: 1892312 | participant_name: kjaer pedersen alberte | participant_type: person | participant_country_code: den | participant_country: denmark | rank: 36.0 | result: 2:02:02 | result_type: time | result_IRM:  | result_diff: +7:07 | start_order: 38 | bib: 51
date: 2024-07-31t10:28:52+02:00 | stage_code: triwolympic-----------fnl-000100-- | event_code: triwolympic | event_name: women's individual | event_stage: women's individual | stage: women's individual | gender: w | discipline_name: triathlon | discipline_code: tri | venue: pont alexandre iii | participant_code: 1544211 | participant_name: velasquez soto maria carolina | participant_type: person | participant_country_code: col | participant_country: colombia | rank: 37.0 | result: 2:02:13 | result_type: time | result_IRM:  | result_diff: +7:18 | start_order: 7 | bib: 4
date: 2024-07-31t10:28:52+02:00 | stage_code: triwolympic-----------fnl-000100-- | event_code: triwolympic | event_name: women's individual | event_stage: women's individual | stage: women's individual | gender: w | discipline_name: triathlon | discipline_code: tri | venue: pont alexandre iii | participant_code: 1903291 | participant_name: michel claire | participant_type: person | participant_country_code: bel | participant_country: belgium | rank: 38.0 | result: 2:02:22 | result_type: time | result_IRM:  | result_diff: +7:27 | start_order: 39 | bib: 5
date: 2024-07-31t10:28:52+02:00 | stage_code: triwolympic-----------fnl-000100-- | event_code: triwolympic | event_name: women's individual | event_stage: women's individual | stage: women's individual | gender: w | discipline_name: triathlon | discipline_code: tri | venue: pont alexandre iii | participant_code: 1560540 | participant_name: steinhauser verena | participant_type: person | participant_country_code: ita | participant_country: italy | rank: 39.0 | result: 2:02:35 | result_type: time | result_IRM:  | result_diff: +7:40 | start_order: 34 | bib: 56
date: 2024-07-31t10:28:52+02:00 | stage_code: triwolympic-----------fnl-000100-- | event_code: triwolympic | event_name: women's individual | event_stage: women's individual | stage: women's individual | gender: w | discipline_name: triathlon | discipline_code: tri | venue: pont alexandre iii | participant_code: 1891128 | participant_name: takahashi yuko | participant_type: person | participant_country_code: jpn | participant_country: japan | rank: 40.0 | result: 2:02:42 | result_type: time | result_IRM:  | result_diff: +7:47 | start_order: 32 | bib: 39
date: 2024-07-31t10:28:52+02:00 | stage_code: triwolympic-----------fnl-000100-- | event_code: triwolympic | event_name: women's individual | event_stage: women's individual | stage: women's individual | gender: w | discipline_name: triathlon | discipline_code: tri | venue: pont alexandre iii | participant_code: 1540216 | participant_name: hawley erica | participant_type: person | participant_country_code: ber | participant_country: bermuda | rank: 41.0 | result: 2:02:55 | result_type: time | result_IRM:  | result_diff: +8:00 | start_order: 49 | bib: 45
date: 2024-07-31t10:28:52+02:00 | stage_code: triwolympic-----------fnl-000100-- | event_code: triwolympic | event_name: women's individual | event_stage: women's individual | stage: women's individual | gender: w | discipline_name: triathlon | discipline_code: tri | venue: pont alexandre iii | participant_code: 1946392 | participant_name: van coevorden natalie | participant_type: person | participant_country_code: aus | participant_country: australia | rank: 42.0 | result: 2:03:01 | result_type: time | result_IRM:  | result_diff: +8:06 | start_order: 12 | bib: 15
date: 2024-07-31t10:28:52+02:00 | stage_code: triwolympic-----------fnl-000100-- | event_code: triwolympic | event_name: women's individual | event_stage: women's individual | stage: women's individual | gender: w | discipline_name: triathlon | discipline_code: tri | venue: pont alexandre iii | participant_code: 1977839 | participant_name: schar cathia | participant_type: person | participant_country_code: sui | participant_country: switzerland | rank: 43.0 | result: 2:03:28 | result_type: time | result_IRM:  | result_diff: +8:33 | start_order: 40 | bib: 8
date: 2024-07-31t10:28:52+02:00 | stage_code: triwolympic-----------fnl-000100-- | event_code: triwolympic | event_name: women's individual | event_stage: women's individual | stage: women's individual | gender: w | discipline_name: triathlon | discipline_code: tri | venue: pont alexandre iii | participant_code: 1926551 | participant_name: thorpe ainsley | participant_type: person | participant_country_code: nzl | participant_country: new zealand | rank: 44.0 | result: 2:03:48 | result_type: time | result_IRM:  | result_diff: +8:53 | start_order: 13 | bib: 52
date: 2024-07-31t10:28:52+02:00 | stage_code: triwolympic-----------fnl-000100-- | event_code: triwolympic | event_name: women's individual | event_stage: women's individual | stage: women's individual | gender: w | discipline_name: triathlon | discipline_code: tri | venue: pont alexandre iii | participant_code: 1917128 | participant_name: santos melanie | participant_type: person | participant_country_code: por | participant_country: portugal | rank: 45.0 | result: 2:03:48 | result_type: time | result_IRM:  | result_diff: +8:53 | start_order: 6 | bib: 40
date: 2024-07-31t10:28:52+02:00 | stage_code: triwolympic-----------fnl-000100-- | event_code: triwolympic | event_name: women's individual | event_stage: women's individual | stage: women's individual | gender: w | discipline_name: triathlon | discipline_code: tri | venue: pont alexandre iii | participant_code: 1893574 | participant_name: van der merwe vicky | participant_type: person | participant_country_code: rsa | participant_country: south africa | rank: 46.0 | result: 2:05:16 | result_type: time | result_IRM:  | result_diff: +10:21 | start_order: 50 | bib: 29
date: 2024-07-31t10:28:52+02:00 | stage_code: triwolympic-----------fnl-000100-- | event_code: triwolympic | event_name: women's individual | event_stage: women's individual | stage: women's individual | gender: w | discipline_name: triathlon | discipline_code: tri | venue: pont alexandre iii | participant_code: 1541062 | participant_name: biagioli romina | participant_type: person | participant_country_code: arg | participant_country: argentina | rank: 47.0 | result: 2:05:36 | result_type: time | result_IRM:  | result_diff: +10:41 | start_order: 52 | bib: 18
date: 2024-07-31t10:28:52+02:00 | stage_code: triwolympic-----------fnl-000100-- | event_code: triwolympic | event_name: women's individual | event_stage: women's individual | stage: women's individual | gender: w | discipline_name: triathlon | discipline_code: tri | venue: pont alexandre iii | participant_code: 1878622 | participant_name: lovseth solveig | participant_type: person | participant_country_code: nor | participant_country: norway | rank: 48.0 | result: 2:05:49 | result_type: time | result_IRM:  | result_diff: +10:54 | start_order: 46 | bib: 30
date: 2024-07-31t10:28:52+02:00 | stage_code: triwolympic-----------fnl-000100-- | event_code: triwolympic | event_name: women's individual | event_stage: women's individual | stage: women's individual | gender: w | discipline_name: triathlon | discipline_code: tri | venue: pont alexandre iii | participant_code: 1930741 | participant_name: kasper kirsten | participant_type: person | participant_country_code: usa | participant_country: united states | rank: 49.0 | result: 2:06:38 | result_type: time | result_IRM:  | result_diff: +11:43 | start_order: 17 | bib: 9
date: 2024-07-31t10:28:52+02:00 | stage_code: triwolympic-----------fnl-000100-- | event_code: triwolympic | event_name: women's individual | event_stage: women's individual | stage: women's individual | gender: w | discipline_name: triathlon | discipline_code: tri | venue: pont alexandre iii | participant_code: 1558240 | participant_name: perterer lisa | participant_type: person | participant_country_code: aut | participant_country: austria | rank: 50.0 | result: 2:07:27 | result_type: time | result_IRM:  | result_diff: +12:32 | start_order: 47 | bib: 3
date: 2024-07-31t10:28:52+02:00 | stage_code: triwolympic-----------fnl-000100-- | event_code: triwolympic | event_name: women's individual | event_stage: women's individual | stage: women's individual | gender: w | discipline_name: triathlon | discipline_code: tri | venue: pont alexandre iii | participant_code: 1927952 | participant_name: hannesdottir edda | participant_type: person | participant_country_code: isl | participant_country: iceland | rank: 51.0 | result: 2:10:46 | result_type: time | result_IRM:  | result_diff: +15:51 | start_order: 54 | bib: 22
date: 2024-07-31t10:28:52+02:00 | stage_code: triwolympic-----------fnl-000100-- | event_code: triwolympic | event_name: women's individual | event_stage: women's individual | stage: women's individual | gender: w | discipline_name: triathlon | discipline_code: tri | venue: pont alexandre iii | participant_code: 1878621 | participant_name: miller lotte | participant_type: person | participant_country_code: nor | participant_country: norway | rank:  | result:  | result_type: irm | result_IRM: dnf | result_diff:  | start_order: 53 | bib: 31
date: 2024-07-31t10:28:52+02:00 | stage_code: triwolympic-----------fnl-000100-- | event_code: triwolympic | event_name: women's individual | event_stage: women's individual | stage: women's individual | gender: w | discipline_name: triathlon | discipline_code: tri | venue: pont alexandre iii | participant_code: 1545877 | participant_name: lehair jeanne | participant_type: person | participant_country_code: lux | participant_country: luxembourg | rank:  | result:  | result_type: irm | result_IRM: dnf | result_diff:  | start_order: 21 | bib: 20
date: 2024-07-31t10:28:52+02:00 | stage_code: triwolympic-----------fnl-000100-- | event_code: triwolympic | event_name: women's individual | event_stage: women's individual | stage: women's individual | gender: w | discipline_name: triathlon | discipline_code: tri | venue: pont alexandre iii | participant_code: 1968035 | participant_name: shabalina ekaterina | participant_type: person | participant_country_code: kaz | participant_country: kazakhstan | rank:  | result:  | result_type: irm | result_IRM: dnf | result_diff:  | start_order: 51 | bib: 32
date: 2024-07-31t10:28:52+02:00 | stage_code: triwolympic-----------fnl-000100-- | event_code: triwolympic | event_name: women's individual | event_stage: women's individual | stage: women's individual | gender: w | discipline_name: triathlon | discipline_code: tri | venue: pont alexandre iii | participant_code: 1565557 | participant_name: iijima manami | participant_type: person | participant_country_code: gum | participant_country: guam | rank:  | result:  | result_type: irm | result_IRM: dnf | result_diff:  | start_order: 55 | bib: 12
