text
date: 2024-07-27t22:38:19+02:00 | stage_code: vvomteam6-------------gpc-000200-- | event_code: vvomteam6 | event_name: men | event_stage: men's preliminary round - pool c | stage: preliminary round - pool c | gender: m | discipline_name: volleyball | discipline_code: vvo | venue: south paris arena 1 | participant_code: vvomteam6---usa01 | participant_name: united states of america | participant_type: team | participant_country_code: usa | participant_country: united states | result: 3 | result_type: points | result_WLT: w | start_order: 1
date: 2024-07-27t22:38:19+02:00 | stage_code: vvomteam6-------------gpc-000200-- | event_code: vvomteam6 | event_name: men | event_stage: men's preliminary round - pool c | stage: preliminary round - pool c | gender: m | discipline_name: volleyball | discipline_code: vvo | venue: south paris arena 1 | participant_code: vvomteam6---arg01 | participant_name: argentina | participant_type: team | participant_country_code: arg | participant_country: argentina | result: 0 | result_type: points | result_WLT: l | start_order: 2
date: 2024-07-30t10:21:58+02:00 | stage_code: vvomteam6-------------gpb-000300-- | event_code: vvomteam6 | event_name: men | event_stage: men's preliminary round - pool b | stage: preliminary round - pool b | gender: m | discipline_name: volleyball | discipline_code: vvo | venue: south paris arena 1 | participant_code: vvomteam6---ita01 | participant_name: italy | participant_type: team | participant_country_code: ita | participant_country: italy | result: 3 | result_type: points | result_WLT: w | start_order: 1
date: 2024-07-30t10:21:58+02:00 | stage_code: vvomteam6-------------gpb-000300-- | event_code: vvomteam6 | event_name: men | event_stage: men's preliminary round - pool b | stage: preliminary round - pool b | gender: m | discipline_name: volleyball | discipline_code: vvo | venue: south paris arena 1 | participant_code: vvomteam6---egy01 | participant_name: egypt | participant_type: team | participant_country_code: egy | participant_country: egypt | result: 0 | result_type: points | result_WLT: l | start_order: 2
date: 2024-07-30t15:11:20+02:00 | stage_code: vvomteam6-------------gpc-000300-- | event_code: vvomteam6 | event_name: men | event_stage: men's preliminary round - pool c | stage: preliminary round - pool c | gender: m | discipline_name: volleyball | discipline_code: vvo | venue: south paris arena 1 | participant_code: vvomteam6---usa01 | participant_name: united states of america | participant_type: team | participant_country_code: usa | participant_country: united states | result: 3 | result_type: points | result_WLT: w | start_order: 1
date: 2024-07-30t15:11:20+02:00 | stage_code: vvomteam6-------------gpc-000300-- | event_code: vvomteam6 | event_name: men | event_stage: men's preliminary round - pool c | stage: preliminary round - pool c | gender: m | discipline_name: volleyball | discipline_code: vvo | venue: south paris arena 1 | participant_code: vvomteam6---ger01 | participant_name: germany | participant_type: team | participant_country_code: ger | participant_country: germany | result: 2 | result_type: points | result_WLT: l | start_order: 2
date: 2024-07-31t11:32:47+02:00 | stage_code: vvomteam6-------------gpb-000400-- | event_code: vvomteam6 | event_name: men | event_stage: men's preliminary round - pool b | stage: preliminary round - pool b | gender: m | discipline_name: volleyball | discipline_code: vvo | venue: south paris arena 1 | participant_code: vvomteam6---pol01 | participant_name: poland | participant_type: team | participant_country_code: pol | participant_country: poland | result: 3 | result_type: points | result_WLT: w | start_order: 1
date: 2024-07-31t11:32:47+02:00 | stage_code: vvomteam6-------------gpb-000400-- | event_code: vvomteam6 | event_name: men | event_stage: men's preliminary round - pool b | stage: preliminary round - pool b | gender: m | discipline_name: volleyball | discipline_code: vvo | venue: south paris arena 1 | participant_code: vvomteam6---bra01 | participant_name: brazil | participant_type: team | participant_country_code: bra | participant_country: brazil | result: 2 | result_type: points | result_WLT: l | start_order: 2
date: 2024-07-31t15:08:03+02:00 | stage_code: vvomteam6-------------gpc-000100-- | event_code: vvomteam6 | event_name: men | event_stage: men's preliminary round - pool c | stage: preliminary round - pool c | gender: m | discipline_name: volleyball | discipline_code: vvo | venue: south paris arena 1 | participant_code: vvomteam6---jpn01 | participant_name: japan | participant_type: team | participant_country_code: jpn | participant_country: japan | result: 2 | result_type: points | result_WLT: l | start_order: 1
date: 2024-07-31t15:08:03+02:00 | stage_code: vvomteam6-------------gpc-000100-- | event_code: vvomteam6 | event_name: men | event_stage: men's preliminary round - pool c | stage: preliminary round - pool c | gender: m | discipline_name: volleyball | discipline_code: vvo | venue: south paris arena 1 | participant_code: vvomteam6---ger01 | participant_name: germany | participant_type: team | participant_country_code: ger | participant_country: germany | result: 3 | result_type: points | result_WLT: w | start_order: 2
date: 2024-07-31t15:12:41+02:00 | stage_code: vvomteam6-------------gpb-000200-- | event_code: vvomteam6 | event_name: men | event_stage: men's preliminary round - pool b | stage: preliminary round - pool b | gender: m | discipline_name: volleyball | discipline_code: vvo | venue: south paris arena 1 | participant_code: vvomteam6---pol01 | participant_name: poland | participant_type: team | participant_country_code: pol | participant_country: poland | result: 3 | result_type: points | result_WLT: w | start_order: 1
date: 2024-07-31t15:12:41+02:00 | stage_code: vvomteam6-------------gpb-000200-- | event_code: vvomteam6 | event_name: men | event_stage: men's preliminary round - pool b | stage: preliminary round - pool b | gender: m | discipline_name: volleyball | discipline_code: vvo | venue: south paris arena 1 | participant_code: vvomteam6---egy01 | participant_name: egypt | participant_type: team | participant_country_code: egy | participant_country: egypt | result: 0 | result_type: points | result_WLT: l | start_order: 2
date: 2024-07-31t15:17:37+02:00 | stage_code: vvomteam6-------------gpa-000200-- | event_code: vvomteam6 | event_name: men | event_stage: men's preliminary round - pool a | stage: preliminary round - pool a | gender: m | discipline_name: volleyball | discipline_code: vvo | venue: south paris arena 1 | participant_code: vvomteam6---slo01 | participant_name: slovenia | participant_type: team | participant_country_code: slo | participant_country: slovenia | result: 3 | result_type: points | result_WLT: w | start_order: 1
date: 2024-07-31t15:17:37+02:00 | stage_code: vvomteam6-------------gpa-000200-- | event_code: vvomteam6 | event_name: men | event_stage: men's preliminary round - pool a | stage: preliminary round - pool a | gender: m | discipline_name: volleyball | discipline_code: vvo | venue: south paris arena 1 | participant_code: vvomteam6---can01 | participant_name: canada | participant_type: team | participant_country_code: can | participant_country: canada | result: 1 | result_type: points | result_WLT: l | start_order: 2
date: 2024-08-01t14:55:26+02:00 | stage_code: vvomteam6-------------gpa-000100-- | event_code: vvomteam6 | event_name: men | event_stage: men's preliminary round - pool a | stage: preliminary round - pool a | gender: m | discipline_name: volleyball | discipline_code: vvo | venue: south paris arena 1 | participant_code: vvomteam6---fra01 | participant_name: france | participant_type: team | participant_country_code: fra | participant_country: france | result: 3 | result_type: points | result_WLT: w | start_order: 1
date: 2024-08-01t14:55:26+02:00 | stage_code: vvomteam6-------------gpa-000100-- | event_code: vvomteam6 | event_name: men | event_stage: men's preliminary round - pool a | stage: preliminary round - pool a | gender: m | discipline_name: volleyball | discipline_code: vvo | venue: south paris arena 1 | participant_code: vvomteam6---srb01 | participant_name: serbia | participant_type: team | participant_country_code: srb | participant_country: serbia | result: 2 | result_type: points | result_WLT: l | start_order: 2
date: 2024-08-01t15:21:55+02:00 | stage_code: vvomteam6-------------gpa-000300-- | event_code: vvomteam6 | event_name: men | event_stage: men's preliminary round - pool a | stage: preliminary round - pool a | gender: m | discipline_name: volleyball | discipline_code: vvo | venue: south paris arena 1 | participant_code: vvomteam6---slo01 | participant_name: slovenia | participant_type: team | participant_country_code: slo | participant_country: slovenia | result: 3 | result_type: points | result_WLT: w | start_order: 1
date: 2024-08-01t15:21:55+02:00 | stage_code: vvomteam6-------------gpa-000300-- | event_code: vvomteam6 | event_name: men | event_stage: men's preliminary round - pool a | stage: preliminary round - pool a | gender: m | discipline_name: volleyball | discipline_code: vvo | venue: south paris arena 1 | participant_code: vvomteam6---srb01 | participant_name: serbia | participant_type: team | participant_country_code: srb | participant_country: serbia | result: 0 | result_type: points | result_WLT: l | start_order: 2
date: 2024-08-02t10:19:51+02:00 | stage_code: vvomteam6-------------gpc-000500-- | event_code: vvomteam6 | event_name: men | event_stage: men's preliminary round - pool c | stage: preliminary round - pool c | gender: m | discipline_name: volleyball | discipline_code: vvo | venue: south paris arena 1 | participant_code: vvomteam6---arg01 | participant_name: argentina | participant_type: team | participant_country_code: arg | participant_country: argentina | result: 0 | result_type: points | result_WLT: l | start_order: 1
date: 2024-08-02t10:19:51+02:00 | stage_code: vvomteam6-------------gpc-000500-- | event_code: vvomteam6 | event_name: men | event_stage: men's preliminary round - pool c | stage: preliminary round - pool c | gender: m | discipline_name: volleyball | discipline_code: vvo | venue: south paris arena 1 | participant_code: vvomteam6---ger01 | participant_name: germany | participant_type: team | participant_country_code: ger | participant_country: germany | result: 3 | result_type: points | result_WLT: w | start_order: 2
date: 2024-08-02t14:16:43+02:00 | stage_code: vvomteam6-------------gpb-000500-- | event_code: vvomteam6 | event_name: men | event_stage: men's preliminary round - pool b | stage: preliminary round - pool b | gender: m | discipline_name: volleyball | discipline_code: vvo | venue: south paris arena 1 | participant_code: vvomteam6---bra01 | participant_name: brazil | participant_type: team | participant_country_code: bra | participant_country: brazil | result: 3 | result_type: points | result_WLT: w | start_order: 1
date: 2024-08-02t14:16:43+02:00 | stage_code: vvomteam6-------------gpb-000500-- | event_code: vvomteam6 | event_name: men | event_stage: men's preliminary round - pool b | stage: preliminary round - pool b | gender: m | discipline_name: volleyball | discipline_code: vvo | venue: south paris arena 1 | participant_code: vvomteam6---egy01 | participant_name: egypt | participant_type: team | participant_country_code: egy | participant_country: egypt | result: 0 | result_type: points | result_WLT: l | start_order: 2
date: 2024-08-02t19:31:50+02:00 | stage_code: vvomteam6-------------gpa-000500-- | event_code: vvomteam6 | event_name: men | event_stage: men's preliminary round - pool a | stage: preliminary round - pool a | gender: m | discipline_name: volleyball | discipline_code: vvo | venue: south paris arena 1 | participant_code: vvomteam6---fra01 | participant_name: france | participant_type: team | participant_country_code: fra | participant_country: france | result: 2 | result_type: points | result_WLT: l | start_order: 1
date: 2024-08-02t19:31:50+02:00 | stage_code: vvomteam6-------------gpa-000500-- | event_code: vvomteam6 | event_name: men | event_stage: men's preliminary round - pool a | stage: preliminary round - pool a | gender: m | discipline_name: volleyball | discipline_code: vvo | venue: south paris arena 1 | participant_code: vvomteam6---slo01 | participant_name: slovenia | participant_type: team | participant_country_code: slo | participant_country: slovenia | result: 3 | result_type: points | result_WLT: w | start_order: 2
date: 2024-08-02t20:04:41+02:00 | stage_code: vvomteam6-------------gpb-000100-- | event_code: vvomteam6 | event_name: men | event_stage: men's preliminary round - pool b | stage: preliminary round - pool b | gender: m | discipline_name: volleyball | discipline_code: vvo | venue: south paris arena 1 | participant_code: vvomteam6---ita01 | participant_name: italy | participant_type: team | participant_country_code: ita | participant_country: italy | result: 3 | result_type: points | result_WLT: w | start_order: 1
date: 2024-08-02t20:04:41+02:00 | stage_code: vvomteam6-------------gpb-000100-- | event_code: vvomteam6 | event_name: men | event_stage: men's preliminary round - pool b | stage: preliminary round - pool b | gender: m | discipline_name: volleyball | discipline_code: vvo | venue: south paris arena 1 | participant_code: vvomteam6---bra01 | participant_name: brazil | participant_type: team | participant_country_code: bra | participant_country: brazil | result: 1 | result_type: points | result_WLT: l | start_order: 2
date: 2024-08-02t20:06:20+02:00 | stage_code: vvomteam6-------------gpa-000400-- | event_code: vvomteam6 | event_name: men | event_stage: men's preliminary round - pool a | stage: preliminary round - pool a | gender: m | discipline_name: volleyball | discipline_code: vvo | venue: south paris arena 1 | participant_code: vvomteam6---fra01 | participant_name: france | participant_type: team | participant_country_code: fra | participant_country: france | result: 3 | result_type: points | result_WLT: w | start_order: 1
date: 2024-08-02t20:06:20+02:00 | stage_code: vvomteam6-------------gpa-000400-- | event_code: vvomteam6 | event_name: men | event_stage: men's preliminary round - pool a | stage: preliminary round - pool a | gender: m | discipline_name: volleyball | discipline_code: vvo | venue: south paris arena 1 | participant_code: vvomteam6---can01 | participant_name: canada | participant_type: team | participant_country_code: can | participant_country: canada | result: 0 | result_type: points | result_WLT: l | start_order: 2
date: 2024-08-02t20:07:10+02:00 | stage_code: vvomteam6-------------gpc-000400-- | event_code: vvomteam6 | event_name: men | event_stage: men's preliminary round - pool c | stage: preliminary round - pool c | gender: m | discipline_name: volleyball | discipline_code: vvo | venue: south paris arena 1 | participant_code: vvomteam6---jpn01 | participant_name: japan | participant_type: team | participant_country_code: jpn | participant_country: japan | result: 3 | result_type: points | result_WLT: w | start_order: 1
date: 2024-08-02t20:07:10+02:00 | stage_code: vvomteam6-------------gpc-000400-- | event_code: vvomteam6 | event_name: men | event_stage: men's preliminary round - pool c | stage: preliminary round - pool c | gender: m | discipline_name: volleyball | discipline_code: vvo | venue: south paris arena 1 | participant_code: vvomteam6---arg01 | participant_name: argentina | participant_type: team | participant_country_code: arg | participant_country: argentina | result: 1 | result_type: points | result_WLT: l | start_order: 2
date: 2024-08-02t22:48:26+02:00 | stage_code: vvomteam6-------------gpc-000600-- | event_code: vvomteam6 | event_name: men | event_stage: men's preliminary round - pool c | stage: preliminary round - pool c | gender: m | discipline_name: volleyball | discipline_code: vvo | venue: south paris arena 1 | participant_code: vvomteam6---jpn01 | participant_name: japan | participant_type: team | participant_country_code: jpn | participant_country: japan | result: 1 | result_type: points | result_WLT: l | start_order: 1
date: 2024-08-02t22:48:26+02:00 | stage_code: vvomteam6-------------gpc-000600-- | event_code: vvomteam6 | event_name: men | event_stage: men's preliminary round - pool c | stage: preliminary round - pool c | gender: m | discipline_name: volleyball | discipline_code: vvo | venue: south paris arena 1 | participant_code: vvomteam6---usa01 | participant_name: united states of america | participant_type: team | participant_country_code: usa | participant_country: united states | result: 3 | result_type: points | result_WLT: w | start_order: 2
date: 2024-08-03t18:58:40+02:00 | stage_code: vvomteam6-------------gpb-000600-- | event_code: vvomteam6 | event_name: men | event_stage: men's preliminary round - pool b | stage: preliminary round - pool b | gender: m | discipline_name: volleyball | discipline_code: vvo | venue: south paris arena 1 | participant_code: vvomteam6---pol01 | participant_name: poland | participant_type: team | participant_country_code: pol | participant_country: poland | result: 1 | result_type: points | result_WLT: l | start_order: 1
date: 2024-08-03t18:58:40+02:00 | stage_code: vvomteam6-------------gpb-000600-- | event_code: vvomteam6 | event_name: men | event_stage: men's preliminary round - pool b | stage: preliminary round - pool b | gender: m | discipline_name: volleyball | discipline_code: vvo | venue: south paris arena 1 | participant_code: vvomteam6---ita01 | participant_name: italy | participant_type: team | participant_country_code: ita | participant_country: italy | result: 3 | result_type: points | result_WLT: w | start_order: 2
date: 2024-08-03t23:16:26+02:00 | stage_code: vvomteam6-------------gpa-000600-- | event_code: vvomteam6 | event_name: men | event_stage: men's preliminary round - pool a | stage: preliminary round - pool a | gender: m | discipline_name: volleyball | discipline_code: vvo | venue: south paris arena 1 | participant_code: vvomteam6---can01 | participant_name: canada | participant_type: team | participant_country_code: can | participant_country: canada | result: 2 | result_type: points | result_WLT: l | start_order: 1
date: 2024-08-03t23:16:26+02:00 | stage_code: vvomteam6-------------gpa-000600-- | event_code: vvomteam6 | event_name: men | event_stage: men's preliminary round - pool a | stage: preliminary round - pool a | gender: m | discipline_name: volleyball | discipline_code: vvo | venue: south paris arena 1 | participant_code: vvomteam6---srb01 | participant_name: serbia | participant_type: team | participant_country_code: srb | participant_country: serbia | result: 3 | result_type: points | result_WLT: w | start_order: 2
date: 2024-08-05t11:08:50+02:00 | stage_code: vvomteam6-------------qfnl000300-- | event_code: vvomteam6 | event_name: men | event_stage: men's quarterfinals | stage: quarterfinals | gender: m | discipline_name: volleyball | discipline_code: vvo | venue: south paris arena 1 | participant_code: vvomteam6---slo01 | participant_name: slovenia | participant_type: team | participant_country_code: slo | participant_country: slovenia | result: 1 | result_type: points | result_WLT: l | start_order: 1
date: 2024-08-05t11:08:50+02:00 | stage_code: vvomteam6-------------qfnl000300-- | event_code: vvomteam6 | event_name: men | event_stage: men's quarterfinals | stage: quarterfinals | gender: m | discipline_name: volleyball | discipline_code: vvo | venue: south paris arena 1 | participant_code: vvomteam6---pol01 | participant_name: poland | participant_type: team | participant_country_code: pol | participant_country: poland | result: 3 | result_type: points | result_WLT: w | start_order: 2
date: 2024-08-05t15:45:54+02:00 | stage_code: vvomteam6-------------qfnl000100-- | event_code: vvomteam6 | event_name: men | event_stage: men's quarterfinals | stage: quarterfinals | gender: m | discipline_name: volleyball | discipline_code: vvo | venue: south paris arena 1 | participant_code: vvomteam6---ita01 | participant_name: italy | participant_type: team | participant_country_code: ita | participant_country: italy | result: 3 | result_type: points | result_WLT: w | start_order: 1
date: 2024-08-05t15:45:54+02:00 | stage_code: vvomteam6-------------qfnl000100-- | event_code: vvomteam6 | event_name: men | event_stage: men's quarterfinals | stage: quarterfinals | gender: m | discipline_name: volleyball | discipline_code: vvo | venue: south paris arena 1 | participant_code: vvomteam6---jpn01 | participant_name: japan | participant_type: team | participant_country_code: jpn | participant_country: japan | result: 2 | result_type: points | result_WLT: l | start_order: 2
date: 2024-08-05t19:12:19+02:00 | stage_code: vvomteam6-------------qfnl000200-- | event_code: vvomteam6 | event_name: men | event_stage: men's quarterfinals | stage: quarterfinals | gender: m | discipline_name: volleyball | discipline_code: vvo | venue: south paris arena 1 | participant_code: vvomteam6---fra01 | participant_name: france | participant_type: team | participant_country_code: fra | participant_country: france | result: 3 | result_type: points | result_WLT: w | start_order: 1
date: 2024-08-05t19:12:19+02:00 | stage_code: vvomteam6-------------qfnl000200-- | event_code: vvomteam6 | event_name: men | event_stage: men's quarterfinals | stage: quarterfinals | gender: m | discipline_name: volleyball | discipline_code: vvo | venue: south paris arena 1 | participant_code: vvomteam6---ger01 | participant_name: germany | participant_type: team | participant_country_code: ger | participant_country: germany | result: 2 | result_type: points | result_WLT: l | start_order: 2
date: 2024-08-05t23:09:55+02:00 | stage_code: vvomteam6-------------qfnl000400-- | event_code: vvomteam6 | event_name: men | event_stage: men's quarterfinals | stage: quarterfinals | gender: m | discipline_name: volleyball | discipline_code: vvo | venue: south paris arena 1 | participant_code: vvomteam6---usa01 | participant_name: united states of america | participant_type: team | participant_country_code: usa | participant_country: united states | result: 3 | result_type: points | result_WLT: w | start_order: 1
date: 2024-08-05t23:09:55+02:00 | stage_code: vvomteam6-------------qfnl000400-- | event_code: vvomteam6 | event_name: men | event_stage: men's quarterfinals | stage: quarterfinals | gender: m | discipline_name: volleyball | discipline_code: vvo | venue: south paris arena 1 | participant_code: vvomteam6---bra01 | participant_name: brazil | participant_type: team | participant_country_code: bra | participant_country: brazil | result: 1 | result_type: points | result_WLT: l | start_order: 2
date: 2024-08-07t18:31:43+02:00 | stage_code: vvomteam6-------------sfnl000200-- | event_code: vvomteam6 | event_name: men | event_stage: men's semifinals | stage: semifinals | gender: m | discipline_name: volleyball | discipline_code: vvo | venue: south paris arena 1 | participant_code: vvomteam6---pol01 | participant_name: poland | participant_type: team | participant_country_code: pol | participant_country: poland | result: 3 | result_type: points | result_WLT: w | start_order: 1
date: 2024-08-07t18:31:43+02:00 | stage_code: vvomteam6-------------sfnl000200-- | event_code: vvomteam6 | event_name: men | event_stage: men's semifinals | stage: semifinals | gender: m | discipline_name: volleyball | discipline_code: vvo | venue: south paris arena 1 | participant_code: vvomteam6---usa01 | participant_name: united states of america | participant_type: team | participant_country_code: usa | participant_country: united states | result: 2 | result_type: points | result_WLT: l | start_order: 2
date: 2024-08-07t21:43:22+02:00 | stage_code: vvomteam6-------------sfnl000100-- | event_code: vvomteam6 | event_name: men | event_stage: men's semifinals | stage: semifinals | gender: m | discipline_name: volleyball | discipline_code: vvo | venue: south paris arena 1 | participant_code: vvomteam6---ita01 | participant_name: italy | participant_type: team | participant_country_code: ita | participant_country: italy | result: 0 | result_type: points | result_WLT: l | start_order: 1
date: 2024-08-07t21:43:22+02:00 | stage_code: vvomteam6-------------sfnl000100-- | event_code: vvomteam6 | event_name: men | event_stage: men's semifinals | stage: semifinals | gender: m | discipline_name: volleyball | discipline_code: vvo | venue: south paris arena 1 | participant_code: vvomteam6---fra01 | participant_name: france | participant_type: team | participant_country_code: fra | participant_country: france | result: 3 | result_type: points | result_WLT: w | start_order: 2
date: 2024-08-09t17:46:23+02:00 | stage_code: vvomteam6-------------fnl-000200-- | event_code: vvomteam6 | event_name: men | event_stage: men's bronze medal match | stage: bronze medal match | gender: m | discipline_name: volleyball | discipline_code: vvo | venue: south paris arena 1 | participant_code: vvomteam6---ita01 | participant_name: italy | participant_type: team | participant_country_code: ita | participant_country: italy | result: 0 | result_type: points | result_WLT: l | start_order: 1
date: 2024-08-09t17:46:23+02:00 | stage_code: vvomteam6-------------fnl-000200-- | event_code: vvomteam6 | event_name: men | event_stage: men's bronze medal match | stage: bronze medal match | gender: m | discipline_name: volleyball | discipline_code: vvo | venue: south paris arena 1 | participant_code: vvomteam6---usa01 | participant_name: united states of america | participant_type: team | participant_country_code: usa | participant_country: united states | result: 3 | result_type: points | result_WLT: w | start_order: 2
date: 2024-08-10t14:29:56+02:00 | stage_code: vvomteam6-------------fnl-000100-- | event_code: vvomteam6 | event_name: men | event_stage: men's gold medal match | stage: gold medal match | gender: m | discipline_name: volleyball | discipline_code: vvo | venue: south paris arena 1 | participant_code: vvomteam6---fra01 | participant_name: france | participant_type: team | participant_country_code: fra | participant_country: france | result: 3 | result_type: points | result_WLT: w | start_order: 1
date: 2024-08-10t14:29:56+02:00 | stage_code: vvomteam6-------------fnl-000100-- | event_code: vvomteam6 | event_name: men | event_stage: men's gold medal match | stage: gold medal match | gender: m | discipline_name: volleyball | discipline_code: vvo | venue: south paris arena 1 | participant_code: vvomteam6---pol01 | participant_name: poland | participant_type: team | participant_country_code: pol | participant_country: poland | result: 0 | result_type: points | result_WLT: l | start_order: 2
date: 2024-07-29t14:11:50+02:00 | stage_code: vvowteam6-------------gpb-000200-- | event_code: vvowteam6 | event_name: women | event_stage: women's preliminary round - pool b | stage: preliminary round - pool b | gender: w | discipline_name: volleyball | discipline_code: vvo | venue: south paris arena 1 | participant_code: vvowteam6---bra01 | participant_name: brazil | participant_type: team | participant_country_code: bra | participant_country: brazil | result: 3 | result_type: points | result_WLT: w | start_order: 1
date: 2024-07-29t14:11:50+02:00 | stage_code: vvowteam6-------------gpb-000200-- | event_code: vvowteam6 | event_name: women | event_stage: women's preliminary round - pool b | stage: preliminary round - pool b | gender: w | discipline_name: volleyball | discipline_code: vvo | venue: south paris arena 1 | participant_code: vvowteam6---ken01 | participant_name: kenya | participant_type: team | participant_country_code: ken | participant_country: kenya | result: 0 | result_type: points | result_WLT: l | start_order: 2
date: 2024-07-31t00:12:15+02:00 | stage_code: vvowteam6-------------gpa-000200-- | event_code: vvowteam6 | event_name: women | event_stage: women's preliminary round - pool a | stage: preliminary round - pool a | gender: w | discipline_name: volleyball | discipline_code: vvo | venue: south paris arena 1 | participant_code: vvowteam6---fra01 | participant_name: france | participant_type: team | participant_country_code: fra | participant_country: france | result: 0 | result_type: points | result_WLT: l | start_order: 1
date: 2024-07-31t00:12:15+02:00 | stage_code: vvowteam6-------------gpa-000200-- | event_code: vvowteam6 | event_name: women | event_stage: women's preliminary round - pool a | stage: preliminary round - pool a | gender: w | discipline_name: volleyball | discipline_code: vvo | venue: south paris arena 1 | participant_code: vvowteam6---srb01 | participant_name: serbia | participant_type: team | participant_country_code: srb | participant_country: serbia | result: 3 | result_type: points | result_WLT: w | start_order: 2
date: 2024-07-31t16:09:41+02:00 | stage_code: vvowteam6-------------gpc-000100-- | event_code: vvowteam6 | event_name: women | event_stage: women's preliminary round - pool c | stage: preliminary round - pool c | gender: w | discipline_name: volleyball | discipline_code: vvo | venue: south paris arena 1 | participant_code: vvowteam6---ita01 | participant_name: italy | participant_type: team | participant_country_code: ita | participant_country: italy | result: 3 | result_type: points | result_WLT: w | start_order: 1
date: 2024-07-31t16:09:41+02:00 | stage_code: vvowteam6-------------gpc-000100-- | event_code: vvowteam6 | event_name: women | event_stage: women's preliminary round - pool c | stage: preliminary round - pool c | gender: w | discipline_name: volleyball | discipline_code: vvo | venue: south paris arena 1 | participant_code: vvowteam6---dom01 | participant_name: dominican republic | participant_type: team | participant_country_code: dom | participant_country: dominican republic | result: 1 | result_type: points | result_WLT: l | start_order: 2
date: 2024-07-31t16:19:42+02:00 | stage_code: vvowteam6-------------gpb-000100-- | event_code: vvowteam6 | event_name: women | event_stage: women's preliminary round - pool b | stage: preliminary round - pool b | gender: w | discipline_name: volleyball | discipline_code: vvo | venue: south paris arena 1 | participant_code: vvowteam6---pol01 | participant_name: poland | participant_type: team | participant_country_code: pol | participant_country: poland | result: 3 | result_type: points | result_WLT: w | start_order: 1
date: 2024-07-31t16:19:42+02:00 | stage_code: vvowteam6-------------gpb-000100-- | event_code: vvowteam6 | event_name: women | event_stage: women's preliminary round - pool b | stage: preliminary round - pool b | gender: w | discipline_name: volleyball | discipline_code: vvo | venue: south paris arena 1 | participant_code: vvowteam6---jpn01 | participant_name: japan | participant_type: team | participant_country_code: jpn | participant_country: japan | result: 1 | result_type: points | result_WLT: l | start_order: 2
date: 2024-07-31t16:21:33+02:00 | stage_code: vvowteam6-------------gpc-000200-- | event_code: vvowteam6 | event_name: women | event_stage: women's preliminary round - pool c | stage: preliminary round - pool c | gender: w | discipline_name: volleyball | discipline_code: vvo | venue: south paris arena 1 | participant_code: vvowteam6---tur01 | participant_name: türkiye | participant_type: team | participant_country_code: tur | participant_country: türkiye | result: 3 | result_type: points | result_WLT: w | start_order: 1
date: 2024-07-31t16:21:33+02:00 | stage_code: vvowteam6-------------gpc-000200-- | event_code: vvowteam6 | event_name: women | event_stage: women's preliminary round - pool c | stage: preliminary round - pool c | gender: w | discipline_name: volleyball | discipline_code: vvo | venue: south paris arena 1 | participant_code: vvowteam6---ned01 | participant_name: netherlands | participant_type: team | participant_country_code: ned | participant_country: netherlands | result: 2 | result_type: points | result_WLT: l | start_order: 2
date: 2024-07-31t22:19:28+02:00 | stage_code: vvowteam6-------------gpb-000300-- | event_code: vvowteam6 | event_name: women | event_stage: women's preliminary round - pool b | stage: preliminary round - pool b | gender: w | discipline_name: volleyball | discipline_code: vvo | venue: south paris arena 1 | participant_code: vvowteam6---pol01 | participant_name: poland | participant_type: team | participant_country_code: pol | participant_country: poland | result: 3 | result_type: points | result_WLT: w | start_order: 1
date: 2024-07-31t22:19:28+02:00 | stage_code: vvowteam6-------------gpb-000300-- | event_code: vvowteam6 | event_name: women | event_stage: women's preliminary round - pool b | stage: preliminary round - pool b | gender: w | discipline_name: volleyball | discipline_code: vvo | venue: south paris arena 1 | participant_code: vvowteam6---ken01 | participant_name: kenya | participant_type: team | participant_country_code: ken | participant_country: kenya | result: 0 | result_type: points | result_WLT: l | start_order: 2
date: 2024-08-01t14:48:22+02:00 | stage_code: vvowteam6-------------gpc-000300-- | event_code: vvowteam6 | event_name: women | event_stage: women's preliminary round - pool c | stage: preliminary round - pool c | gender: w | discipline_name: volleyball | discipline_code: vvo | venue: south paris arena 1 | participant_code: vvowteam6---tur01 | participant_name: türkiye | participant_type: team | participant_country_code: tur | participant_country: türkiye | result: 3 | result_type: points | result_WLT: w | start_order: 1
date: 2024-08-01t14:48:22+02:00 | stage_code: vvowteam6-------------gpc-000300-- | event_code: vvowteam6 | event_name: women | event_stage: women's preliminary round - pool c | stage: preliminary round - pool c | gender: w | discipline_name: volleyball | discipline_code: vvo | venue: south paris arena 1 | participant_code: vvowteam6---dom01 | participant_name: dominican republic | participant_type: team | participant_country_code: dom | participant_country: dominican republic | result: 1 | result_type: points | result_WLT: l | start_order: 2
date: 2024-08-01t18:34:37+02:00 | stage_code: vvowteam6-------------gpc-000400-- | event_code: vvowteam6 | event_name: women | event_stage: women's preliminary round - pool c | stage: preliminary round - pool c | gender: w | discipline_name: volleyball | discipline_code: vvo | venue: south paris arena 1 | participant_code: vvowteam6---ita01 | participant_name: italy | participant_type: team | participant_country_code: ita | participant_country: italy | result: 3 | result_type: points | result_WLT: w | start_order: 1
date: 2024-08-01t18:34:37+02:00 | stage_code: vvowteam6-------------gpc-000400-- | event_code: vvowteam6 | event_name: women | event_stage: women's preliminary round - pool c | stage: preliminary round - pool c | gender: w | discipline_name: volleyball | discipline_code: vvo | venue: south paris arena 1 | participant_code: vvowteam6---ned01 | participant_name: netherlands | participant_type: team | participant_country_code: ned | participant_country: netherlands | result: 0 | result_type: points | result_WLT: l | start_order: 2
date: 2024-08-01t18:48:13+02:00 | stage_code: vvowteam6-------------gpa-000100-- | event_code: vvowteam6 | event_name: women | event_stage: women's preliminary round - pool a | stage: preliminary round - pool a | gender: w | discipline_name: volleyball | discipline_code: vvo | venue: south paris arena 1 | participant_code: vvowteam6---usa01 | participant_name: united states of america | participant_type: team | participant_country_code: usa | participant_country: united states | result: 2 | result_type: points | result_WLT: l | start_order: 1
date: 2024-08-01t18:48:13+02:00 | stage_code: vvowteam6-------------gpa-000100-- | event_code: vvowteam6 | event_name: women | event_stage: women's preliminary round - pool a | stage: preliminary round - pool a | gender: w | discipline_name: volleyball | discipline_code: vvo | venue: south paris arena 1 | participant_code: vvowteam6---chn01 | participant_name: people's republic of china | participant_type: team | participant_country_code: chn | participant_country: china | result: 3 | result_type: points | result_WLT: w | start_order: 2
date: 2024-08-01t22:21:48+02:00 | stage_code: vvowteam6-------------gpa-000400-- | event_code: vvowteam6 | event_name: women | event_stage: women's preliminary round - pool a | stage: preliminary round - pool a | gender: w | discipline_name: volleyball | discipline_code: vvo | venue: south paris arena 1 | participant_code: vvowteam6---fra01 | participant_name: france | participant_type: team | participant_country_code: fra | participant_country: france | result: 0 | result_type: points | result_WLT: l | start_order: 1
date: 2024-08-01t22:21:48+02:00 | stage_code: vvowteam6-------------gpa-000400-- | event_code: vvowteam6 | event_name: women | event_stage: women's preliminary round - pool a | stage: preliminary round - pool a | gender: w | discipline_name: volleyball | discipline_code: vvo | venue: south paris arena 1 | participant_code: vvowteam6---chn01 | participant_name: people's republic of china | participant_type: team | participant_country_code: chn | participant_country: china | result: 3 | result_type: points | result_WLT: w | start_order: 2
date: 2024-08-02t20:03:05+02:00 | stage_code: vvowteam6-------------gpa-000300-- | event_code: vvowteam6 | event_name: women | event_stage: women's preliminary round - pool a | stage: preliminary round - pool a | gender: w | discipline_name: volleyball | discipline_code: vvo | venue: south paris arena 1 | participant_code: vvowteam6---usa01 | participant_name: united states of america | participant_type: team | participant_country_code: usa | participant_country: united states | result: 3 | result_type: points | result_WLT: w | start_order: 1
date: 2024-08-02t20:03:05+02:00 | stage_code: vvowteam6-------------gpa-000300-- | event_code: vvowteam6 | event_name: women | event_stage: women's preliminary round - pool a | stage: preliminary round - pool a | gender: w | discipline_name: volleyball | discipline_code: vvo | venue: south paris arena 1 | participant_code: vvowteam6---srb01 | participant_name: serbia | participant_type: team | participant_country_code: srb | participant_country: serbia | result: 2 | result_type: points | result_WLT: l | start_order: 2
date: 2024-08-02t20:03:44+02:00 | stage_code: vvowteam6-------------gpb-000400-- | event_code: vvowteam6 | event_name: women | event_stage: women's preliminary round - pool b | stage: preliminary round - pool b | gender: w | discipline_name: volleyball | discipline_code: vvo | venue: south paris arena 1 | participant_code: vvowteam6---bra01 | participant_name: brazil | participant_type: team | participant_country_code: bra | participant_country: brazil | result: 3 | result_type: points | result_WLT: w | start_order: 1
date: 2024-08-02t20:03:44+02:00 | stage_code: vvowteam6-------------gpb-000400-- | event_code: vvowteam6 | event_name: women | event_stage: women's preliminary round - pool b | stage: preliminary round - pool b | gender: w | discipline_name: volleyball | discipline_code: vvo | venue: south paris arena 1 | participant_code: vvowteam6---jpn01 | participant_name: japan | participant_type: team | participant_country_code: jpn | participant_country: japan | result: 0 | result_type: points | result_WLT: l | start_order: 2
date: 2024-08-03t11:03:24+02:00 | stage_code: vvowteam6-------------gpc-000500-- | event_code: vvowteam6 | event_name: women | event_stage: women's preliminary round - pool c | stage: preliminary round - pool c | gender: w | discipline_name: volleyball | discipline_code: vvo | venue: south paris arena 1 | participant_code: vvowteam6---ned01 | participant_name: netherlands | participant_type: team | participant_country_code: ned | participant_country: netherlands | result: 1 | result_type: points | result_WLT: l | start_order: 1
date: 2024-08-03t11:03:24+02:00 | stage_code: vvowteam6-------------gpc-000500-- | event_code: vvowteam6 | event_name: women | event_stage: women's preliminary round - pool c | stage: preliminary round - pool c | gender: w | discipline_name: volleyball | discipline_code: vvo | venue: south paris arena 1 | participant_code: vvowteam6---dom01 | participant_name: dominican republic | participant_type: team | participant_country_code: dom | participant_country: dominican republic | result: 3 | result_type: points | result_WLT: w | start_order: 2
date: 2024-08-03t14:14:15+02:00 | stage_code: vvowteam6-------------gpb-000500-- | event_code: vvowteam6 | event_name: women | event_stage: women's preliminary round - pool b | stage: preliminary round - pool b | gender: w | discipline_name: volleyball | discipline_code: vvo | venue: south paris arena 1 | participant_code: vvowteam6---jpn01 | participant_name: japan | participant_type: team | participant_country_code: jpn | participant_country: japan | result: 3 | result_type: points | result_WLT: w | start_order: 1
date: 2024-08-03t14:14:15+02:00 | stage_code: vvowteam6-------------gpb-000500-- | event_code: vvowteam6 | event_name: women | event_stage: women's preliminary round - pool b | stage: preliminary round - pool b | gender: w | discipline_name: volleyball | discipline_code: vvo | venue: south paris arena 1 | participant_code: vvowteam6---ken01 | participant_name: kenya | participant_type: team | participant_country_code: ken | participant_country: kenya | result: 0 | result_type: points | result_WLT: l | start_order: 2
date: 2024-08-04t10:19:28+02:00 | stage_code: vvowteam6-------------gpc-000600-- | event_code: vvowteam6 | event_name: women | event_stage: women's preliminary round - pool c | stage: preliminary round - pool c | gender: w | discipline_name: volleyball | discipline_code: vvo | venue: south paris arena 1 | participant_code: vvowteam6---ita01 | participant_name: italy | participant_type: team | participant_country_code: ita | participant_country: italy | result: 3 | result_type: points | result_WLT: w | start_order: 1
date: 2024-08-04t10:19:28+02:00 | stage_code: vvowteam6-------------gpc-000600-- | event_code: vvowteam6 | event_name: women | event_stage: women's preliminary round - pool c | stage: preliminary round - pool c | gender: w | discipline_name: volleyball | discipline_code: vvo | venue: south paris arena 1 | participant_code: vvowteam6---tur01 | participant_name: türkiye | participant_type: team | participant_country_code: tur | participant_country: türkiye | result: 0 | result_type: points | result_WLT: l | start_order: 2
date: 2024-08-04t14:43:06+02:00 | stage_code: vvowteam6-------------gpa-000500-- | event_code: vvowteam6 | event_name: women | event_stage: women's preliminary round - pool a | stage: preliminary round - pool a | gender: w | discipline_name: volleyball | discipline_code: vvo | venue: south paris arena 1 | participant_code: vvowteam6---fra01 | participant_name: france | participant_type: team | participant_country_code: fra | participant_country: france | result: 0 | result_type: points | result_WLT: l | start_order: 1
date: 2024-08-04t14:43:06+02:00 | stage_code: vvowteam6-------------gpa-000500-- | event_code: vvowteam6 | event_name: women | event_stage: women's preliminary round - pool a | stage: preliminary round - pool a | gender: w | discipline_name: volleyball | discipline_code: vvo | venue: south paris arena 1 | participant_code: vvowteam6---usa01 | participant_name: united states of america | participant_type: team | participant_country_code: usa | participant_country: united states | result: 3 | result_type: points | result_WLT: w | start_order: 2
date: 2024-08-04t19:04:58+02:00 | stage_code: vvowteam6-------------gpa-000600-- | event_code: vvowteam6 | event_name: women | event_stage: women's preliminary round - pool a | stage: preliminary round - pool a | gender: w | discipline_name: volleyball | discipline_code: vvo | venue: south paris arena 1 | participant_code: vvowteam6---chn01 | participant_name: people's republic of china | participant_type: team | participant_country_code: chn | participant_country: china | result: 3 | result_type: points | result_WLT: w | start_order: 1
date: 2024-08-04t19:04:58+02:00 | stage_code: vvowteam6-------------gpa-000600-- | event_code: vvowteam6 | event_name: women | event_stage: women's preliminary round - pool a | stage: preliminary round - pool a | gender: w | discipline_name: volleyball | discipline_code: vvo | venue: south paris arena 1 | participant_code: vvowteam6---srb01 | participant_name: serbia | participant_type: team | participant_country_code: srb | participant_country: serbia | result: 1 | result_type: points | result_WLT: l | start_order: 2
date: 2024-08-04t22:42:32+02:00 | stage_code: vvowteam6-------------gpb-000600-- | event_code: vvowteam6 | event_name: women | event_stage: women's preliminary round - pool b | stage: preliminary round - pool b | gender: w | discipline_name: volleyball | discipline_code: vvo | venue: south paris arena 1 | participant_code: vvowteam6---bra01 | participant_name: brazil | participant_type: team | participant_country_code: bra | participant_country: brazil | result: 3 | result_type: points | result_WLT: w | start_order: 1
date: 2024-08-04t22:42:32+02:00 | stage_code: vvowteam6-------------gpb-000600-- | event_code: vvowteam6 | event_name: women | event_stage: women's preliminary round - pool b | stage: preliminary round - pool b | gender: w | discipline_name: volleyball | discipline_code: vvo | venue: south paris arena 1 | participant_code: vvowteam6---pol01 | participant_name: poland | participant_type: team | participant_country_code: pol | participant_country: poland | result: 0 | result_type: points | result_WLT: l | start_order: 2
date: 2024-08-06t11:25:53+02:00 | stage_code: vvowteam6-------------qfnl000300-- | event_code: vvowteam6 | event_name: women | event_stage: women's quarterfinals | stage: quarterfinals | gender: w | discipline_name: volleyball | discipline_code: vvo | venue: south paris arena 1 | participant_code: vvowteam6---chn01 | participant_name: people's republic of china | participant_type: team | participant_country_code: chn | participant_country: china | result: 2 | result_type: points | result_WLT: l | start_order: 1
date: 2024-08-06t11:25:53+02:00 | stage_code: vvowteam6-------------qfnl000300-- | event_code: vvowteam6 | event_name: women | event_stage: women's quarterfinals | stage: quarterfinals | gender: w | discipline_name: volleyball | discipline_code: vvo | venue: south paris arena 1 | participant_code: vvowteam6---tur01 | participant_name: türkiye | participant_type: team | participant_country_code: tur | participant_country: türkiye | result: 3 | result_type: points | result_WLT: w | start_order: 2
date: 2024-08-06t14:19:09+02:00 | stage_code: vvowteam6-------------qfnl000100-- | event_code: vvowteam6 | event_name: women | event_stage: women's quarterfinals | stage: quarterfinals | gender: w | discipline_name: volleyball | discipline_code: vvo | venue: south paris arena 1 | participant_code: vvowteam6---bra01 | participant_name: brazil | participant_type: team | participant_country_code: bra | participant_country: brazil | result: 3 | result_type: points | result_WLT: w | start_order: 1
date: 2024-08-06t14:19:09+02:00 | stage_code: vvowteam6-------------qfnl000100-- | event_code: vvowteam6 | event_name: women | event_stage: women's quarterfinals | stage: quarterfinals | gender: w | discipline_name: volleyball | discipline_code: vvo | venue: south paris arena 1 | participant_code: vvowteam6---dom01 | participant_name: dominican republic | participant_type: team | participant_country_code: dom | participant_country: dominican republic | result: 0 | result_type: points | result_WLT: l | start_order: 2
date: 2024-08-06t18:26:43+02:00 | stage_code: vvowteam6-------------qfnl000200-- | event_code: vvowteam6 | event_name: women | event_stage: women's quarterfinals | stage: quarterfinals | gender: w | discipline_name: volleyball | discipline_code: vvo | venue: south paris arena 1 | participant_code: vvowteam6---usa01 | participant_name: united states of america | participant_type: team | participant_country_code: usa | participant_country: united states | result: 3 | result_type: points | result_WLT: w | start_order: 1
date: 2024-08-06t18:26:43+02:00 | stage_code: vvowteam6-------------qfnl000200-- | event_code: vvowteam6 | event_name: women | event_stage: women's quarterfinals | stage: quarterfinals | gender: w | discipline_name: volleyball | discipline_code: vvo | venue: south paris arena 1 | participant_code: vvowteam6---pol01 | participant_name: poland | participant_type: team | participant_country_code: pol | participant_country: poland | result: 0 | result_type: points | result_WLT: l | start_order: 2
date: 2024-08-06t22:27:45+02:00 | stage_code: vvowteam6-------------qfnl000400-- | event_code: vvowteam6 | event_name: women | event_stage: women's quarterfinals | stage: quarterfinals | gender: w | discipline_name: volleyball | discipline_code: vvo | venue: south paris arena 1 | participant_code: vvowteam6---ita01 | participant_name: italy | participant_type: team | participant_country_code: ita | participant_country: italy | result: 3 | result_type: points | result_WLT: w | start_order: 1
date: 2024-08-06t22:27:45+02:00 | stage_code: vvowteam6-------------qfnl000400-- | event_code: vvowteam6 | event_name: women | event_stage: women's quarterfinals | stage: quarterfinals | gender: w | discipline_name: volleyball | discipline_code: vvo | venue: south paris arena 1 | participant_code: vvowteam6---srb01 | participant_name: serbia | participant_type: team | participant_country_code: srb | participant_country: serbia | result: 0 | result_type: points | result_WLT: l | start_order: 2
date: 2024-08-08t18:21:29+02:00 | stage_code: vvowteam6-------------sfnl000100-- | event_code: vvowteam6 | event_name: women | event_stage: women's semifinals | stage: semifinals | gender: w | discipline_name: volleyball | discipline_code: vvo | venue: south paris arena 1 | participant_code: vvowteam6---bra01 | participant_name: brazil | participant_type: team | participant_country_code: bra | participant_country: brazil | result: 2 | result_type: points | result_WLT: l | start_order: 1
date: 2024-08-08t18:21:29+02:00 | stage_code: vvowteam6-------------sfnl000100-- | event_code: vvowteam6 | event_name: women | event_stage: women's semifinals | stage: semifinals | gender: w | discipline_name: volleyball | discipline_code: vvo | venue: south paris arena 1 | participant_code: vvowteam6---usa01 | participant_name: united states of america | participant_type: team | participant_country_code: usa | participant_country: united states | result: 3 | result_type: points | result_WLT: w | start_order: 2
date: 2024-08-08t21:33:21+02:00 | stage_code: vvowteam6-------------sfnl000200-- | event_code: vvowteam6 | event_name: women | event_stage: women's semifinals | stage: semifinals | gender: w | discipline_name: volleyball | discipline_code: vvo | venue: south paris arena 1 | participant_code: vvowteam6---tur01 | participant_name: türkiye | participant_type: team | participant_country_code: tur | participant_country: türkiye | result: 0 | result_type: points | result_WLT: l | start_order: 1
date: 2024-08-08t21:33:21+02:00 | stage_code: vvowteam6-------------sfnl000200-- | event_code: vvowteam6 | event_name: women | event_stage: women's semifinals | stage: semifinals | gender: w | discipline_name: volleyball | discipline_code: vvo | venue: south paris arena 1 | participant_code: vvowteam6---ita01 | participant_name: italy | participant_type: team | participant_country_code: ita | participant_country: italy | result: 3 | result_type: points | result_WLT: w | start_order: 2
date: 2024-08-10t19:15:31+02:00 | stage_code: vvowteam6-------------fnl-000200-- | event_code: vvowteam6 | event_name: women | event_stage: women's bronze medal match | stage: bronze medal match | gender: w | discipline_name: volleyball | discipline_code: vvo | venue: south paris arena 1 | participant_code: vvowteam6---bra01 | participant_name: brazil | participant_type: team | participant_country_code: bra | participant_country: brazil | result: 3 | result_type: points | result_WLT: w | start_order: 1
date: 2024-08-10t19:15:31+02:00 | stage_code: vvowteam6-------------fnl-000200-- | event_code: vvowteam6 | event_name: women | event_stage: women's bronze medal match | stage: bronze medal match | gender: w | discipline_name: volleyball | discipline_code: vvo | venue: south paris arena 1 | participant_code: vvowteam6---tur01 | participant_name: türkiye | participant_type: team | participant_country_code: tur | participant_country: türkiye | result: 1 | result_type: points | result_WLT: l | start_order: 2
date: 2024-08-11t14:28:03+02:00 | stage_code: vvowteam6-------------fnl-000100-- | event_code: vvowteam6 | event_name: women | event_stage: women's gold medal match | stage: gold medal match | gender: w | discipline_name: volleyball | discipline_code: vvo | venue: south paris arena 1 | participant_code: vvowteam6---usa01 | participant_name: united states of america | participant_type: team | participant_country_code: usa | participant_country: united states | result: 0 | result_type: points | result_WLT: l | start_order: 1
date: 2024-08-11t14:28:03+02:00 | stage_code: vvowteam6-------------fnl-000100-- | event_code: vvowteam6 | event_name: women | event_stage: women's gold medal match | stage: gold medal match | gender: w | discipline_name: volleyball | discipline_code: vvo | venue: south paris arena 1 | participant_code: vvowteam6---ita01 | participant_name: italy | participant_type: team | participant_country_code: ita | participant_country: italy | result: 3 | result_type: points | result_WLT: w | start_order: 2
