text
date: 2024-07-29t13:47:43+02:00 | stage_code: wpomteam7-------------gpb-000100-- | event_code: wpomteam7 | event_name: men | event_stage: men's preliminary round - group b | stage: preliminary round - group b | gender: m | discipline_name: water polo | discipline_code: wpo | venue: aquatics centre | participant_code: wpomteam7---aus01 | participant_name: australia | participant_type: team | participant_country_code: aus | participant_country: australia | result: 5 | result_type: points | result_WLT: l | start_order: 1
date: 2024-07-29t13:47:43+02:00 | stage_code: wpomteam7-------------gpb-000100-- | event_code: wpomteam7 | event_name: men | event_stage: men's preliminary round - group b | stage: preliminary round - group b | gender: m | discipline_name: water polo | discipline_code: wpo | venue: aquatics centre | participant_code: wpomteam7---esp01 | participant_name: spain | participant_type: team | participant_country_code: esp | participant_country: spain | result: 9 | result_type: points | result_WLT: w | start_order: 2
date: 2024-07-29t13:48:19+02:00 | stage_code: wpomteam7-------------gpb-000200-- | event_code: wpomteam7 | event_name: men | event_stage: men's preliminary round - group b | stage: preliminary round - group b | gender: m | discipline_name: water polo | discipline_code: wpo | venue: aquatics centre | participant_code: wpomteam7---srb01 | participant_name: serbia | participant_type: team | participant_country_code: srb | participant_country: serbia | result: 16 | result_type: points | result_WLT: w | start_order: 1
date: 2024-07-29t13:48:19+02:00 | stage_code: wpomteam7-------------gpb-000200-- | event_code: wpomteam7 | event_name: men | event_stage: men's preliminary round - group b | stage: preliminary round - group b | gender: m | discipline_name: water polo | discipline_code: wpo | venue: aquatics centre | participant_code: wpomteam7---jpn01 | participant_name: japan | participant_type: team | participant_country_code: jpn | participant_country: japan | result: 15 | result_type: points | result_WLT: l | start_order: 2
date: 2024-07-29t13:48:29+02:00 | stage_code: wpomteam7-------------gpa-000100-- | event_code: wpomteam7 | event_name: men | event_stage: men's preliminary round - group a | stage: preliminary round - group a | gender: m | discipline_name: water polo | discipline_code: wpo | venue: aquatics centre | participant_code: wpomteam7---ita01 | participant_name: italy | participant_type: team | participant_country_code: ita | participant_country: italy | result: 12 | result_type: points | result_WLT: w | start_order: 1
date: 2024-07-29t13:48:29+02:00 | stage_code: wpomteam7-------------gpa-000100-- | event_code: wpomteam7 | event_name: men | event_stage: men's preliminary round - group a | stage: preliminary round - group a | gender: m | discipline_name: water polo | discipline_code: wpo | venue: aquatics centre | participant_code: wpomteam7---usa01 | participant_name: united states of america | participant_type: team | participant_country_code: usa | participant_country: united states | result: 8 | result_type: points | result_WLT: l | start_order: 2
date: 2024-07-29t13:48:35+02:00 | stage_code: wpomteam7-------------gpa-000200-- | event_code: wpomteam7 | event_name: men | event_stage: men's preliminary round - group a | stage: preliminary round - group a | gender: m | discipline_name: water polo | discipline_code: wpo | venue: aquatics centre | participant_code: wpomteam7---cro01 | participant_name: croatia | participant_type: team | participant_country_code: cro | participant_country: croatia | result: 11 | result_type: points | result_WLT: w | start_order: 1
date: 2024-07-29t13:48:35+02:00 | stage_code: wpomteam7-------------gpa-000200-- | event_code: wpomteam7 | event_name: men | event_stage: men's preliminary round - group a | stage: preliminary round - group a | gender: m | discipline_name: water polo | discipline_code: wpo | venue: aquatics centre | participant_code: wpomteam7---mne01 | participant_name: montenegro | participant_type: team | participant_country_code: mne | participant_country: montenegro | result: 8 | result_type: points | result_WLT: l | start_order: 2
date: 2024-07-29t13:48:45+02:00 | stage_code: wpomteam7-------------gpa-000300-- | event_code: wpomteam7 | event_name: men | event_stage: men's preliminary round - group a | stage: preliminary round - group a | gender: m | discipline_name: water polo | discipline_code: wpo | venue: aquatics centre | participant_code: wpomteam7---rou01 | participant_name: romania | participant_type: team | participant_country_code: rou | participant_country: romania | result: 7 | result_type: points | result_WLT: l | start_order: 1
date: 2024-07-29t13:48:45+02:00 | stage_code: wpomteam7-------------gpa-000300-- | event_code: wpomteam7 | event_name: men | event_stage: men's preliminary round - group a | stage: preliminary round - group a | gender: m | discipline_name: water polo | discipline_code: wpo | venue: aquatics centre | participant_code: wpomteam7---gre01 | participant_name: greece | participant_type: team | participant_country_code: gre | participant_country: greece | result: 14 | result_type: points | result_WLT: w | start_order: 2
date: 2024-07-29t23:44:47+02:00 | stage_code: wpomteam7-------------gpb-000300-- | event_code: wpomteam7 | event_name: men | event_stage: men's preliminary round - group b | stage: preliminary round - group b | gender: m | discipline_name: water polo | discipline_code: wpo | venue: aquatics centre | participant_code: wpomteam7---fra01 | participant_name: france | participant_type: team | participant_country_code: fra | participant_country: france | result: 12 | result_type: points | result_WLT: l | start_order: 1
date: 2024-07-29t23:44:47+02:00 | stage_code: wpomteam7-------------gpb-000300-- | event_code: wpomteam7 | event_name: men | event_stage: men's preliminary round - group b | stage: preliminary round - group b | gender: m | discipline_name: water polo | discipline_code: wpo | venue: aquatics centre | participant_code: wpomteam7---hun01 | participant_name: hungary | participant_type: team | participant_country_code: hun | participant_country: hungary | result: 13 | result_type: points | result_WLT: w | start_order: 2
date: 2024-07-30t11:38:44+02:00 | stage_code: wpomteam7-------------gpb-000400-- | event_code: wpomteam7 | event_name: men | event_stage: men's preliminary round - group b | stage: preliminary round - group b | gender: m | discipline_name: water polo | discipline_code: wpo | venue: aquatics centre | participant_code: wpomteam7---aus01 | participant_name: australia | participant_type: team | participant_country_code: aus | participant_country: australia | result: 8 | result_type: points | result_WLT: w | start_order: 1
date: 2024-07-30t11:38:44+02:00 | stage_code: wpomteam7-------------gpb-000400-- | event_code: wpomteam7 | event_name: men | event_stage: men's preliminary round - group b | stage: preliminary round - group b | gender: m | discipline_name: water polo | discipline_code: wpo | venue: aquatics centre | participant_code: wpomteam7---srb01 | participant_name: serbia | participant_type: team | participant_country_code: srb | participant_country: serbia | result: 3 | result_type: points | result_WLT: l | start_order: 2
date: 2024-07-30t16:13:03+02:00 | stage_code: wpomteam7-------------gpb-000500-- | event_code: wpomteam7 | event_name: men | event_stage: men's preliminary round - group b | stage: preliminary round - group b | gender: m | discipline_name: water polo | discipline_code: wpo | venue: aquatics centre | participant_code: wpomteam7---jpn01 | participant_name: japan | participant_type: team | participant_country_code: jpn | participant_country: japan | result: 13 | result_type: points | result_WLT: l | start_order: 1
date: 2024-07-30t16:13:03+02:00 | stage_code: wpomteam7-------------gpb-000500-- | event_code: wpomteam7 | event_name: men | event_stage: men's preliminary round - group b | stage: preliminary round - group b | gender: m | discipline_name: water polo | discipline_code: wpo | venue: aquatics centre | participant_code: wpomteam7---fra01 | participant_name: france | participant_type: team | participant_country_code: fra | participant_country: france | result: 14 | result_type: points | result_WLT: w | start_order: 2
date: 2024-07-30t17:48:05+02:00 | stage_code: wpomteam7-------------gpa-000500-- | event_code: wpomteam7 | event_name: men | event_stage: men's preliminary round - group a | stage: preliminary round - group a | gender: m | discipline_name: water polo | discipline_code: wpo | venue: aquatics centre | participant_code: wpomteam7---usa01 | participant_name: united states of america | participant_type: team | participant_country_code: usa | participant_country: united states | result: 14 | result_type: points | result_WLT: w | start_order: 1
date: 2024-07-30t17:48:05+02:00 | stage_code: wpomteam7-------------gpa-000500-- | event_code: wpomteam7 | event_name: men | event_stage: men's preliminary round - group a | stage: preliminary round - group a | gender: m | discipline_name: water polo | discipline_code: wpo | venue: aquatics centre | participant_code: wpomteam7---rou01 | participant_name: romania | participant_type: team | participant_country_code: rou | participant_country: romania | result: 8 | result_type: points | result_WLT: l | start_order: 2
date: 2024-07-30t22:28:15+02:00 | stage_code: wpomteam7-------------gpb-000600-- | event_code: wpomteam7 | event_name: men | event_stage: men's preliminary round - group b | stage: preliminary round - group b | gender: m | discipline_name: water polo | discipline_code: wpo | venue: aquatics centre | participant_code: wpomteam7---esp01 | participant_name: spain | participant_type: team | participant_country_code: esp | participant_country: spain | result: 10 | result_type: points | result_WLT: w | start_order: 1
date: 2024-07-30t22:28:15+02:00 | stage_code: wpomteam7-------------gpb-000600-- | event_code: wpomteam7 | event_name: men | event_stage: men's preliminary round - group b | stage: preliminary round - group b | gender: m | discipline_name: water polo | discipline_code: wpo | venue: aquatics centre | participant_code: wpomteam7---hun01 | participant_name: hungary | participant_type: team | participant_country_code: hun | participant_country: hungary | result: 7 | result_type: points | result_WLT: l | start_order: 2
date: 2024-07-30t23:08:44+02:00 | stage_code: wpomteam7-------------gpa-000400-- | event_code: wpomteam7 | event_name: men | event_stage: men's preliminary round - group a | stage: preliminary round - group a | gender: m | discipline_name: water polo | discipline_code: wpo | venue: aquatics centre | participant_code: wpomteam7---cro01 | participant_name: croatia | participant_type: team | participant_country_code: cro | participant_country: croatia | result: 11 | result_type: points | result_WLT: l | start_order: 1
date: 2024-07-30t23:08:44+02:00 | stage_code: wpomteam7-------------gpa-000400-- | event_code: wpomteam7 | event_name: men | event_stage: men's preliminary round - group a | stage: preliminary round - group a | gender: m | discipline_name: water polo | discipline_code: wpo | venue: aquatics centre | participant_code: wpomteam7---ita01 | participant_name: italy | participant_type: team | participant_country_code: ita | participant_country: italy | result: 14 | result_type: points | result_WLT: w | start_order: 2
date: 2024-08-01t11:47:28+02:00 | stage_code: wpomteam7-------------gpa-000700-- | event_code: wpomteam7 | event_name: men | event_stage: men's preliminary round - group a | stage: preliminary round - group a | gender: m | discipline_name: water polo | discipline_code: wpo | venue: aquatics centre | participant_code: wpomteam7---gre01 | participant_name: greece | participant_type: team | participant_country_code: gre | participant_country: greece | result: 13 | result_type: points | result_WLT: w | start_order: 1
date: 2024-08-01t11:47:28+02:00 | stage_code: wpomteam7-------------gpa-000700-- | event_code: wpomteam7 | event_name: men | event_stage: men's preliminary round - group a | stage: preliminary round - group a | gender: m | discipline_name: water polo | discipline_code: wpo | venue: aquatics centre | participant_code: wpomteam7---usa01 | participant_name: united states of america | participant_type: team | participant_country_code: usa | participant_country: united states | result: 11 | result_type: points | result_WLT: l | start_order: 2
date: 2024-08-01t13:25:52+02:00 | stage_code: wpomteam7-------------gpb-000700-- | event_code: wpomteam7 | event_name: men | event_stage: men's preliminary round - group b | stage: preliminary round - group b | gender: m | discipline_name: water polo | discipline_code: wpo | venue: aquatics centre | participant_code: wpomteam7---srb01 | participant_name: serbia | participant_type: team | participant_country_code: srb | participant_country: serbia | result: 11 | result_type: points | result_WLT: l | start_order: 1
date: 2024-08-01t13:25:52+02:00 | stage_code: wpomteam7-------------gpb-000700-- | event_code: wpomteam7 | event_name: men | event_stage: men's preliminary round - group b | stage: preliminary round - group b | gender: m | discipline_name: water polo | discipline_code: wpo | venue: aquatics centre | participant_code: wpomteam7---esp01 | participant_name: spain | participant_type: team | participant_country_code: esp | participant_country: spain | result: 15 | result_type: points | result_WLT: w | start_order: 2
date: 2024-08-01t13:42:40+02:00 | stage_code: wpomteam7-------------gpa-000600-- | event_code: wpomteam7 | event_name: men | event_stage: men's preliminary round - group a | stage: preliminary round - group a | gender: m | discipline_name: water polo | discipline_code: wpo | venue: aquatics centre | participant_code: wpomteam7---mne01 | participant_name: montenegro | participant_type: team | participant_country_code: mne | participant_country: montenegro | result: 16 | result_type: points | result_WLT: l | start_order: 1
date: 2024-08-01t13:42:40+02:00 | stage_code: wpomteam7-------------gpa-000600-- | event_code: wpomteam7 | event_name: men | event_stage: men's preliminary round - group a | stage: preliminary round - group a | gender: m | discipline_name: water polo | discipline_code: wpo | venue: aquatics centre | participant_code: wpomteam7---gre01 | participant_name: greece | participant_type: team | participant_country_code: gre | participant_country: greece | result: 17 | result_type: points | result_WLT: w | start_order: 2
date: 2024-08-01t16:11:44+02:00 | stage_code: wpomteam7-------------gpb-000800-- | event_code: wpomteam7 | event_name: men | event_stage: men's preliminary round - group b | stage: preliminary round - group b | gender: m | discipline_name: water polo | discipline_code: wpo | venue: aquatics centre | participant_code: wpomteam7---fra01 | participant_name: france | participant_type: team | participant_country_code: fra | participant_country: france | result: 8 | result_type: points | result_WLT: l | start_order: 1
date: 2024-08-01t16:11:44+02:00 | stage_code: wpomteam7-------------gpb-000800-- | event_code: wpomteam7 | event_name: men | event_stage: men's preliminary round - group b | stage: preliminary round - group b | gender: m | discipline_name: water polo | discipline_code: wpo | venue: aquatics centre | participant_code: wpomteam7---aus01 | participant_name: australia | participant_type: team | participant_country_code: aus | participant_country: australia | result: 9 | result_type: points | result_WLT: w | start_order: 2
date: 2024-08-01t17:54:30+02:00 | stage_code: wpomteam7-------------gpa-000800-- | event_code: wpomteam7 | event_name: men | event_stage: men's preliminary round - group a | stage: preliminary round - group a | gender: m | discipline_name: water polo | discipline_code: wpo | venue: aquatics centre | participant_code: wpomteam7---ita01 | participant_name: italy | participant_type: team | participant_country_code: ita | participant_country: italy | result: 11 | result_type: points | result_WLT: w | start_order: 1
date: 2024-08-01t17:54:30+02:00 | stage_code: wpomteam7-------------gpa-000800-- | event_code: wpomteam7 | event_name: men | event_stage: men's preliminary round - group a | stage: preliminary round - group a | gender: m | discipline_name: water polo | discipline_code: wpo | venue: aquatics centre | participant_code: wpomteam7---mne01 | participant_name: montenegro | participant_type: team | participant_country_code: mne | participant_country: montenegro | result: 9 | result_type: points | result_WLT: l | start_order: 2
date: 2024-08-01t20:35:49+02:00 | stage_code: wpomteam7-------------gpa-000900-- | event_code: wpomteam7 | event_name: men | event_stage: men's preliminary round - group a | stage: preliminary round - group a | gender: m | discipline_name: water polo | discipline_code: wpo | venue: aquatics centre | participant_code: wpomteam7---rou01 | participant_name: romania | participant_type: team | participant_country_code: rou | participant_country: romania | result: 8 | result_type: points | result_WLT: l | start_order: 1
date: 2024-08-01t20:35:49+02:00 | stage_code: wpomteam7-------------gpa-000900-- | event_code: wpomteam7 | event_name: men | event_stage: men's preliminary round - group a | stage: preliminary round - group a | gender: m | discipline_name: water polo | discipline_code: wpo | venue: aquatics centre | participant_code: wpomteam7---cro01 | participant_name: croatia | participant_type: team | participant_country_code: cro | participant_country: croatia | result: 11 | result_type: points | result_WLT: w | start_order: 2
date: 2024-08-01t22:18:03+02:00 | stage_code: wpomteam7-------------gpb-000900-- | event_code: wpomteam7 | event_name: men | event_stage: men's preliminary round - group b | stage: preliminary round - group b | gender: m | discipline_name: water polo | discipline_code: wpo | venue: aquatics centre | participant_code: wpomteam7---hun01 | participant_name: hungary | participant_type: team | participant_country_code: hun | participant_country: hungary | result: 17 | result_type: points | result_WLT: w | start_order: 1
date: 2024-08-01t22:18:03+02:00 | stage_code: wpomteam7-------------gpb-000900-- | event_code: wpomteam7 | event_name: men | event_stage: men's preliminary round - group b | stage: preliminary round - group b | gender: m | discipline_name: water polo | discipline_code: wpo | venue: aquatics centre | participant_code: wpomteam7---jpn01 | participant_name: japan | participant_type: team | participant_country_code: jpn | participant_country: japan | result: 10 | result_type: points | result_WLT: l | start_order: 2
date: 2024-08-03t11:38:23+02:00 | stage_code: wpomteam7-------------gpb-001000-- | event_code: wpomteam7 | event_name: men | event_stage: men's preliminary round - group b | stage: preliminary round - group b | gender: m | discipline_name: water polo | discipline_code: wpo | venue: aquatics centre | participant_code: wpomteam7---esp01 | participant_name: spain | participant_type: team | participant_country_code: esp | participant_country: spain | result: 23 | result_type: points | result_WLT: w | start_order: 1
date: 2024-08-03t11:38:23+02:00 | stage_code: wpomteam7-------------gpb-001000-- | event_code: wpomteam7 | event_name: men | event_stage: men's preliminary round - group b | stage: preliminary round - group b | gender: m | discipline_name: water polo | discipline_code: wpo | venue: aquatics centre | participant_code: wpomteam7---jpn01 | participant_name: japan | participant_type: team | participant_country_code: jpn | participant_country: japan | result: 8 | result_type: points | result_WLT: l | start_order: 2
date: 2024-08-03t13:33:12+02:00 | stage_code: wpomteam7-------------gpa-001000-- | event_code: wpomteam7 | event_name: men | event_stage: men's preliminary round - group a | stage: preliminary round - group a | gender: m | discipline_name: water polo | discipline_code: wpo | venue: aquatics centre | participant_code: wpomteam7---cro01 | participant_name: croatia | participant_type: team | participant_country_code: cro | participant_country: croatia | result: 14 | result_type: points | result_WLT: w | start_order: 1
date: 2024-08-03t13:33:12+02:00 | stage_code: wpomteam7-------------gpa-001000-- | event_code: wpomteam7 | event_name: men | event_stage: men's preliminary round - group a | stage: preliminary round - group a | gender: m | discipline_name: water polo | discipline_code: wpo | venue: aquatics centre | participant_code: wpomteam7---gre01 | participant_name: greece | participant_type: team | participant_country_code: gre | participant_country: greece | result: 13 | result_type: points | result_WLT: l | start_order: 2
date: 2024-08-03t16:08:55+02:00 | stage_code: wpomteam7-------------gpb-001100-- | event_code: wpomteam7 | event_name: men | event_stage: men's preliminary round - group b | stage: preliminary round - group b | gender: m | discipline_name: water polo | discipline_code: wpo | venue: aquatics centre | participant_code: wpomteam7---aus01 | participant_name: australia | participant_type: team | participant_country_code: aus | participant_country: australia | result: 9 | result_type: points | result_WLT: w | start_order: 1
date: 2024-08-03t16:08:55+02:00 | stage_code: wpomteam7-------------gpb-001100-- | event_code: wpomteam7 | event_name: men | event_stage: men's preliminary round - group b | stage: preliminary round - group b | gender: m | discipline_name: water polo | discipline_code: wpo | venue: aquatics centre | participant_code: wpomteam7---hun01 | participant_name: hungary | participant_type: team | participant_country_code: hun | participant_country: hungary | result: 8 | result_type: points | result_WLT: l | start_order: 2
date: 2024-08-03t17:53:38+02:00 | stage_code: wpomteam7-------------gpa-001100-- | event_code: wpomteam7 | event_name: men | event_stage: men's preliminary round - group a | stage: preliminary round - group a | gender: m | discipline_name: water polo | discipline_code: wpo | venue: aquatics centre | participant_code: wpomteam7---mne01 | participant_name: montenegro | participant_type: team | participant_country_code: mne | participant_country: montenegro | result: 7 | result_type: points | result_WLT: l | start_order: 1
date: 2024-08-03t17:53:38+02:00 | stage_code: wpomteam7-------------gpa-001100-- | event_code: wpomteam7 | event_name: men | event_stage: men's preliminary round - group a | stage: preliminary round - group a | gender: m | discipline_name: water polo | discipline_code: wpo | venue: aquatics centre | participant_code: wpomteam7---usa01 | participant_name: united states of america | participant_type: team | participant_country_code: usa | participant_country: united states | result: 12 | result_type: points | result_WLT: w | start_order: 2
date: 2024-08-03t20:43:19+02:00 | stage_code: wpomteam7-------------gpb-001200-- | event_code: wpomteam7 | event_name: men | event_stage: men's preliminary round - group b | stage: preliminary round - group b | gender: m | discipline_name: water polo | discipline_code: wpo | venue: aquatics centre | participant_code: wpomteam7---srb01 | participant_name: serbia | participant_type: team | participant_country_code: srb | participant_country: serbia | result: 15 | result_type: points | result_WLT: w | start_order: 1
date: 2024-08-03t20:43:19+02:00 | stage_code: wpomteam7-------------gpb-001200-- | event_code: wpomteam7 | event_name: men | event_stage: men's preliminary round - group b | stage: preliminary round - group b | gender: m | discipline_name: water polo | discipline_code: wpo | venue: aquatics centre | participant_code: wpomteam7---fra01 | participant_name: france | participant_type: team | participant_country_code: fra | participant_country: france | result: 8 | result_type: points | result_WLT: l | start_order: 2
date: 2024-08-03t22:17:41+02:00 | stage_code: wpomteam7-------------gpa-001200-- | event_code: wpomteam7 | event_name: men | event_stage: men's preliminary round - group a | stage: preliminary round - group a | gender: m | discipline_name: water polo | discipline_code: wpo | venue: aquatics centre | participant_code: wpomteam7---ita01 | participant_name: italy | participant_type: team | participant_country_code: ita | participant_country: italy | result: 18 | result_type: points | result_WLT: w | start_order: 1
date: 2024-08-03t22:17:41+02:00 | stage_code: wpomteam7-------------gpa-001200-- | event_code: wpomteam7 | event_name: men | event_stage: men's preliminary round - group a | stage: preliminary round - group a | gender: m | discipline_name: water polo | discipline_code: wpo | venue: aquatics centre | participant_code: wpomteam7---rou01 | participant_name: romania | participant_type: team | participant_country_code: rou | participant_country: romania | result: 7 | result_type: points | result_WLT: l | start_order: 2
date: 2024-08-05t13:15:29+02:00 | stage_code: wpomteam7-------------gpb-001300-- | event_code: wpomteam7 | event_name: men | event_stage: men's preliminary round - group b | stage: preliminary round - group b | gender: m | discipline_name: water polo | discipline_code: wpo | venue: paris la defense arena | participant_code: wpomteam7---hun01 | participant_name: hungary | participant_type: team | participant_country_code: hun | participant_country: hungary | result: 17 | result_type: points | result_WLT: w | start_order: 1
date: 2024-08-05t13:15:29+02:00 | stage_code: wpomteam7-------------gpb-001300-- | event_code: wpomteam7 | event_name: men | event_stage: men's preliminary round - group b | stage: preliminary round - group b | gender: m | discipline_name: water polo | discipline_code: wpo | venue: paris la defense arena | participant_code: wpomteam7---srb01 | participant_name: serbia | participant_type: team | participant_country_code: srb | participant_country: serbia | result: 13 | result_type: points | result_WLT: l | start_order: 2
date: 2024-08-05t14:58:59+02:00 | stage_code: wpomteam7-------------gpb-001400-- | event_code: wpomteam7 | event_name: men | event_stage: men's preliminary round - group b | stage: preliminary round - group b | gender: m | discipline_name: water polo | discipline_code: wpo | venue: paris la defense arena | participant_code: wpomteam7---aus01 | participant_name: australia | participant_type: team | participant_country_code: aus | participant_country: australia | result: 13 | result_type: points | result_WLT: l | start_order: 1
date: 2024-08-05t14:58:59+02:00 | stage_code: wpomteam7-------------gpb-001400-- | event_code: wpomteam7 | event_name: men | event_stage: men's preliminary round - group b | stage: preliminary round - group b | gender: m | discipline_name: water polo | discipline_code: wpo | venue: paris la defense arena | participant_code: wpomteam7---jpn01 | participant_name: japan | participant_type: team | participant_country_code: jpn | participant_country: japan | result: 14 | result_type: points | result_WLT: w | start_order: 2
date: 2024-08-05t16:24:00+02:00 | stage_code: wpomteam7-------------gpa-001300-- | event_code: wpomteam7 | event_name: men | event_stage: men's preliminary round - group a | stage: preliminary round - group a | gender: m | discipline_name: water polo | discipline_code: wpo | venue: paris la defense arena | participant_code: wpomteam7---gre01 | participant_name: greece | participant_type: team | participant_country_code: gre | participant_country: greece | result: 9 | result_type: points | result_WLT: w | start_order: 1
date: 2024-08-05t16:24:00+02:00 | stage_code: wpomteam7-------------gpa-001300-- | event_code: wpomteam7 | event_name: men | event_stage: men's preliminary round - group a | stage: preliminary round - group a | gender: m | discipline_name: water polo | discipline_code: wpo | venue: paris la defense arena | participant_code: wpomteam7---ita01 | participant_name: italy | participant_type: team | participant_country_code: ita | participant_country: italy | result: 8 | result_type: points | result_WLT: l | start_order: 2
date: 2024-08-05t19:47:23+02:00 | stage_code: wpomteam7-------------gpa-001400-- | event_code: wpomteam7 | event_name: men | event_stage: men's preliminary round - group a | stage: preliminary round - group a | gender: m | discipline_name: water polo | discipline_code: wpo | venue: paris la defense arena | participant_code: wpomteam7---cro01 | participant_name: croatia | participant_type: team | participant_country_code: cro | participant_country: croatia | result: 11 | result_type: points | result_WLT: l | start_order: 1
date: 2024-08-05t19:47:23+02:00 | stage_code: wpomteam7-------------gpa-001400-- | event_code: wpomteam7 | event_name: men | event_stage: men's preliminary round - group a | stage: preliminary round - group a | gender: m | discipline_name: water polo | discipline_code: wpo | venue: paris la defense arena | participant_code: wpomteam7---usa01 | participant_name: united states of america | participant_type: team | participant_country_code: usa | participant_country: united states | result: 14 | result_type: points | result_WLT: w | start_order: 2
date: 2024-08-05t21:13:34+02:00 | stage_code: wpomteam7-------------gpb-001500-- | event_code: wpomteam7 | event_name: men | event_stage: men's preliminary round - group b | stage: preliminary round - group b | gender: m | discipline_name: water polo | discipline_code: wpo | venue: paris la defense arena | participant_code: wpomteam7---fra01 | participant_name: france | participant_type: team | participant_country_code: fra | participant_country: france | result: 8 | result_type: points | result_WLT: l | start_order: 1
date: 2024-08-05t21:13:34+02:00 | stage_code: wpomteam7-------------gpb-001500-- | event_code: wpomteam7 | event_name: men | event_stage: men's preliminary round - group b | stage: preliminary round - group b | gender: m | discipline_name: water polo | discipline_code: wpo | venue: paris la defense arena | participant_code: wpomteam7---esp01 | participant_name: spain | participant_type: team | participant_country_code: esp | participant_country: spain | result: 10 | result_type: points | result_WLT: w | start_order: 2
date: 2024-08-05t22:47:53+02:00 | stage_code: wpomteam7-------------gpa-001500-- | event_code: wpomteam7 | event_name: men | event_stage: men's preliminary round - group a | stage: preliminary round - group a | gender: m | discipline_name: water polo | discipline_code: wpo | venue: paris la defense arena | participant_code: wpomteam7---rou01 | participant_name: romania | participant_type: team | participant_country_code: rou | participant_country: romania | result: 7 | result_type: points | result_WLT: l | start_order: 1
date: 2024-08-05t22:47:53+02:00 | stage_code: wpomteam7-------------gpa-001500-- | event_code: wpomteam7 | event_name: men | event_stage: men's preliminary round - group a | stage: preliminary round - group a | gender: m | discipline_name: water polo | discipline_code: wpo | venue: paris la defense arena | participant_code: wpomteam7---mne01 | participant_name: montenegro | participant_type: team | participant_country_code: mne | participant_country: montenegro | result: 10 | result_type: points | result_WLT: w | start_order: 2
date: 2024-08-07t15:12:25+02:00 | stage_code: wpomteam7-------------qfnl000400-- | event_code: wpomteam7 | event_name: men | event_stage: men's quarterfinal | stage: quarterfinal | gender: m | discipline_name: water polo | discipline_code: wpo | venue: paris la defense arena | participant_code: wpomteam7---cro01 | participant_name: croatia | participant_type: team | participant_country_code: cro | participant_country: croatia | result: 10 | result_type: points | result_WLT: w | start_order: 1
date: 2024-08-07t15:12:25+02:00 | stage_code: wpomteam7-------------qfnl000400-- | event_code: wpomteam7 | event_name: men | event_stage: men's quarterfinal | stage: quarterfinal | gender: m | discipline_name: water polo | discipline_code: wpo | venue: paris la defense arena | participant_code: wpomteam7---esp01 | participant_name: spain | participant_type: team | participant_country_code: esp | participant_country: spain | result: 8 | result_type: points | result_WLT: l | start_order: 2
date: 2024-08-07t16:52:47+02:00 | stage_code: wpomteam7-------------qfnl000100-- | event_code: wpomteam7 | event_name: men | event_stage: men's quarterfinal | stage: quarterfinal | gender: m | discipline_name: water polo | discipline_code: wpo | venue: paris la defense arena | participant_code: wpomteam7---gre01 | participant_name: greece | participant_type: team | participant_country_code: gre | participant_country: greece | result: 11 | result_type: points | result_WLT: l | start_order: 1
date: 2024-08-07t16:52:47+02:00 | stage_code: wpomteam7-------------qfnl000100-- | event_code: wpomteam7 | event_name: men | event_stage: men's quarterfinal | stage: quarterfinal | gender: m | discipline_name: water polo | discipline_code: wpo | venue: paris la defense arena | participant_code: wpomteam7---srb01 | participant_name: serbia | participant_type: team | participant_country_code: srb | participant_country: serbia | result: 12 | result_type: points | result_WLT: w | start_order: 2
date: 2024-08-07t23:29:23+02:00 | stage_code: wpomteam7-------------qfnl000200-- | event_code: wpomteam7 | event_name: men | event_stage: men's quarterfinal | stage: quarterfinal | gender: m | discipline_name: water polo | discipline_code: wpo | venue: paris la defense arena | participant_code: wpomteam7---usa01 | participant_name: united states of america | participant_type: team | participant_country_code: usa | participant_country: united states | result: 11 | result_type: points | result_WLT: w | start_order: 1
date: 2024-08-07t23:29:23+02:00 | stage_code: wpomteam7-------------qfnl000200-- | event_code: wpomteam7 | event_name: men | event_stage: men's quarterfinal | stage: quarterfinal | gender: m | discipline_name: water polo | discipline_code: wpo | venue: paris la defense arena | participant_code: wpomteam7---aus01 | participant_name: australia | participant_type: team | participant_country_code: aus | participant_country: australia | result: 10 | result_type: points | result_WLT: l | start_order: 2
date: 2024-08-08t12:38:10+02:00 | stage_code: wpomteam7-------------qfnl000300-- | event_code: wpomteam7 | event_name: men | event_stage: men's quarterfinal | stage: quarterfinal | gender: m | discipline_name: water polo | discipline_code: wpo | venue: paris la defense arena | participant_code: wpomteam7---ita01 | participant_name: italy | participant_type: team | participant_country_code: ita | participant_country: italy | result: 10 | result_type: points | result_WLT: l | start_order: 1
date: 2024-08-08t12:38:10+02:00 | stage_code: wpomteam7-------------qfnl000300-- | event_code: wpomteam7 | event_name: men | event_stage: men's quarterfinal | stage: quarterfinal | gender: m | discipline_name: water polo | discipline_code: wpo | venue: paris la defense arena | participant_code: wpomteam7---hun01 | participant_name: hungary | participant_type: team | participant_country_code: hun | participant_country: hungary | result: 12 | result_type: points | result_WLT: w | start_order: 2
date: 2024-08-09t14:08:54+02:00 | stage_code: wpomteam7-------------sf5-000200-- | event_code: wpomteam7 | event_name: men | event_stage: men's classification 5th-8th | stage: classification 5th-8th | gender: m | discipline_name: water polo | discipline_code: wpo | venue: paris la defense arena | participant_code: wpomteam7---ita01 | participant_name: italy | participant_type: team | participant_country_code: ita | participant_country: italy | result: 9 | result_type: points | result_WLT: l | start_order: 1
date: 2024-08-09t14:08:54+02:00 | stage_code: wpomteam7-------------sf5-000200-- | event_code: wpomteam7 | event_name: men | event_stage: men's classification 5th-8th | stage: classification 5th-8th | gender: m | discipline_name: water polo | discipline_code: wpo | venue: paris la defense arena | participant_code: wpomteam7---esp01 | participant_name: spain | participant_type: team | participant_country_code: esp | participant_country: spain | result: 11 | result_type: points | result_WLT: w | start_order: 2
date: 2024-08-09t15:49:39+02:00 | stage_code: wpomteam7-------------sfnl000100-- | event_code: wpomteam7 | event_name: men | event_stage: men's semifinal | stage: semifinal | gender: m | discipline_name: water polo | discipline_code: wpo | venue: paris la defense arena | participant_code: wpomteam7---srb01 | participant_name: serbia | participant_type: team | participant_country_code: srb | participant_country: serbia | result: 10 | result_type: points | result_WLT: w | start_order: 1
date: 2024-08-09t15:49:39+02:00 | stage_code: wpomteam7-------------sfnl000100-- | event_code: wpomteam7 | event_name: men | event_stage: men's semifinal | stage: semifinal | gender: m | discipline_name: water polo | discipline_code: wpo | venue: paris la defense arena | participant_code: wpomteam7---usa01 | participant_name: united states of america | participant_type: team | participant_country_code: usa | participant_country: united states | result: 6 | result_type: points | result_WLT: l | start_order: 2
date: 2024-08-09t19:13:28+02:00 | stage_code: wpomteam7-------------sf5-000100-- | event_code: wpomteam7 | event_name: men | event_stage: men's classification 5th-8th | stage: classification 5th-8th | gender: m | discipline_name: water polo | discipline_code: wpo | venue: paris la defense arena | participant_code: wpomteam7---gre01 | participant_name: greece | participant_type: team | participant_country_code: gre | participant_country: greece | result: 15 | result_type: points | result_WLT: w | start_order: 1
date: 2024-08-09t19:13:28+02:00 | stage_code: wpomteam7-------------sf5-000100-- | event_code: wpomteam7 | event_name: men | event_stage: men's classification 5th-8th | stage: classification 5th-8th | gender: m | discipline_name: water polo | discipline_code: wpo | venue: paris la defense arena | participant_code: wpomteam7---aus01 | participant_name: australia | participant_type: team | participant_country_code: aus | participant_country: australia | result: 9 | result_type: points | result_WLT: l | start_order: 2
date: 2024-08-09t20:48:27+02:00 | stage_code: wpomteam7-------------sfnl000200-- | event_code: wpomteam7 | event_name: men | event_stage: men's semifinal | stage: semifinal | gender: m | discipline_name: water polo | discipline_code: wpo | venue: paris la defense arena | participant_code: wpomteam7---hun01 | participant_name: hungary | participant_type: team | participant_country_code: hun | participant_country: hungary | result: 8 | result_type: points | result_WLT: l | start_order: 1
date: 2024-08-09t20:48:27+02:00 | stage_code: wpomteam7-------------sfnl000200-- | event_code: wpomteam7 | event_name: men | event_stage: men's semifinal | stage: semifinal | gender: m | discipline_name: water polo | discipline_code: wpo | venue: paris la defense arena | participant_code: wpomteam7---cro01 | participant_name: croatia | participant_type: team | participant_country_code: cro | participant_country: croatia | result: 9 | result_type: points | result_WLT: w | start_order: 2
date: 2024-08-10t20:41:59+02:00 | stage_code: wpomteam7-------------fnl-000400-- | event_code: wpomteam7 | event_name: men | event_stage: men's classification 7th-8th | stage: classification 7th-8th | gender: m | discipline_name: water polo | discipline_code: wpo | venue: paris la defense arena | participant_code: wpomteam7---aus01 | participant_name: australia | participant_type: team | participant_country_code: aus | participant_country: australia | result: 6 | result_type: points | result_WLT: l | start_order: 1
date: 2024-08-10t20:41:59+02:00 | stage_code: wpomteam7-------------fnl-000400-- | event_code: wpomteam7 | event_name: men | event_stage: men's classification 7th-8th | stage: classification 7th-8th | gender: m | discipline_name: water polo | discipline_code: wpo | venue: paris la defense arena | participant_code: wpomteam7---ita01 | participant_name: italy | participant_type: team | participant_country_code: ita | participant_country: italy | result: 10 | result_type: points | result_WLT: w | start_order: 2
date: 2024-08-11t10:17:08+02:00 | stage_code: wpomteam7-------------fnl-000300-- | event_code: wpomteam7 | event_name: men | event_stage: men's classification 5th-6th | stage: classification 5th-6th | gender: m | discipline_name: water polo | discipline_code: wpo | venue: paris la defense arena | participant_code: wpomteam7---gre01 | participant_name: greece | participant_type: team | participant_country_code: gre | participant_country: greece | result: 15 | result_type: points | result_WLT: w | start_order: 1
date: 2024-08-11t10:17:08+02:00 | stage_code: wpomteam7-------------fnl-000300-- | event_code: wpomteam7 | event_name: men | event_stage: men's classification 5th-6th | stage: classification 5th-6th | gender: m | discipline_name: water polo | discipline_code: wpo | venue: paris la defense arena | participant_code: wpomteam7---esp01 | participant_name: spain | participant_type: team | participant_country_code: esp | participant_country: spain | result: 13 | result_type: points | result_WLT: l | start_order: 2
date: 2024-08-11t11:52:53+02:00 | stage_code: wpomteam7-------------fnl-000200-- | event_code: wpomteam7 | event_name: men | event_stage: men's bronze medal match | stage: bronze medal match | gender: m | discipline_name: water polo | discipline_code: wpo | venue: paris la defense arena | participant_code: wpomteam7---usa01 | participant_name: united states of america | participant_type: team | participant_country_code: usa | participant_country: united states | result: 11 | result_type: points | result_WLT: w | start_order: 1
date: 2024-08-11t11:52:53+02:00 | stage_code: wpomteam7-------------fnl-000200-- | event_code: wpomteam7 | event_name: men | event_stage: men's bronze medal match | stage: bronze medal match | gender: m | discipline_name: water polo | discipline_code: wpo | venue: paris la defense arena | participant_code: wpomteam7---hun01 | participant_name: hungary | participant_type: team | participant_country_code: hun | participant_country: hungary | result: 8 | result_type: points | result_WLT: l | start_order: 2
date: 2024-08-11t15:10:07+02:00 | stage_code: wpomteam7-------------fnl-000100-- | event_code: wpomteam7 | event_name: men | event_stage: men's gold medal match | stage: gold medal match | gender: m | discipline_name: water polo | discipline_code: wpo | venue: paris la defense arena | participant_code: wpomteam7---srb01 | participant_name: serbia | participant_type: team | participant_country_code: srb | participant_country: serbia | result: 13 | result_type: points | result_WLT: w | start_order: 1
date: 2024-08-11t15:10:07+02:00 | stage_code: wpomteam7-------------fnl-000100-- | event_code: wpomteam7 | event_name: men | event_stage: men's gold medal match | stage: gold medal match | gender: m | discipline_name: water polo | discipline_code: wpo | venue: paris la defense arena | participant_code: wpomteam7---cro01 | participant_name: croatia | participant_type: team | participant_country_code: cro | participant_country: croatia | result: 11 | result_type: points | result_WLT: l | start_order: 2
date: 2024-07-28t23:50:34+02:00 | stage_code: wpowteam7-------------gpa-000100-- | event_code: wpowteam7 | event_name: women | event_stage: women's preliminary round - group a | stage: preliminary round - group a | gender: w | discipline_name: water polo | discipline_code: wpo | venue: aquatics centre | participant_code: wpowteam7---ned01 | participant_name: netherlands | participant_type: team | participant_country_code: ned | participant_country: netherlands | result: 10 | result_type: points | result_WLT: w | start_order: 1
date: 2024-07-28t23:50:34+02:00 | stage_code: wpowteam7-------------gpa-000100-- | event_code: wpowteam7 | event_name: women | event_stage: women's preliminary round - group a | stage: preliminary round - group a | gender: w | discipline_name: water polo | discipline_code: wpo | venue: aquatics centre | participant_code: wpowteam7---hun01 | participant_name: hungary | participant_type: team | participant_country_code: hun | participant_country: hungary | result: 8 | result_type: points | result_WLT: l | start_order: 2
date: 2024-07-28t23:50:48+02:00 | stage_code: wpowteam7-------------gpb-000100-- | event_code: wpowteam7 | event_name: women | event_stage: women's preliminary round - group b | stage: preliminary round - group b | gender: w | discipline_name: water polo | discipline_code: wpo | venue: aquatics centre | participant_code: wpowteam7---gre01 | participant_name: greece | participant_type: team | participant_country_code: gre | participant_country: greece | result: 6 | result_type: points | result_WLT: l | start_order: 1
date: 2024-07-28t23:50:48+02:00 | stage_code: wpowteam7-------------gpb-000100-- | event_code: wpowteam7 | event_name: women | event_stage: women's preliminary round - group b | stage: preliminary round - group b | gender: w | discipline_name: water polo | discipline_code: wpo | venue: aquatics centre | participant_code: wpowteam7---usa01 | participant_name: united states of america | participant_type: team | participant_country_code: usa | participant_country: united states | result: 15 | result_type: points | result_WLT: w | start_order: 2
date: 2024-07-28t23:50:56+02:00 | stage_code: wpowteam7-------------gpb-000200-- | event_code: wpowteam7 | event_name: women | event_stage: women's preliminary round - group b | stage: preliminary round - group b | gender: w | discipline_name: water polo | discipline_code: wpo | venue: aquatics centre | participant_code: wpowteam7---esp01 | participant_name: spain | participant_type: team | participant_country_code: esp | participant_country: spain | result: 15 | result_type: points | result_WLT: w | start_order: 1
date: 2024-07-28t23:50:56+02:00 | stage_code: wpowteam7-------------gpb-000200-- | event_code: wpowteam7 | event_name: women | event_stage: women's preliminary round - group b | stage: preliminary round - group b | gender: w | discipline_name: water polo | discipline_code: wpo | venue: aquatics centre | participant_code: wpowteam7---fra01 | participant_name: france | participant_type: team | participant_country_code: fra | participant_country: france | result: 6 | result_type: points | result_WLT: l | start_order: 2
date: 2024-07-28t23:51:04+02:00 | stage_code: wpowteam7-------------gpa-000200-- | event_code: wpowteam7 | event_name: women | event_stage: women's preliminary round - group a | stage: preliminary round - group a | gender: w | discipline_name: water polo | discipline_code: wpo | venue: aquatics centre | participant_code: wpowteam7---aus01 | participant_name: australia | participant_type: team | participant_country_code: aus | participant_country: australia | result: 7 | result_type: points | result_WLT: w | start_order: 1
date: 2024-07-28t23:51:04+02:00 | stage_code: wpowteam7-------------gpa-000200-- | event_code: wpowteam7 | event_name: women | event_stage: women's preliminary round - group a | stage: preliminary round - group a | gender: w | discipline_name: water polo | discipline_code: wpo | venue: aquatics centre | participant_code: wpowteam7---chn01 | participant_name: people's republic of china | participant_type: team | participant_country_code: chn | participant_country: china | result: 5 | result_type: points | result_WLT: l | start_order: 2
date: 2024-07-29t15:08:10+02:00 | stage_code: wpowteam7-------------gpb-000300-- | event_code: wpowteam7 | event_name: women | event_stage: women's preliminary round - group b | stage: preliminary round - group b | gender: w | discipline_name: water polo | discipline_code: wpo | venue: aquatics centre | participant_code: wpowteam7---fra01 | participant_name: france | participant_type: team | participant_country_code: fra | participant_country: france | result: 9 | result_type: points | result_WLT: w | start_order: 1
date: 2024-07-29t15:08:10+02:00 | stage_code: wpowteam7-------------gpb-000300-- | event_code: wpowteam7 | event_name: women | event_stage: women's preliminary round - group b | stage: preliminary round - group b | gender: w | discipline_name: water polo | discipline_code: wpo | venue: aquatics centre | participant_code: wpowteam7---ita01 | participant_name: italy | participant_type: team | participant_country_code: ita | participant_country: italy | result: 8 | result_type: points | result_WLT: l | start_order: 2
date: 2024-07-29t16:44:44+02:00 | stage_code: wpowteam7-------------gpb-000400-- | event_code: wpowteam7 | event_name: women | event_stage: women's preliminary round - group b | stage: preliminary round - group b | gender: w | discipline_name: water polo | discipline_code: wpo | venue: aquatics centre | participant_code: wpowteam7---usa01 | participant_name: united states of america | participant_type: team | participant_country_code: usa | participant_country: united states | result: 11 | result_type: points | result_WLT: l | start_order: 1
date: 2024-07-29t16:44:44+02:00 | stage_code: wpowteam7-------------gpb-000400-- | event_code: wpowteam7 | event_name: women | event_stage: women's preliminary round - group b | stage: preliminary round - group b | gender: w | discipline_name: water polo | discipline_code: wpo | venue: aquatics centre | participant_code: wpowteam7---esp01 | participant_name: spain | participant_type: team | participant_country_code: esp | participant_country: spain | result: 13 | result_type: points | result_WLT: w | start_order: 2
date: 2024-07-29t19:40:20+02:00 | stage_code: wpowteam7-------------gpa-000300-- | event_code: wpowteam7 | event_name: women | event_stage: women's preliminary round - group a | stage: preliminary round - group a | gender: w | discipline_name: water polo | discipline_code: wpo | venue: aquatics centre | participant_code: wpowteam7---chn01 | participant_name: people's republic of china | participant_type: team | participant_country_code: chn | participant_country: china | result: 11 | result_type: points | result_WLT: l | start_order: 1
date: 2024-07-29t19:40:20+02:00 | stage_code: wpowteam7-------------gpa-000300-- | event_code: wpowteam7 | event_name: women | event_stage: women's preliminary round - group a | stage: preliminary round - group a | gender: w | discipline_name: water polo | discipline_code: wpo | venue: aquatics centre | participant_code: wpowteam7---ned01 | participant_name: netherlands | participant_type: team | participant_country_code: ned | participant_country: netherlands | result: 15 | result_type: points | result_WLT: w | start_order: 2
date: 2024-07-29t21:16:39+02:00 | stage_code: wpowteam7-------------gpa-000400-- | event_code: wpowteam7 | event_name: women | event_stage: women's preliminary round - group a | stage: preliminary round - group a | gender: w | discipline_name: water polo | discipline_code: wpo | venue: aquatics centre | participant_code: wpowteam7---hun01 | participant_name: hungary | participant_type: team | participant_country_code: hun | participant_country: hungary | result: 12 | result_type: points | result_WLT: w | start_order: 1
date: 2024-07-29t21:16:39+02:00 | stage_code: wpowteam7-------------gpa-000400-- | event_code: wpowteam7 | event_name: women | event_stage: women's preliminary round - group a | stage: preliminary round - group a | gender: w | discipline_name: water polo | discipline_code: wpo | venue: aquatics centre | participant_code: wpowteam7---can01 | participant_name: canada | participant_type: team | participant_country_code: can | participant_country: canada | result: 7 | result_type: points | result_WLT: l | start_order: 2
date: 2024-07-31t16:41:56+02:00 | stage_code: wpowteam7-------------gpa-000600-- | event_code: wpowteam7 | event_name: women | event_stage: women's preliminary round - group a | stage: preliminary round - group a | gender: w | discipline_name: water polo | discipline_code: wpo | venue: aquatics centre | participant_code: wpowteam7---can01 | participant_name: canada | participant_type: team | participant_country_code: can | participant_country: canada | result: 12 | result_type: points | result_WLT: w | start_order: 1
date: 2024-07-31t16:41:56+02:00 | stage_code: wpowteam7-------------gpa-000600-- | event_code: wpowteam7 | event_name: women | event_stage: women's preliminary round - group a | stage: preliminary round - group a | gender: w | discipline_name: water polo | discipline_code: wpo | venue: aquatics centre | participant_code: wpowteam7---chn01 | participant_name: people's republic of china | participant_type: team | participant_country_code: chn | participant_country: china | result: 7 | result_type: points | result_WLT: l | start_order: 2
date: 2024-07-31t19:40:53+02:00 | stage_code: wpowteam7-------------gpb-000500-- | event_code: wpowteam7 | event_name: women | event_stage: women's preliminary round - group b | stage: preliminary round - group b | gender: w | discipline_name: water polo | discipline_code: wpo | venue: aquatics centre | participant_code: wpowteam7---ita01 | participant_name: italy | participant_type: team | participant_country_code: ita | participant_country: italy | result: 3 | result_type: points | result_WLT: l | start_order: 1
date: 2024-07-31t19:40:53+02:00 | stage_code: wpowteam7-------------gpb-000500-- | event_code: wpowteam7 | event_name: women | event_stage: women's preliminary round - group b | stage: preliminary round - group b | gender: w | discipline_name: water polo | discipline_code: wpo | venue: aquatics centre | participant_code: wpowteam7---usa01 | participant_name: united states of america | participant_type: team | participant_country_code: usa | participant_country: united states | result: 10 | result_type: points | result_WLT: w | start_order: 2
date: 2024-07-31t21:09:25+02:00 | stage_code: wpowteam7-------------gpb-000600-- | event_code: wpowteam7 | event_name: women | event_stage: women's preliminary round - group b | stage: preliminary round - group b | gender: w | discipline_name: water polo | discipline_code: wpo | venue: aquatics centre | participant_code: wpowteam7---esp01 | participant_name: spain | participant_type: team | participant_country_code: esp | participant_country: spain | result: 10 | result_type: points | result_WLT: w | start_order: 1
date: 2024-07-31t21:09:25+02:00 | stage_code: wpowteam7-------------gpb-000600-- | event_code: wpowteam7 | event_name: women | event_stage: women's preliminary round - group b | stage: preliminary round - group b | gender: w | discipline_name: water polo | discipline_code: wpo | venue: aquatics centre | participant_code: wpowteam7---gre01 | participant_name: greece | participant_type: team | participant_country_code: gre | participant_country: greece | result: 8 | result_type: points | result_WLT: l | start_order: 2
date: 2024-08-01t13:44:16+02:00 | stage_code: wpowteam7-------------gpa-000500-- | event_code: wpowteam7 | event_name: women | event_stage: women's preliminary round - group a | stage: preliminary round - group a | gender: w | discipline_name: water polo | discipline_code: wpo | venue: aquatics centre | participant_code: wpowteam7---ned01 | participant_name: netherlands | participant_type: team | participant_country_code: ned | participant_country: netherlands | result: 14 | result_type: points | result_WLT: l | start_order: 1
date: 2024-08-01t13:44:16+02:00 | stage_code: wpowteam7-------------gpa-000500-- | event_code: wpowteam7 | event_name: women | event_stage: women's preliminary round - group a | stage: preliminary round - group a | gender: w | discipline_name: water polo | discipline_code: wpo | venue: aquatics centre | participant_code: wpowteam7---aus01 | participant_name: australia | participant_type: team | participant_country_code: aus | participant_country: australia | result: 15 | result_type: points | result_WLT: w | start_order: 2
date: 2024-08-02t15:12:17+02:00 | stage_code: wpowteam7-------------gpa-000700-- | event_code: wpowteam7 | event_name: women | event_stage: women's preliminary round - group a | stage: preliminary round - group a | gender: w | discipline_name: water polo | discipline_code: wpo | venue: aquatics centre | participant_code: wpowteam7---aus01 | participant_name: australia | participant_type: team | participant_country_code: aus | participant_country: australia | result: 10 | result_type: points | result_WLT: w | start_order: 1
date: 2024-08-02t15:12:17+02:00 | stage_code: wpowteam7-------------gpa-000700-- | event_code: wpowteam7 | event_name: women | event_stage: women's preliminary round - group a | stage: preliminary round - group a | gender: w | discipline_name: water polo | discipline_code: wpo | venue: aquatics centre | participant_code: wpowteam7---can01 | participant_name: canada | participant_type: team | participant_country_code: can | participant_country: canada | result: 7 | result_type: points | result_WLT: l | start_order: 2
date: 2024-08-02t16:42:11+02:00 | stage_code: wpowteam7-------------gpb-000700-- | event_code: wpowteam7 | event_name: women | event_stage: women's preliminary round - group b | stage: preliminary round - group b | gender: w | discipline_name: water polo | discipline_code: wpo | venue: aquatics centre | participant_code: wpowteam7---gre01 | participant_name: greece | participant_type: team | participant_country_code: gre | participant_country: greece | result: 8 | result_type: points | result_WLT: l | start_order: 1
date: 2024-08-02t16:42:11+02:00 | stage_code: wpowteam7-------------gpb-000700-- | event_code: wpowteam7 | event_name: women | event_stage: women's preliminary round - group b | stage: preliminary round - group b | gender: w | discipline_name: water polo | discipline_code: wpo | venue: aquatics centre | participant_code: wpowteam7---ita01 | participant_name: italy | participant_type: team | participant_country_code: ita | participant_country: italy | result: 12 | result_type: points | result_WLT: w | start_order: 2
date: 2024-08-02t19:39:33+02:00 | stage_code: wpowteam7-------------gpb-000800-- | event_code: wpowteam7 | event_name: women | event_stage: women's preliminary round - group b | stage: preliminary round - group b | gender: w | discipline_name: water polo | discipline_code: wpo | venue: aquatics centre | participant_code: wpowteam7---usa01 | participant_name: united states of america | participant_type: team | participant_country_code: usa | participant_country: united states | result: 17 | result_type: points | result_WLT: w | start_order: 1
date: 2024-08-02t19:39:33+02:00 | stage_code: wpowteam7-------------gpb-000800-- | event_code: wpowteam7 | event_name: women | event_stage: women's preliminary round - group b | stage: preliminary round - group b | gender: w | discipline_name: water polo | discipline_code: wpo | venue: aquatics centre | participant_code: wpowteam7---fra01 | participant_name: france | participant_type: team | participant_country_code: fra | participant_country: france | result: 5 | result_type: points | result_WLT: l | start_order: 2
date: 2024-08-02t21:18:21+02:00 | stage_code: wpowteam7-------------gpa-000800-- | event_code: wpowteam7 | event_name: women | event_stage: women's preliminary round - group a | stage: preliminary round - group a | gender: w | discipline_name: water polo | discipline_code: wpo | venue: aquatics centre | participant_code: wpowteam7---chn01 | participant_name: people's republic of china | participant_type: team | participant_country_code: chn | participant_country: china | result: 11 | result_type: points | result_WLT: l | start_order: 1
date: 2024-08-02t21:18:21+02:00 | stage_code: wpowteam7-------------gpa-000800-- | event_code: wpowteam7 | event_name: women | event_stage: women's preliminary round - group a | stage: preliminary round - group a | gender: w | discipline_name: water polo | discipline_code: wpo | venue: aquatics centre | participant_code: wpowteam7---hun01 | participant_name: hungary | participant_type: team | participant_country_code: hun | participant_country: hungary | result: 17 | result_type: points | result_WLT: w | start_order: 2
date: 2024-08-04t15:18:02+02:00 | stage_code: wpowteam7-------------gpa-000900-- | event_code: wpowteam7 | event_name: women | event_stage: women's preliminary round - group a | stage: preliminary round - group a | gender: w | discipline_name: water polo | discipline_code: wpo | venue: aquatics centre | participant_code: wpowteam7---hun01 | participant_name: hungary | participant_type: team | participant_country_code: hun | participant_country: hungary | result: 12 | result_type: points | result_WLT: l | start_order: 1
date: 2024-08-04t15:18:02+02:00 | stage_code: wpowteam7-------------gpa-000900-- | event_code: wpowteam7 | event_name: women | event_stage: women's preliminary round - group a | stage: preliminary round - group a | gender: w | discipline_name: water polo | discipline_code: wpo | venue: aquatics centre | participant_code: wpowteam7---aus01 | participant_name: australia | participant_type: team | participant_country_code: aus | participant_country: australia | result: 14 | result_type: points | result_WLT: w | start_order: 2
date: 2024-08-04t16:42:56+02:00 | stage_code: wpowteam7-------------gpb-000900-- | event_code: wpowteam7 | event_name: women | event_stage: women's preliminary round - group b | stage: preliminary round - group b | gender: w | discipline_name: water polo | discipline_code: wpo | venue: aquatics centre | participant_code: wpowteam7---ita01 | participant_name: italy | participant_type: team | participant_country_code: ita | participant_country: italy | result: 11 | result_type: points | result_WLT: l | start_order: 1
date: 2024-08-04t16:42:56+02:00 | stage_code: wpowteam7-------------gpb-000900-- | event_code: wpowteam7 | event_name: women | event_stage: women's preliminary round - group b | stage: preliminary round - group b | gender: w | discipline_name: water polo | discipline_code: wpo | venue: aquatics centre | participant_code: wpowteam7---esp01 | participant_name: spain | participant_type: team | participant_country_code: esp | participant_country: spain | result: 13 | result_type: points | result_WLT: w | start_order: 2
date: 2024-08-04t19:42:32+02:00 | stage_code: wpowteam7-------------gpa-001000-- | event_code: wpowteam7 | event_name: women | event_stage: women's preliminary round - group a | stage: preliminary round - group a | gender: w | discipline_name: water polo | discipline_code: wpo | venue: aquatics centre | participant_code: wpowteam7---can01 | participant_name: canada | participant_type: team | participant_country_code: can | participant_country: canada | result: 11 | result_type: points | result_WLT: l | start_order: 1
date: 2024-08-04t19:42:32+02:00 | stage_code: wpowteam7-------------gpa-001000-- | event_code: wpowteam7 | event_name: women | event_stage: women's preliminary round - group a | stage: preliminary round - group a | gender: w | discipline_name: water polo | discipline_code: wpo | venue: aquatics centre | participant_code: wpowteam7---ned01 | participant_name: netherlands | participant_type: team | participant_country_code: ned | participant_country: netherlands | result: 20 | result_type: points | result_WLT: w | start_order: 2
date: 2024-08-04t21:11:16+02:00 | stage_code: wpowteam7-------------gpb-001000-- | event_code: wpowteam7 | event_name: women | event_stage: women's preliminary round - group b | stage: preliminary round - group b | gender: w | discipline_name: water polo | discipline_code: wpo | venue: aquatics centre | participant_code: wpowteam7---fra01 | participant_name: france | participant_type: team | participant_country_code: fra | participant_country: france | result: 4 | result_type: points | result_WLT: l | start_order: 1
date: 2024-08-04t21:11:16+02:00 | stage_code: wpowteam7-------------gpb-001000-- | event_code: wpowteam7 | event_name: women | event_stage: women's preliminary round - group b | stage: preliminary round - group b | gender: w | discipline_name: water polo | discipline_code: wpo | venue: aquatics centre | participant_code: wpowteam7---gre01 | participant_name: greece | participant_type: team | participant_country_code: gre | participant_country: greece | result: 11 | result_type: points | result_WLT: w | start_order: 2
date: 2024-08-06t15:11:10+02:00 | stage_code: wpowteam7-------------qfnl000400-- | event_code: wpowteam7 | event_name: women | event_stage: women's quarterfinal | stage: quarterfinal | gender: w | discipline_name: water polo | discipline_code: wpo | venue: paris la defense arena | participant_code: wpowteam7---can01 | participant_name: canada | participant_type: team | participant_country_code: can | participant_country: canada | result: 8 | result_type: points | result_WLT: l | start_order: 1
date: 2024-08-06t15:11:10+02:00 | stage_code: wpowteam7-------------qfnl000400-- | event_code: wpowteam7 | event_name: women | event_stage: women's quarterfinal | stage: quarterfinal | gender: w | discipline_name: water polo | discipline_code: wpo | venue: paris la defense arena | participant_code: wpowteam7---esp01 | participant_name: spain | participant_type: team | participant_country_code: esp | participant_country: spain | result: 18 | result_type: points | result_WLT: w | start_order: 2
date: 2024-08-06t16:43:48+02:00 | stage_code: wpowteam7-------------qfnl000300-- | event_code: wpowteam7 | event_name: women | event_stage: women's quarterfinal | stage: quarterfinal | gender: w | discipline_name: water polo | discipline_code: wpo | venue: paris la defense arena | participant_code: wpowteam7---ned01 | participant_name: netherlands | participant_type: team | participant_country_code: ned | participant_country: netherlands | result: 11 | result_type: points | result_WLT: w | start_order: 1
date: 2024-08-06t16:43:48+02:00 | stage_code: wpowteam7-------------qfnl000300-- | event_code: wpowteam7 | event_name: women | event_stage: women's quarterfinal | stage: quarterfinal | gender: w | discipline_name: water polo | discipline_code: wpo | venue: paris la defense arena | participant_code: wpowteam7---ita01 | participant_name: italy | participant_type: team | participant_country_code: ita | participant_country: italy | result: 8 | result_type: points | result_WLT: l | start_order: 2
date: 2024-08-06t20:11:33+02:00 | stage_code: wpowteam7-------------qfnl000100-- | event_code: wpowteam7 | event_name: women | event_stage: women's quarterfinal | stage: quarterfinal | gender: w | discipline_name: water polo | discipline_code: wpo | venue: paris la defense arena | participant_code: wpowteam7---aus01 | participant_name: australia | participant_type: team | participant_country_code: aus | participant_country: australia | result: 9 | result_type: points | result_WLT: w | start_order: 1
date: 2024-08-06t20:11:33+02:00 | stage_code: wpowteam7-------------qfnl000100-- | event_code: wpowteam7 | event_name: women | event_stage: women's quarterfinal | stage: quarterfinal | gender: w | discipline_name: water polo | discipline_code: wpo | venue: paris la defense arena | participant_code: wpowteam7---gre01 | participant_name: greece | participant_type: team | participant_country_code: gre | participant_country: greece | result: 6 | result_type: points | result_WLT: l | start_order: 2
date: 2024-08-06t21:42:50+02:00 | stage_code: wpowteam7-------------qfnl000200-- | event_code: wpowteam7 | event_name: women | event_stage: women's quarterfinal | stage: quarterfinal | gender: w | discipline_name: water polo | discipline_code: wpo | venue: paris la defense arena | participant_code: wpowteam7---hun01 | participant_name: hungary | participant_type: team | participant_country_code: hun | participant_country: hungary | result: 4 | result_type: points | result_WLT: l | start_order: 1
date: 2024-08-06t21:42:50+02:00 | stage_code: wpowteam7-------------qfnl000200-- | event_code: wpowteam7 | event_name: women | event_stage: women's quarterfinal | stage: quarterfinal | gender: w | discipline_name: water polo | discipline_code: wpo | venue: paris la defense arena | participant_code: wpowteam7---usa01 | participant_name: united states of america | participant_type: team | participant_country_code: usa | participant_country: united states | result: 5 | result_type: points | result_WLT: w | start_order: 2
date: 2024-08-08t14:05:27+02:00 | stage_code: wpowteam7-------------sf5-000200-- | event_code: wpowteam7 | event_name: women | event_stage: women's classification 5th-8th | stage: classification 5th-8th | gender: w | discipline_name: water polo | discipline_code: wpo | venue: paris la defense arena | participant_code: wpowteam7---ita01 | participant_name: italy | participant_type: team | participant_country_code: ita | participant_country: italy | result: 10 | result_type: points | result_WLT: w | start_order: 1
date: 2024-08-08t14:05:27+02:00 | stage_code: wpowteam7-------------sf5-000200-- | event_code: wpowteam7 | event_name: women | event_stage: women's classification 5th-8th | stage: classification 5th-8th | gender: w | discipline_name: water polo | discipline_code: wpo | venue: paris la defense arena | participant_code: wpowteam7---can01 | participant_name: canada | participant_type: team | participant_country_code: can | participant_country: canada | result: 5 | result_type: points | result_WLT: l | start_order: 2
date: 2024-08-08t19:07:03+02:00 | stage_code: wpowteam7-------------sf5-000100-- | event_code: wpowteam7 | event_name: women | event_stage: women's classification 5th-8th | stage: classification 5th-8th | gender: w | discipline_name: water polo | discipline_code: wpo | venue: paris la defense arena | participant_code: wpowteam7---gre01 | participant_name: greece | participant_type: team | participant_country_code: gre | participant_country: greece | result: 9 | result_type: points | result_WLT: l | start_order: 1
date: 2024-08-08t19:07:03+02:00 | stage_code: wpowteam7-------------sf5-000100-- | event_code: wpowteam7 | event_name: women | event_stage: women's classification 5th-8th | stage: classification 5th-8th | gender: w | discipline_name: water polo | discipline_code: wpo | venue: paris la defense arena | participant_code: wpowteam7---hun01 | participant_name: hungary | participant_type: team | participant_country_code: hun | participant_country: hungary | result: 12 | result_type: points | result_WLT: w | start_order: 2
date: 2024-08-08t21:04:20+02:00 | stage_code: wpowteam7-------------sfnl000100-- | event_code: wpowteam7 | event_name: women | event_stage: women's semifinal | stage: semifinal | gender: w | discipline_name: water polo | discipline_code: wpo | venue: paris la defense arena | participant_code: wpowteam7---aus01 | participant_name: australia | participant_type: team | participant_country_code: aus | participant_country: australia | result: 14 | result_type: points | result_WLT: w | start_order: 1
date: 2024-08-08t21:04:20+02:00 | stage_code: wpowteam7-------------sfnl000100-- | event_code: wpowteam7 | event_name: women | event_stage: women's semifinal | stage: semifinal | gender: w | discipline_name: water polo | discipline_code: wpo | venue: paris la defense arena | participant_code: wpowteam7---usa01 | participant_name: united states of america | participant_type: team | participant_country_code: usa | participant_country: united states | result: 13 | result_type: points | result_WLT: l | start_order: 2
date: 2024-08-08t21:08:29+02:00 | stage_code: wpowteam7-------------sfnl000200-- | event_code: wpowteam7 | event_name: women | event_stage: women's semifinal | stage: semifinal | gender: w | discipline_name: water polo | discipline_code: wpo | venue: paris la defense arena | participant_code: wpowteam7---ned01 | participant_name: netherlands | participant_type: team | participant_country_code: ned | participant_country: netherlands | result: 18 | result_type: points | result_WLT: l | start_order: 1
date: 2024-08-08t21:08:29+02:00 | stage_code: wpowteam7-------------sfnl000200-- | event_code: wpowteam7 | event_name: women | event_stage: women's semifinal | stage: semifinal | gender: w | discipline_name: water polo | discipline_code: wpo | venue: paris la defense arena | participant_code: wpowteam7---esp01 | participant_name: spain | participant_type: team | participant_country_code: esp | participant_country: spain | result: 19 | result_type: points | result_WLT: w | start_order: 2
date: 2024-08-10t10:10:56+02:00 | stage_code: wpowteam7-------------fnl-000400-- | event_code: wpowteam7 | event_name: women | event_stage: women's classification 7th-8th | stage: classification 7th-8th | gender: w | discipline_name: water polo | discipline_code: wpo | venue: paris la defense arena | participant_code: wpowteam7---gre01 | participant_name: greece | participant_type: team | participant_country_code: gre | participant_country: greece | result: 19 | result_type: points | result_WLT: w | start_order: 1
date: 2024-08-10t10:10:56+02:00 | stage_code: wpowteam7-------------fnl-000400-- | event_code: wpowteam7 | event_name: women | event_stage: women's classification 7th-8th | stage: classification 7th-8th | gender: w | discipline_name: water polo | discipline_code: wpo | venue: paris la defense arena | participant_code: wpowteam7---can01 | participant_name: canada | participant_type: team | participant_country_code: can | participant_country: canada | result: 10 | result_type: points | result_WLT: l | start_order: 2
date: 2024-08-10t11:47:55+02:00 | stage_code: wpowteam7-------------fnl-000200-- | event_code: wpowteam7 | event_name: women | event_stage: women's bronze medal match | stage: bronze medal match | gender: w | discipline_name: water polo | discipline_code: wpo | venue: paris la defense arena | participant_code: wpowteam7---usa01 | participant_name: united states of america | participant_type: team | participant_country_code: usa | participant_country: united states | result: 10 | result_type: points | result_WLT: l | start_order: 1
date: 2024-08-10t11:47:55+02:00 | stage_code: wpowteam7-------------fnl-000200-- | event_code: wpowteam7 | event_name: women | event_stage: women's bronze medal match | stage: bronze medal match | gender: w | discipline_name: water polo | discipline_code: wpo | venue: paris la defense arena | participant_code: wpowteam7---ned01 | participant_name: netherlands | participant_type: team | participant_country_code: ned | participant_country: netherlands | result: 11 | result_type: points | result_WLT: w | start_order: 2
date: 2024-08-10t15:17:51+02:00 | stage_code: wpowteam7-------------fnl-000300-- | event_code: wpowteam7 | event_name: women | event_stage: women's classification 5th-6th | stage: classification 5th-6th | gender: w | discipline_name: water polo | discipline_code: wpo | venue: paris la defense arena | participant_code: wpowteam7---hun01 | participant_name: hungary | participant_type: team | participant_country_code: hun | participant_country: hungary | result: 15 | result_type: points | result_WLT: w | start_order: 1
date: 2024-08-10t15:17:51+02:00 | stage_code: wpowteam7-------------fnl-000300-- | event_code: wpowteam7 | event_name: women | event_stage: women's classification 5th-6th | stage: classification 5th-6th | gender: w | discipline_name: water polo | discipline_code: wpo | venue: paris la defense arena | participant_code: wpowteam7---ita01 | participant_name: italy | participant_type: team | participant_country_code: ita | participant_country: italy | result: 12 | result_type: points | result_WLT: l | start_order: 2
date: 2024-08-10t16:37:57+02:00 | stage_code: wpowteam7-------------fnl-000100-- | event_code: wpowteam7 | event_name: women | event_stage: women's gold medal match | stage: gold medal match | gender: w | discipline_name: water polo | discipline_code: wpo | venue: paris la defense arena | participant_code: wpowteam7---aus01 | participant_name: australia | participant_type: team | participant_country_code: aus | participant_country: australia | result: 9 | result_type: points | result_WLT: l | start_order: 1
date: 2024-08-10t16:37:57+02:00 | stage_code: wpowteam7-------------fnl-000100-- | event_code: wpowteam7 | event_name: women | event_stage: women's gold medal match | stage: gold medal match | gender: w | discipline_name: water polo | discipline_code: wpo | venue: paris la defense arena | participant_code: wpowteam7---esp01 | participant_name: spain | participant_type: team | participant_country_code: esp | participant_country: spain | result: 11 | result_type: points | result_WLT: w | start_order: 2
