text
date: 2024-08-10t22:33:43+02:00 | stage_code: wlfmo102kg------------fnl-000100-- | event_code: wlfmo102kg | event_name: men's +102kg | event_stage: men's +102kg | stage: men's +102kg | gender: m | discipline_name: weightlifting | discipline_code: wlf | venue: south paris arena 6 | participant_code: 1551443 | participant_name: talakhadze lasha | participant_type: person | participant_country_code: geo | participant_country: georgia | rank: 1.0 | result: 470.0 | result_type: weight | result_IRM:  | start_order: 2 | bib: 2.0
date: 2024-08-10t22:33:43+02:00 | stage_code: wlfmo102kg------------fnl-000100-- | event_code: wlfmo102kg | event_name: men's +102kg | event_stage: men's +102kg | stage: men's +102kg | gender: m | discipline_name: weightlifting | discipline_code: wlf | venue: south paris arena 6 | participant_code: 1544424 | participant_name: lalayan varazdat | participant_type: person | participant_country_code: arm | participant_country: armenia | rank: 2.0 | result: 467.0 | result_type: weight | result_IRM:  | start_order: 3 | bib: 3.0
date: 2024-08-10t22:33:43+02:00 | stage_code: wlfmo102kg------------fnl-000100-- | event_code: wlfmo102kg | event_name: men's +102kg | event_stage: men's +102kg | stage: men's +102kg | gender: m | discipline_name: weightlifting | discipline_code: wlf | venue: south paris arena 6 | participant_code: 1540334 | participant_name: minasyan gor | participant_type: person | participant_country_code: brn | participant_country: bahrain | rank: 3.0 | result: 461.0 | result_type: weight | result_IRM:  | start_order: 7 | bib: 7.0
date: 2024-08-10t22:33:43+02:00 | stage_code: wlfmo102kg------------fnl-000100-- | event_code: wlfmo102kg | event_name: men's +102kg | event_stage: men's +102kg | stage: men's +102kg | gender: m | discipline_name: weightlifting | discipline_code: wlf | venue: south paris arena 6 | participant_code: 1536961 | participant_name: davoudi ali | participant_type: person | participant_country_code: iri | participant_country: ir iran | rank: 4.0 | result: 447.0 | result_type: weight | result_IRM:  | start_order: 9 | bib: 9.0
date: 2024-08-10t22:33:43+02:00 | stage_code: wlfmo102kg------------fnl-000100-- | event_code: wlfmo102kg | event_name: men's +102kg | event_stage: men's +102kg | stage: men's +102kg | gender: m | discipline_name: weightlifting | discipline_code: wlf | venue: south paris arena 6 | participant_code: 1968375 | participant_name: asaad man | participant_type: person | participant_country_code: syr | participant_country: syria | rank: 5.0 | result: 438.0 | result_type: weight | result_IRM:  | start_order: 10 | bib: 10.0
date: 2024-08-10t22:33:43+02:00 | stage_code: wlfmo102kg------------fnl-000100-- | event_code: wlfmo102kg | event_name: men's +102kg | event_stage: men's +102kg | stage: men's +102kg | gender: m | discipline_name: weightlifting | discipline_code: wlf | venue: south paris arena 6 | participant_code: 1533359 | participant_name: rubaiawi ali ammar yusur | participant_type: person | participant_country_code: irq | participant_country: iraq | rank: 6.0 | result: 437.0 | result_type: weight | result_IRM:  | start_order: 4 | bib: 4.0
date: 2024-08-10t22:33:43+02:00 | stage_code: wlfmo102kg------------fnl-000100-- | event_code: wlfmo102kg | event_name: men's +102kg | event_stage: men's +102kg | stage: men's +102kg | gender: m | discipline_name: weightlifting | discipline_code: wlf | venue: south paris arena 6 | participant_code: 1562842 | participant_name: abdelaziz elsayed abdelrahman | participant_type: person | participant_country_code: egy | participant_country: egypt | rank: 7.0 | result: 416.0 | result_type: weight | result_IRM:  | start_order: 11 | bib: 11.0
date: 2024-08-10t22:33:43+02:00 | stage_code: wlfmo102kg------------fnl-000100-- | event_code: wlfmo102kg | event_name: men's +102kg | event_stage: men's +102kg | stage: men's +102kg | gender: m | discipline_name: weightlifting | discipline_code: wlf | venue: south paris arena 6 | participant_code: 1926816 | participant_name: liti david | participant_type: person | participant_country_code: nzl | participant_country: new zealand | rank: 8.0 | result: 415.0 | result_type: weight | result_IRM:  | start_order: 12 | bib: 12.0
date: 2024-08-10t22:33:43+02:00 | stage_code: wlfmo102kg------------fnl-000100-- | event_code: wlfmo102kg | event_name: men's +102kg | event_stage: men's +102kg | stage: men's +102kg | gender: m | discipline_name: weightlifting | discipline_code: wlf | venue: south paris arena 6 | participant_code: 1921959 | participant_name: seim mart | participant_type: person | participant_country_code: est | participant_country: estonia | rank: 9.0 | result: 400.0 | result_type: weight | result_IRM:  | start_order: 1 | bib: 1.0
date: 2024-08-10t22:33:43+02:00 | stage_code: wlfmo102kg------------fnl-000100-- | event_code: wlfmo102kg | event_name: men's +102kg | event_stage: men's +102kg | stage: men's +102kg | gender: m | discipline_name: weightlifting | discipline_code: wlf | venue: south paris arena 6 | participant_code: 1891184 | participant_name: murakami eishiro | participant_type: person | participant_country_code: jpn | participant_country: japan | rank: 10.0 | result: 400.0 | result_type: weight | result_IRM:  | start_order: 5 | bib: 5.0
date: 2024-08-10t22:33:43+02:00 | stage_code: wlfmo102kg------------fnl-000100-- | event_code: wlfmo102kg | event_name: men's +102kg | event_stage: men's +102kg | stage: men's +102kg | gender: m | discipline_name: weightlifting | discipline_code: wlf | venue: south paris arena 6 | participant_code: 1563574 | participant_name: kucera kamil | participant_type: person | participant_country_code: cze | participant_country: czechia | rank: 11.0 | result: 250.0 | result_type: weight | result_IRM:  | start_order: 8 | bib: 8.0
date: 2024-08-10t22:33:43+02:00 | stage_code: wlfmo102kg------------fnl-000100-- | event_code: wlfmo102kg | event_name: men's +102kg | event_stage: men's +102kg | stage: men's +102kg | gender: m | discipline_name: weightlifting | discipline_code: wlf | venue: south paris arena 6 | participant_code: 1968951 | participant_name: bidani walid | participant_type: person | participant_country_code: alg | participant_country: algeria | rank:  | result:  | result_type: irm | result_IRM: dnf | start_order: 6 | bib: 6.0
date: 2024-08-10t13:41:55+02:00 | stage_code: wlfm102kg-------------fnl-000100-- | event_code: wlfm102kg | event_name: men's 102kg | event_stage: men's 102kg | stage: men's 102kg | gender: m | discipline_name: weightlifting | discipline_code: wlf | venue: south paris arena 6 | participant_code: 1918369 | participant_name: liu huanhua | participant_type: person | participant_country_code: chn | participant_country: china | rank: 1.0 | result: 406.0 | result_type: weight | result_IRM:  | start_order: 5 | bib: 5.0
date: 2024-08-10t13:41:55+02:00 | stage_code: wlfm102kg-------------fnl-000100-- | event_code: wlfm102kg | event_name: men's 102kg | event_stage: men's 102kg | stage: men's 102kg | gender: m | discipline_name: weightlifting | discipline_code: wlf | venue: south paris arena 6 | participant_code: 1551307 | participant_name: djuraev akbar | participant_type: person | participant_country_code: uzb | participant_country: uzbekistan | rank: 2.0 | result: 404.0 | result_type: weight | result_IRM:  | start_order: 13 | bib: 13.0
date: 2024-08-10t13:41:55+02:00 | stage_code: wlfm102kg-------------fnl-000100-- | event_code: wlfm102kg | event_name: men's 102kg | event_stage: men's 102kg | stage: men's 102kg | gender: m | discipline_name: weightlifting | discipline_code: wlf | venue: south paris arena 6 | participant_code: 1569832 | participant_name: tsikhantsou yauheni | participant_type: person | participant_country_code: ain | participant_country: ain | rank: 3.0 | result: 402.0 | result_type: weight | result_IRM:  | start_order: 4 | bib: 4.0
date: 2024-08-10t13:41:55+02:00 | stage_code: wlfm102kg-------------fnl-000100-- | event_code: wlfm102kg | event_name: men's 102kg | event_stage: men's 102kg | stage: men's 102kg | gender: m | discipline_name: weightlifting | discipline_code: wlf | venue: south paris arena 6 | participant_code: 1544413 | participant_name: karapetyan garik | participant_type: person | participant_country_code: arm | participant_country: armenia | rank: 4.0 | result: 398.0 | result_type: weight | result_IRM:  | start_order: 1 | bib: 1.0
date: 2024-08-10t13:41:55+02:00 | stage_code: wlfm102kg-------------fnl-000100-- | event_code: wlfm102kg | event_name: men's 102kg | event_stage: men's 102kg | stage: men's 102kg | gender: m | discipline_name: weightlifting | discipline_code: wlf | venue: south paris arena 6 | participant_code: 1909905 | participant_name: chkheidze irakli | participant_type: person | participant_country_code: geo | participant_country: georgia | rank: 5.0 | result: 393.0 | result_type: weight | result_IRM:  | start_order: 2 | bib: 2.0
date: 2024-08-10t13:41:55+02:00 | stage_code: wlfm102kg-------------fnl-000100-- | event_code: wlfm102kg | event_name: men's 102kg | event_stage: men's 102kg | stage: men's 102kg | gender: m | discipline_name: weightlifting | discipline_code: wlf | venue: south paris arena 6 | participant_code: 1540335 | participant_name: montano lesman | participant_type: person | participant_country_code: brn | participant_country: bahrain | rank: 6.0 | result: 392.0 | result_type: weight | result_IRM:  | start_order: 11 | bib: 11.0
date: 2024-08-10t13:41:55+02:00 | stage_code: wlfm102kg-------------fnl-000100-- | event_code: wlfm102kg | event_name: men's 102kg | event_stage: men's 102kg | stage: men's 102kg | gender: m | discipline_name: weightlifting | discipline_code: wlf | venue: south paris arena 6 | participant_code: 1894580 | participant_name: mora romero ramiro | participant_type: person | participant_country_code: eor | participant_country: eor | rank: 7.0 | result: 376.0 | result_type: weight | result_IRM:  | start_order: 10 | bib: 10.0
date: 2024-08-10t13:41:55+02:00 | stage_code: wlfm102kg-------------fnl-000100-- | event_code: wlfm102kg | event_name: men's 102kg | event_stage: men's 102kg | stage: men's 102kg | gender: m | discipline_name: weightlifting | discipline_code: wlf | venue: south paris arena 6 | participant_code: 1917151 | participant_name: kitts wes | participant_type: person | participant_country_code: usa | participant_country: united states | rank: 8.0 | result: 374.0 | result_type: weight | result_IRM:  | start_order: 8 | bib: 8.0
date: 2024-08-10t13:41:55+02:00 | stage_code: wlfm102kg-------------fnl-000100-- | event_code: wlfm102kg | event_name: men's 102kg | event_stage: men's 102kg | stage: men's 102kg | gender: m | discipline_name: weightlifting | discipline_code: wlf | venue: south paris arena 6 | participant_code: 1894407 | participant_name: jang yeonhak | participant_type: person | participant_country_code: kor | participant_country: korea | rank: 9.0 | result: 373.0 | result_type: weight | result_IRM:  | start_order: 12 | bib: 12.0
date: 2024-08-10t13:41:55+02:00 | stage_code: wlfm102kg-------------fnl-000100-- | event_code: wlfm102kg | event_name: men's 102kg | event_stage: men's 102kg | stage: men's 102kg | gender: m | discipline_name: weightlifting | discipline_code: wlf | venue: south paris arena 6 | participant_code: 2060840 | participant_name: hasanbayev davranbek | participant_type: person | participant_country_code: tkm | participant_country: turkmenistan | rank: 10.0 | result: 370.0 | result_type: weight | result_IRM:  | start_order: 3 | bib: 3.0
date: 2024-08-10t13:41:55+02:00 | stage_code: wlfm102kg-------------fnl-000100-- | event_code: wlfm102kg | event_name: men's 102kg | event_stage: men's 102kg | stage: men's 102kg | gender: m | discipline_name: weightlifting | discipline_code: wlf | venue: south paris arena 6 | participant_code: 1537661 | participant_name: abuzriba ahmed | participant_type: person | participant_country_code: lba | participant_country: libya | rank:  | result:  | result_type: irm | result_IRM: dnf | start_order: 6 | bib: 6.0
date: 2024-08-10t13:41:55+02:00 | stage_code: wlfm102kg-------------fnl-000100-- | event_code: wlfm102kg | event_name: men's 102kg | event_stage: men's 102kg | stage: men's 102kg | gender: m | discipline_name: weightlifting | discipline_code: wlf | venue: south paris arena 6 | participant_code: 1961699 | participant_name: opeloge don | participant_type: person | participant_country_code: sam | participant_country: samoa | rank:  | result:  | result_type: irm | result_IRM: dnf | start_order: 7 | bib: 7.0
date: 2024-08-10t13:41:55+02:00 | stage_code: wlfm102kg-------------fnl-000100-- | event_code: wlfm102kg | event_name: men's 102kg | event_stage: men's 102kg | stage: men's 102kg | gender: m | discipline_name: weightlifting | discipline_code: wlf | venue: south paris arena 6 | participant_code: 1897330 | participant_name: elbakh faris ibrahim e | participant_type: person | participant_country_code: qat | participant_country: qatar | rank:  | result:  | result_type: irm | result_IRM: dnf | start_order: 9 | bib: 9.0
date: 2024-08-08t18:39:14+02:00 | stage_code: wlfm61kg--------------fnl-000100-- | event_code: wlfm61kg | event_name: men's 61kg | event_stage: men's 61kg | stage: men's 61kg | gender: m | discipline_name: weightlifting | discipline_code: wlf | venue: south paris arena 6 | participant_code: 1918372 | participant_name: li fabin | participant_type: person | participant_country_code: chn | participant_country: china | rank: 1.0 | result: 310.0 | result_type: weight | result_IRM:  | start_order: 8 | bib: 8.0
date: 2024-08-08t18:39:14+02:00 | stage_code: wlfm61kg--------------fnl-000100-- | event_code: wlfm61kg | event_name: men's 61kg | event_stage: men's 61kg | stage: men's 61kg | gender: m | discipline_name: weightlifting | discipline_code: wlf | venue: south paris arena 6 | participant_code: 1898059 | participant_name: silachai theerapong | participant_type: person | participant_country_code: tha | participant_country: thailand | rank: 2.0 | result: 303.0 | result_type: weight | result_IRM:  | start_order: 4 | bib: 4.0
date: 2024-08-08t18:39:14+02:00 | stage_code: wlfm61kg--------------fnl-000100-- | event_code: wlfm61kg | event_name: men's 61kg | event_stage: men's 61kg | stage: men's 61kg | gender: m | discipline_name: weightlifting | discipline_code: wlf | venue: south paris arena 6 | participant_code: 1917153 | participant_name: morris hampton | participant_type: person | participant_country_code: usa | participant_country: united states | rank: 3.0 | result: 298.0 | result_type: weight | result_IRM:  | start_order: 12 | bib: 12.0
date: 2024-08-08t18:39:14+02:00 | stage_code: wlfm61kg--------------fnl-000100-- | event_code: wlfm61kg | event_name: men's 61kg | event_stage: men's 61kg | stage: men's 61kg | gender: m | discipline_name: weightlifting | discipline_code: wlf | venue: south paris arena 6 | participant_code: 1545512 | participant_name: bin kasdan mohamad aniq | participant_type: person | participant_country_code: mas | participant_country: malaysia | rank: 4.0 | result: 297.0 | result_type: weight | result_IRM:  | start_order: 5 | bib: 5.0
date: 2024-08-08t18:39:14+02:00 | stage_code: wlfm61kg--------------fnl-000100-- | event_code: wlfm61kg | event_name: men's 61kg | event_stage: men's 61kg | stage: men's 61kg | gender: m | discipline_name: weightlifting | discipline_code: wlf | venue: south paris arena 6 | participant_code: 1936400 | participant_name: baru morea | participant_type: person | participant_country_code: png | participant_country: papua new guinea | rank: 5.0 | result: 279.0 | result_type: weight | result_IRM:  | start_order: 11 | bib: 11.0
date: 2024-08-08t18:39:14+02:00 | stage_code: wlfm61kg--------------fnl-000100-- | event_code: wlfm61kg | event_name: men's 61kg | event_stage: men's 61kg | stage: men's 61kg | gender: m | discipline_name: weightlifting | discipline_code: wlf | venue: south paris arena 6 | participant_code: 1551445 | participant_name: mishvelidze shota | participant_type: person | participant_country_code: geo | participant_country: georgia | rank: 6.0 | result: 256.0 | result_type: weight | result_IRM:  | start_order: 6 | bib: 6.0
date: 2024-08-08t18:39:14+02:00 | stage_code: wlfm61kg--------------fnl-000100-- | event_code: wlfm61kg | event_name: men's 61kg | event_stage: men's 61kg | stage: men's 61kg | gender: m | discipline_name: weightlifting | discipline_code: wlf | venue: south paris arena 6 | participant_code: 1540310 | participant_name: erati kaimauri | participant_type: person | participant_country_code: kir | participant_country: kiribati | rank: 7.0 | result: 220.0 | result_type: weight | result_IRM:  | start_order: 1 | bib: 1.0
date: 2024-08-08t18:39:14+02:00 | stage_code: wlfm61kg--------------fnl-000100-- | event_code: wlfm61kg | event_name: men's 61kg | event_stage: men's 61kg | stage: men's 61kg | gender: m | discipline_name: weightlifting | discipline_code: wlf | venue: south paris arena 6 | participant_code: 1903002 | participant_name: dimov ivan petkov | participant_type: person | participant_country_code: bul | participant_country: bulgaria | rank:  | result:  | result_type: irm | result_IRM: dnf | start_order: 2 | bib: 2.0
date: 2024-08-08t18:39:14+02:00 | stage_code: wlfm61kg--------------fnl-000100-- | event_code: wlfm61kg | event_name: men's 61kg | event_stage: men's 61kg | stage: men's 61kg | gender: m | discipline_name: weightlifting | discipline_code: wlf | venue: south paris arena 6 | participant_code: 1941696 | participant_name: irawan eko | participant_type: person | participant_country_code: ina | participant_country: indonesia | rank:  | result:  | result_type: irm | result_IRM: dnf | start_order: 3 | bib: 3.0
date: 2024-08-08t18:39:14+02:00 | stage_code: wlfm61kg--------------fnl-000100-- | event_code: wlfm61kg | event_name: men's 61kg | event_stage: men's 61kg | stage: men's 61kg | gender: m | discipline_name: weightlifting | discipline_code: wlf | venue: south paris arena 6 | participant_code: 1568730 | participant_name: massidda sergio | participant_type: person | participant_country_code: ita | participant_country: italy | rank:  | result:  | result_type: irm | result_IRM: dnf | start_order: 7 | bib: 7.0
date: 2024-08-08t18:39:14+02:00 | stage_code: wlfm61kg--------------fnl-000100-- | event_code: wlfm61kg | event_name: men's 61kg | event_stage: men's 61kg | stage: men's 61kg | gender: m | discipline_name: weightlifting | discipline_code: wlf | venue: south paris arena 6 | participant_code: 1563371 | participant_name: trinh van vinh | participant_type: person | participant_country_code: vie | participant_country: vietnam | rank:  | result:  | result_type: irm | result_IRM: dnf | start_order: 9 | bib: 9.0
date: 2024-08-08t18:39:14+02:00 | stage_code: wlfm61kg--------------fnl-000100-- | event_code: wlfm61kg | event_name: men's 61kg | event_stage: men's 61kg | stage: men's 61kg | gender: m | discipline_name: weightlifting | discipline_code: wlf | venue: south paris arena 6 | participant_code: 1981600 | participant_name: ceniza john febuar | participant_type: person | participant_country_code: phi | participant_country: philippines | rank:  | result:  | result_type: irm | result_IRM: dnf | start_order: 10 | bib: 10.0
date: 2024-08-08t21:52:21+02:00 | stage_code: wlfm73kg--------------fnl-000100-- | event_code: wlfm73kg | event_name: men's 73kg | event_stage: men's 73kg | stage: men's 73kg | gender: m | discipline_name: weightlifting | discipline_code: wlf | venue: south paris arena 6 | participant_code: 1941786 | participant_name: juniansyah rizki | participant_type: person | participant_country_code: ina | participant_country: indonesia | rank: 1.0 | result: 354.0 | result_type: weight | result_IRM:  | start_order: 12 | bib: 12.0
date: 2024-08-08t21:52:21+02:00 | stage_code: wlfm73kg--------------fnl-000100-- | event_code: wlfm73kg | event_name: men's 73kg | event_stage: men's 73kg | stage: men's 73kg | gender: m | discipline_name: weightlifting | discipline_code: wlf | venue: south paris arena 6 | participant_code: 1898067 | participant_name: wichuma weeraphon | participant_type: person | participant_country_code: tha | participant_country: thailand | rank: 2.0 | result: 346.0 | result_type: weight | result_IRM:  | start_order: 10 | bib: 10.0
date: 2024-08-08t21:52:21+02:00 | stage_code: wlfm73kg--------------fnl-000100-- | event_code: wlfm73kg | event_name: men's 73kg | event_stage: men's 73kg | stage: men's 73kg | gender: m | discipline_name: weightlifting | discipline_code: wlf | venue: south paris arena 6 | participant_code: 1902787 | participant_name: andreev bozhidar dimitrov | participant_type: person | participant_country_code: bul | participant_country: bulgaria | rank: 3.0 | result: 344.0 | result_type: weight | result_IRM:  | start_order: 1 | bib: 1.0
date: 2024-08-08t21:52:21+02:00 | stage_code: wlfm73kg--------------fnl-000100-- | event_code: wlfm73kg | event_name: men's 73kg | event_stage: men's 73kg | stage: men's 73kg | gender: m | discipline_name: weightlifting | discipline_code: wlf | venue: south paris arena 6 | participant_code: 1565974 | participant_name: ozbek muhammed | participant_type: person | participant_country_code: tur | participant_country: türkiye | rank: 4.0 | result: 341.0 | result_type: weight | result_IRM:  | start_order: 2 | bib: 2.0
date: 2024-08-08t21:52:21+02:00 | stage_code: wlfm73kg--------------fnl-000100-- | event_code: wlfm73kg | event_name: men's 73kg | event_stage: men's 73kg | stage: men's 73kg | gender: m | discipline_name: weightlifting | discipline_code: wlf | venue: south paris arena 6 | participant_code: 1543507 | participant_name: mosquera luis | participant_type: person | participant_country_code: col | participant_country: colombia | rank: 5.0 | result: 340.0 | result_type: weight | result_IRM:  | start_order: 7 | bib: 7.0
date: 2024-08-08t21:52:21+02:00 | stage_code: wlfm73kg--------------fnl-000100-- | event_code: wlfm73kg | event_name: men's 73kg | event_stage: men's 73kg | stage: men's 73kg | gender: m | discipline_name: weightlifting | discipline_code: wlf | venue: south paris arena 6 | participant_code: 1891186 | participant_name: miyamoto masanori | participant_type: person | participant_country_code: jpn | participant_country: japan | rank: 6.0 | result: 338.0 | result_type: weight | result_IRM:  | start_order: 4 | bib: 4.0
date: 2024-08-08t21:52:21+02:00 | stage_code: wlfm73kg--------------fnl-000100-- | event_code: wlfm73kg | event_name: men's 73kg | event_stage: men's 73kg | stage: men's 73kg | gender: m | discipline_name: weightlifting | discipline_code: wlf | venue: south paris arena 6 | participant_code: 1894405 | participant_name: bak joohyo | participant_type: person | participant_country_code: kor | participant_country: korea | rank: 7.0 | result: 334.0 | result_type: weight | result_IRM:  | start_order: 8 | bib: 8.0
date: 2024-08-08t21:52:21+02:00 | stage_code: wlfm73kg--------------fnl-000100-- | event_code: wlfm73kg | event_name: men's 73kg | event_stage: men's 73kg | stage: men's 73kg | gender: m | discipline_name: weightlifting | discipline_code: wlf | venue: south paris arena 6 | participant_code: 1942322 | participant_name: ben hnia karem | participant_type: person | participant_country_code: tun | participant_country: tunisia | rank: 8.0 | result: 330.0 | result_type: weight | result_IRM:  | start_order: 6 | bib: 6.0
date: 2024-08-08t21:52:21+02:00 | stage_code: wlfm73kg--------------fnl-000100-- | event_code: wlfm73kg | event_name: men's 73kg | event_stage: men's 73kg | stage: men's 73kg | gender: m | discipline_name: weightlifting | discipline_code: wlf | venue: south paris arena 6 | participant_code: 1567021 | participant_name: kingue matam bernardin | participant_type: person | participant_country_code: fra | participant_country: france | rank: 9.0 | result: 320.0 | result_type: weight | result_IRM:  | start_order: 9 | bib: 9.0
date: 2024-08-08t21:52:21+02:00 | stage_code: wlfm73kg--------------fnl-000100-- | event_code: wlfm73kg | event_name: men's 73kg | event_stage: men's 73kg | stage: men's 73kg | gender: m | discipline_name: weightlifting | discipline_code: wlf | venue: south paris arena 6 | participant_code: 1901303 | participant_name: mayora pernia julio | participant_type: person | participant_country_code: ven | participant_country: venezuela | rank:  | result:  | result_type: irm | result_IRM: dnf | start_order: 3 | bib: 3.0
date: 2024-08-08t21:52:21+02:00 | stage_code: wlfm73kg--------------fnl-000100-- | event_code: wlfm73kg | event_name: men's 73kg | event_stage: men's 73kg | stage: men's 73kg | gender: m | discipline_name: weightlifting | discipline_code: wlf | venue: south paris arena 6 | participant_code: 1948056 | participant_name: suharevs ritvars | participant_type: person | participant_country_code: lat | participant_country: latvia | rank:  | result:  | result_type: irm | result_IRM: dnf | start_order: 5 | bib: 5.0
date: 2024-08-08t21:52:21+02:00 | stage_code: wlfm73kg--------------fnl-000100-- | event_code: wlfm73kg | event_name: men's 73kg | event_stage: men's 73kg | stage: men's 73kg | gender: m | discipline_name: weightlifting | discipline_code: wlf | venue: south paris arena 6 | participant_code: 1918373 | participant_name: shi zhiyong | participant_type: person | participant_country_code: chn | participant_country: china | rank:  | result:  | result_type: irm | result_IRM: dnf | start_order: 11 | bib: 11.0
date: 2024-08-09t17:18:26+02:00 | stage_code: wlfm89kg--------------fnl-000100-- | event_code: wlfm89kg | event_name: men's 89kg | event_stage: men's 89kg | stage: men's 89kg | gender: m | discipline_name: weightlifting | discipline_code: wlf | venue: south paris arena 6 | participant_code: 1903011 | participant_name: nasar karlos may | participant_type: person | participant_country_code: bul | participant_country: bulgaria | rank: 1.0 | result: 404.0 | result_type: weight | result_IRM:  | start_order: 4 | bib: 4.0
date: 2024-08-09t17:18:26+02:00 | stage_code: wlfm89kg--------------fnl-000100-- | event_code: wlfm89kg | event_name: men's 89kg | event_stage: men's 89kg | stage: men's 89kg | gender: m | discipline_name: weightlifting | discipline_code: wlf | venue: south paris arena 6 | participant_code: 1543506 | participant_name: lopez yeison | participant_type: person | participant_country_code: col | participant_country: colombia | rank: 2.0 | result: 390.0 | result_type: weight | result_IRM:  | start_order: 9 | bib: 9.0
date: 2024-08-09t17:18:26+02:00 | stage_code: wlfm89kg--------------fnl-000100-- | event_code: wlfm89kg | event_name: men's 89kg | event_stage: men's 89kg | stage: men's 89kg | gender: m | discipline_name: weightlifting | discipline_code: wlf | venue: south paris arena 6 | participant_code: 1568724 | participant_name: pizzolato antonino | participant_type: person | participant_country_code: ita | participant_country: italy | rank: 3.0 | result: 384.0 | result_type: weight | result_IRM:  | start_order: 8 | bib: 8.0
date: 2024-08-09t17:18:26+02:00 | stage_code: wlfm89kg--------------fnl-000100-- | event_code: wlfm89kg | event_name: men's 89kg | event_stage: men's 89kg | stage: men's 89kg | gender: m | discipline_name: weightlifting | discipline_code: wlf | venue: south paris arena 6 | participant_code: 1566993 | participant_name: robu marin | participant_type: person | participant_country_code: mda | participant_country: republic of moldova | rank: 4.0 | result: 383.0 | result_type: weight | result_IRM:  | start_order: 1 | bib: 1.0
date: 2024-08-09t17:18:26+02:00 | stage_code: wlfm89kg--------------fnl-000100-- | event_code: wlfm89kg | event_name: men's 89kg | event_stage: men's 89kg | stage: men's 89kg | gender: m | discipline_name: weightlifting | discipline_code: wlf | venue: south paris arena 6 | participant_code: 1536971 | participant_name: javadi aliabadi mir mostafa | participant_type: person | participant_country_code: iri | participant_country: ir iran | rank: 5.0 | result: 372.0 | result_type: weight | result_IRM:  | start_order: 7 | bib: 7.0
date: 2024-08-09t17:18:26+02:00 | stage_code: wlfm89kg--------------fnl-000100-- | event_code: wlfm89kg | event_name: men's 89kg | event_stage: men's 89kg | stage: men's 89kg | gender: m | discipline_name: weightlifting | discipline_code: wlf | venue: south paris arena 6 | participant_code: 1894419 | participant_name: yu dongju | participant_type: person | participant_country_code: kor | participant_country: korea | rank: 6.0 | result: 371.0 | result_type: weight | result_IRM:  | start_order: 6 | bib: 6.0
date: 2024-08-09t17:18:26+02:00 | stage_code: wlfm89kg--------------fnl-000100-- | event_code: wlfm89kg | event_name: men's 89kg | event_stage: men's 89kg | stage: men's 89kg | gender: m | discipline_name: weightlifting | discipline_code: wlf | venue: south paris arena 6 | participant_code: 1544417 | participant_name: karapetyan andranik | participant_type: person | participant_country_code: arm | participant_country: armenia | rank: 7.0 | result: 370.0 | result_type: weight | result_IRM:  | start_order: 12 | bib: 12.0
date: 2024-08-09t17:18:26+02:00 | stage_code: wlfm89kg--------------fnl-000100-- | event_code: wlfm89kg | event_name: men's 89kg | event_stage: men's 89kg | stage: men's 89kg | gender: m | discipline_name: weightlifting | discipline_code: wlf | venue: south paris arena 6 | participant_code: 1901306 | participant_name: vallenilla sanchez keydomar | participant_type: person | participant_country_code: ven | participant_country: venezuela | rank: 8.0 | result: 358.0 | result_type: weight | result_IRM:  | start_order: 3 | bib: 3.0
date: 2024-08-09t17:18:26+02:00 | stage_code: wlfm89kg--------------fnl-000100-- | event_code: wlfm89kg | event_name: men's 89kg | event_stage: men's 89kg | stage: men's 89kg | gender: m | discipline_name: weightlifting | discipline_code: wlf | venue: south paris arena 6 | participant_code: 1567017 | participant_name: imadouchene romain | participant_type: person | participant_country_code: fra | participant_country: france | rank: 9.0 | result: 351.0 | result_type: weight | result_IRM:  | start_order: 2 | bib: 2.0
date: 2024-08-09t17:18:26+02:00 | stage_code: wlfm89kg--------------fnl-000100-- | event_code: wlfm89kg | event_name: men's 89kg | event_stage: men's 89kg | stage: men's 89kg | gender: m | discipline_name: weightlifting | discipline_code: wlf | venue: south paris arena 6 | participant_code: 1947215 | participant_name: bruce kyle | participant_type: person | participant_country_code: aus | participant_country: australia | rank: 10.0 | result: 330.0 | result_type: weight | result_IRM:  | start_order: 5 | bib: 5.0
date: 2024-08-09t17:18:26+02:00 | stage_code: wlfm89kg--------------fnl-000100-- | event_code: wlfm89kg | event_name: men's 89kg | event_stage: men's 89kg | stage: men's 89kg | gender: m | discipline_name: weightlifting | discipline_code: wlf | venue: south paris arena 6 | participant_code: 1562952 | participant_name: abokahla karim | participant_type: person | participant_country_code: egy | participant_country: egypt | rank:  | result:  | result_type: irm | result_IRM: dnf | start_order: 10 | bib: 10.0
date: 2024-08-09t17:18:26+02:00 | stage_code: wlfm89kg--------------fnl-000100-- | event_code: wlfm89kg | event_name: men's 89kg | event_stage: men's 89kg | stage: men's 89kg | gender: m | discipline_name: weightlifting | discipline_code: wlf | venue: south paris arena 6 | participant_code: 1965814 | participant_name: santavy boady | participant_type: person | participant_country_code: can | participant_country: canada | rank:  | result:  | result_type: irm | result_IRM: dnf | start_order: 11 | bib: 11.0
date: 2024-08-11t13:42:57+02:00 | stage_code: wlfwo81kg-------------fnl-000100-- | event_code: wlfwo81kg | event_name: women's +81kg | event_stage: women's +81kg | stage: women's +81kg | gender: w | discipline_name: weightlifting | discipline_code: wlf | venue: south paris arena 6 | participant_code: 1918376 | participant_name: li wenwen | participant_type: person | participant_country_code: chn | participant_country: china | rank: 1.0 | result: 309.0 | result_type: weight | result_IRM:  | start_order: 2 | bib: 2.0
date: 2024-08-11t13:42:57+02:00 | stage_code: wlfwo81kg-------------fnl-000100-- | event_code: wlfwo81kg | event_name: women's +81kg | event_stage: women's +81kg | stage: women's +81kg | gender: w | discipline_name: weightlifting | discipline_code: wlf | venue: south paris arena 6 | participant_code: 1894414 | participant_name: park hyejeong | participant_type: person | participant_country_code: kor | participant_country: korea | rank: 2.0 | result: 299.0 | result_type: weight | result_IRM:  | start_order: 1 | bib: 1.0
date: 2024-08-11t13:42:57+02:00 | stage_code: wlfwo81kg-------------fnl-000100-- | event_code: wlfwo81kg | event_name: women's +81kg | event_stage: women's +81kg | stage: women's +81kg | gender: w | discipline_name: weightlifting | discipline_code: wlf | venue: south paris arena 6 | participant_code: 1544179 | participant_name: campbell emily | participant_type: person | participant_country_code: gbr | participant_country: great britain | rank: 3.0 | result: 288.0 | result_type: weight | result_IRM:  | start_order: 11 | bib: 11.0
date: 2024-08-11t13:42:57+02:00 | stage_code: wlfwo81kg-------------fnl-000100-- | event_code: wlfwo81kg | event_name: women's +81kg | event_stage: women's +81kg | stage: women's +81kg | gender: w | discipline_name: weightlifting | discipline_code: wlf | venue: south paris arena 6 | participant_code: 1940312 | participant_name: ayovi cabezas lisseth betzaida | participant_type: person | participant_country_code: ecu | participant_country: ecuador | rank: 4.0 | result: 283.0 | result_type: weight | result_IRM:  | start_order: 3 | bib: 3.0
date: 2024-08-11t13:42:57+02:00 | stage_code: wlfwo81kg-------------fnl-000100-- | event_code: wlfwo81kg | event_name: women's +81kg | event_stage: women's +81kg | stage: women's +81kg | gender: w | discipline_name: weightlifting | discipline_code: wlf | venue: south paris arena 6 | participant_code: 1917156 | participant_name: theisen lappen mary | participant_type: person | participant_country_code: usa | participant_country: united states | rank: 5.0 | result: 274.0 | result_type: weight | result_IRM:  | start_order: 10 | bib: 10.0
date: 2024-08-11t13:42:57+02:00 | stage_code: wlfwo81kg-------------fnl-000100-- | event_code: wlfwo81kg | event_name: women's +81kg | event_stage: women's +81kg | stage: women's +81kg | gender: w | discipline_name: weightlifting | discipline_code: wlf | venue: south paris arena 6 | participant_code: 1898049 | participant_name: chaidee duangaksorn | participant_type: person | participant_country_code: tha | participant_country: thailand | rank: 6.0 | result: 272.0 | result_type: weight | result_IRM:  | start_order: 4 | bib: 4.0
date: 2024-08-11t13:42:57+02:00 | stage_code: wlfwo81kg-------------fnl-000100-- | event_code: wlfwo81kg | event_name: women's +81kg | event_stage: women's +81kg | stage: women's +81kg | gender: w | discipline_name: weightlifting | discipline_code: wlf | venue: south paris arena 6 | participant_code: 1562861 | participant_name: abbas halima | participant_type: person | participant_country_code: egy | participant_country: egypt | rank: 7.0 | result: 260.0 | result_type: weight | result_IRM:  | start_order: 5 | bib: 5.0
date: 2024-08-11t13:42:57+02:00 | stage_code: wlfwo81kg-------------fnl-000100-- | event_code: wlfwo81kg | event_name: women's +81kg | event_stage: women's +81kg | stage: women's +81kg | gender: w | discipline_name: weightlifting | discipline_code: wlf | venue: south paris arena 6 | participant_code: 1901298 | participant_name: perez reveron naryury | participant_type: person | participant_country_code: ven | participant_country: venezuela | rank: 8.0 | result: 259.0 | result_type: weight | result_IRM:  | start_order: 7 | bib: 7.0
date: 2024-08-11t13:42:57+02:00 | stage_code: wlfwo81kg-------------fnl-000100-- | event_code: wlfwo81kg | event_name: women's +81kg | event_stage: women's +81kg | stage: women's +81kg | gender: w | discipline_name: weightlifting | discipline_code: wlf | venue: south paris arena 6 | participant_code: 1928585 | participant_name: santana peguero crismery | participant_type: person | participant_country_code: dom | participant_country: dominican republic | rank: 9.0 | result: 258.0 | result_type: weight | result_IRM:  | start_order: 8 | bib: 8.0
date: 2024-08-11t13:42:57+02:00 | stage_code: wlfwo81kg-------------fnl-000100-- | event_code: wlfwo81kg | event_name: women's +81kg | event_stage: women's +81kg | stage: women's +81kg | gender: w | discipline_name: weightlifting | discipline_code: wlf | venue: south paris arena 6 | participant_code: 1551355 | participant_name: jabborova tursunoy | participant_type: person | participant_country_code: uzb | participant_country: uzbekistan | rank: 10.0 | result: 251.0 | result_type: weight | result_IRM:  | start_order: 9 | bib: 9.0
date: 2024-08-11t13:42:57+02:00 | stage_code: wlfwo81kg-------------fnl-000100-- | event_code: wlfwo81kg | event_name: women's +81kg | event_stage: women's +81kg | stage: women's +81kg | gender: w | discipline_name: weightlifting | discipline_code: wlf | venue: south paris arena 6 | participant_code: 1961709 | participant_name: sipaia iuniarra | participant_type: person | participant_country_code: sam | participant_country: samoa | rank: 11.0 | result: 246.0 | result_type: weight | result_IRM:  | start_order: 12 | bib: 12.0
date: 2024-08-11t13:42:57+02:00 | stage_code: wlfwo81kg-------------fnl-000100-- | event_code: wlfwo81kg | event_name: women's +81kg | event_stage: women's +81kg | stage: women's +81kg | gender: w | discipline_name: weightlifting | discipline_code: wlf | venue: south paris arena 6 | participant_code: 1941330 | participant_name: akmal nurul | participant_type: person | participant_country_code: ina | participant_country: indonesia | rank: 12.0 | result: 245.0 | result_type: weight | result_IRM:  | start_order: 6 | bib: 6.0
date: 2024-08-08t18:39:21+02:00 | stage_code: wlfw49kg--------------fnl-000100-- | event_code: wlfw49kg | event_name: women's 49kg | event_stage: women's 49kg | stage: women's 49kg | gender: w | discipline_name: weightlifting | discipline_code: wlf | venue: south paris arena 6 | participant_code: 1918377 | participant_name: hou zhihui | participant_type: person | participant_country_code: chn | participant_country: china | rank: 1.0 | result: 206.0 | result_type: weight | result_IRM:  | start_order: 2 | bib: 
date: 2024-08-08t18:39:21+02:00 | stage_code: wlfw49kg--------------fnl-000100-- | event_code: wlfw49kg | event_name: women's 49kg | event_stage: women's 49kg | stage: women's 49kg | gender: w | discipline_name: weightlifting | discipline_code: wlf | venue: south paris arena 6 | participant_code: 1550148 | participant_name: cambei mihaela valentina | participant_type: person | participant_country_code: rou | participant_country: romania | rank: 2.0 | result: 205.0 | result_type: weight | result_IRM:  | start_order: 7 | bib: 
date: 2024-08-08t18:39:21+02:00 | stage_code: wlfw49kg--------------fnl-000100-- | event_code: wlfw49kg | event_name: women's 49kg | event_stage: women's 49kg | stage: women's 49kg | gender: w | discipline_name: weightlifting | discipline_code: wlf | venue: south paris arena 6 | participant_code: 1898024 | participant_name: khambao surodchana | participant_type: person | participant_country_code: tha | participant_country: thailand | rank: 3.0 | result: 200.0 | result_type: weight | result_IRM:  | start_order: 5 | bib: 
date: 2024-08-08t18:39:21+02:00 | stage_code: wlfw49kg--------------fnl-000100-- | event_code: wlfw49kg | event_name: women's 49kg | event_stage: women's 49kg | stage: women's 49kg | gender: w | discipline_name: weightlifting | discipline_code: wlf | venue: south paris arena 6 | participant_code: 1537012 | participant_name: saikhom mirabai chanu | participant_type: person | participant_country_code: ind | participant_country: india | rank: 4.0 | result: 199.0 | result_type: weight | result_IRM:  | start_order: 10 | bib: 
date: 2024-08-08t18:39:21+02:00 | stage_code: wlfw49kg--------------fnl-000100-- | event_code: wlfw49kg | event_name: women's 49kg | event_stage: women's 49kg | stage: women's 49kg | gender: w | discipline_name: weightlifting | discipline_code: wlf | venue: south paris arena 6 | participant_code: 1917149 | participant_name: delacruz jourdan | participant_type: person | participant_country_code: usa | participant_country: united states | rank: 5.0 | result: 195.0 | result_type: weight | result_IRM:  | start_order: 8 | bib: 
date: 2024-08-08t18:39:21+02:00 | stage_code: wlfw49kg--------------fnl-000100-- | event_code: wlfw49kg | event_name: women's 49kg | event_stage: women's 49kg | stage: women's 49kg | gender: w | discipline_name: weightlifting | discipline_code: wlf | venue: south paris arena 6 | participant_code: 1569762 | participant_name: fang wan-ling | participant_type: person | participant_country_code: tpe | participant_country: chinese taipei | rank: 6.0 | result: 193.0 | result_type: weight | result_IRM:  | start_order: 11 | bib: 
date: 2024-08-08t18:39:21+02:00 | stage_code: wlfw49kg--------------fnl-000100-- | event_code: wlfw49kg | event_name: women's 49kg | event_stage: women's 49kg | stage: women's 49kg | gender: w | discipline_name: weightlifting | discipline_code: wlf | venue: south paris arena 6 | participant_code: 1928538 | participant_name: piron candelario beatriz | participant_type: person | participant_country_code: dom | participant_country: dominican republic | rank: 7.0 | result: 192.0 | result_type: weight | result_IRM:  | start_order: 4 | bib: 
date: 2024-08-08t18:39:21+02:00 | stage_code: wlfw49kg--------------fnl-000100-- | event_code: wlfw49kg | event_name: women's 49kg | event_stage: women's 49kg | stage: women's 49kg | gender: w | discipline_name: weightlifting | discipline_code: wlf | venue: south paris arena 6 | participant_code: 1891182 | participant_name: suzuki rira | participant_type: person | participant_country_code: jpn | participant_country: japan | rank: 8.0 | result: 191.0 | result_type: weight | result_IRM:  | start_order: 1 | bib: 
date: 2024-08-08t18:39:21+02:00 | stage_code: wlfw49kg--------------fnl-000100-- | event_code: wlfw49kg | event_name: women's 49kg | event_stage: women's 49kg | stage: women's 49kg | gender: w | discipline_name: weightlifting | discipline_code: wlf | venue: south paris arena 6 | participant_code: 1901273 | participant_name: echandia zarate katherin | participant_type: person | participant_country_code: ven | participant_country: venezuela | rank: 9.0 | result: 188.0 | result_type: weight | result_IRM:  | start_order: 9 | bib: 
date: 2024-08-08t18:39:21+02:00 | stage_code: wlfw49kg--------------fnl-000100-- | event_code: wlfw49kg | event_name: women's 49kg | event_stage: women's 49kg | stage: women's 49kg | gender: w | discipline_name: weightlifting | discipline_code: wlf | venue: south paris arena 6 | participant_code: 1913677 | participant_name: randafiarison rosina | participant_type: person | participant_country_code: mad | participant_country: madagascar | rank: 10.0 | result: 180.0 | result_type: weight | result_IRM:  | start_order: 3 | bib: 
date: 2024-08-08t18:39:21+02:00 | stage_code: wlfw49kg--------------fnl-000100-- | event_code: wlfw49kg | event_name: women's 49kg | event_stage: women's 49kg | stage: women's 49kg | gender: w | discipline_name: weightlifting | discipline_code: wlf | venue: south paris arena 6 | participant_code: 4675010 | participant_name: lagatao nicola velasco | participant_type: person | participant_country_code: gum | participant_country: guam | rank: 11.0 | result: 136.0 | result_type: weight | result_IRM:  | start_order: 6 | bib: 
date: 2024-08-08t18:39:21+02:00 | stage_code: wlfw49kg--------------fnl-000100-- | event_code: wlfw49kg | event_name: women's 49kg | event_stage: women's 49kg | stage: women's 49kg | gender: w | discipline_name: weightlifting | discipline_code: wlf | venue: south paris arena 6 | participant_code: 1903299 | participant_name: sterckx nina | participant_type: person | participant_country_code: bel | participant_country: belgium | rank:  | result:  | result_type: irm | result_IRM: dnf | start_order: 12 | bib: 
date: 2024-08-08t18:40:07+02:00 | stage_code: wlfw59kg--------------fnl-000100-- | event_code: wlfw59kg | event_name: women's 59kg | event_stage: women's 59kg | stage: women's 59kg | gender: w | discipline_name: weightlifting | discipline_code: wlf | venue: south paris arena 6 | participant_code: 1918379 | participant_name: luo shifang | participant_type: person | participant_country_code: chn | participant_country: china | rank: 1.0 | result: 241.0 | result_type: weight | result_IRM:  | start_order: 6 | bib: 6.0
date: 2024-08-08t18:40:07+02:00 | stage_code: wlfw59kg--------------fnl-000100-- | event_code: wlfw59kg | event_name: women's 59kg | event_stage: women's 59kg | stage: women's 59kg | gender: w | discipline_name: weightlifting | discipline_code: wlf | venue: south paris arena 6 | participant_code: 1965815 | participant_name: charron maude | participant_type: person | participant_country_code: can | participant_country: canada | rank: 2.0 | result: 236.0 | result_type: weight | result_IRM:  | start_order: 8 | bib: 8.0
date: 2024-08-08t18:40:07+02:00 | stage_code: wlfw59kg--------------fnl-000100-- | event_code: wlfw59kg | event_name: women's 59kg | event_stage: women's 59kg | stage: women's 59kg | gender: w | discipline_name: weightlifting | discipline_code: wlf | venue: south paris arena 6 | participant_code: 1569563 | participant_name: kuo hsing-chun | participant_type: person | participant_country_code: tpe | participant_country: chinese taipei | rank: 3.0 | result: 235.0 | result_type: weight | result_IRM:  | start_order: 2 | bib: 2.0
date: 2024-08-08t18:40:07+02:00 | stage_code: wlfw59kg--------------fnl-000100-- | event_code: wlfw59kg | event_name: women's 59kg | event_stage: women's 59kg | stage: women's 59kg | gender: w | discipline_name: weightlifting | discipline_code: wlf | venue: south paris arena 6 | participant_code: 1901275 | participant_name: venegas valera anyelin | participant_type: person | participant_country_code: ven | participant_country: venezuela | rank: 4.0 | result: 230.0 | result_type: weight | result_IRM:  | start_order: 4 | bib: 4.0
date: 2024-08-08t18:40:07+02:00 | stage_code: wlfw59kg--------------fnl-000100-- | event_code: wlfw59kg | event_name: women's 59kg | event_stage: women's 59kg | stage: women's 59kg | gender: w | discipline_name: weightlifting | discipline_code: wlf | venue: south paris arena 6 | participant_code: 1935494 | participant_name: lawal rafiatu folashade | participant_type: person | participant_country_code: ngr | participant_country: nigeria | rank: 5.0 | result: 230.0 | result_type: weight | result_IRM:  | start_order: 1 | bib: 1.0
date: 2024-08-08t18:40:07+02:00 | stage_code: wlfw59kg--------------fnl-000100-- | event_code: wlfw59kg | event_name: women's 59kg | event_stage: women's 59kg | stage: women's 59kg | gender: w | discipline_name: weightlifting | discipline_code: wlf | venue: south paris arena 6 | participant_code: 1981595 | participant_name: ando elreen ann | participant_type: person | participant_country_code: phi | participant_country: philippines | rank: 6.0 | result: 230.0 | result_type: weight | result_IRM:  | start_order: 3 | bib: 3.0
date: 2024-08-08t18:40:07+02:00 | stage_code: wlfw59kg--------------fnl-000100-- | event_code: wlfw59kg | event_name: women's 59kg | event_stage: women's 59kg | stage: women's 59kg | gender: w | discipline_name: weightlifting | discipline_code: wlf | venue: south paris arena 6 | participant_code: 1897651 | participant_name: konotop kamila | participant_type: person | participant_country_code: ukr | participant_country: ukraine | rank: 7.0 | result: 227.0 | result_type: weight | result_IRM:  | start_order: 10 | bib: 10.0
date: 2024-08-08t18:40:07+02:00 | stage_code: wlfw59kg--------------fnl-000100-- | event_code: wlfw59kg | event_name: women's 59kg | event_stage: women's 59kg | stage: women's 59kg | gender: w | discipline_name: weightlifting | discipline_code: wlf | venue: south paris arena 6 | participant_code: 1541356 | participant_name: gomez valdivia janeth | participant_type: person | participant_country_code: mex | participant_country: mexico | rank: 8.0 | result: 217.0 | result_type: weight | result_IRM:  | start_order: 9 | bib: 9.0
date: 2024-08-08t18:40:07+02:00 | stage_code: wlfw59kg--------------fnl-000100-- | event_code: wlfw59kg | event_name: women's 59kg | event_stage: women's 59kg | stage: women's 59kg | gender: w | discipline_name: weightlifting | discipline_code: wlf | venue: south paris arena 6 | participant_code: 1567023 | participant_name: tchakounte dora | participant_type: person | participant_country_code: fra | participant_country: france | rank: 9.0 | result: 213.0 | result_type: weight | result_IRM:  | start_order: 11 | bib: 11.0
date: 2024-08-08t18:40:07+02:00 | stage_code: wlfw59kg--------------fnl-000100-- | event_code: wlfw59kg | event_name: women's 59kg | event_stage: women's 59kg | stage: women's 59kg | gender: w | discipline_name: weightlifting | discipline_code: wlf | venue: south paris arena 6 | participant_code: 1537256 | participant_name: sasser mathlynn | participant_type: person | participant_country_code: mhl | participant_country: marshall islands | rank: 10.0 | result: 209.0 | result_type: weight | result_IRM:  | start_order: 7 | bib: 7.0
date: 2024-08-08t18:40:07+02:00 | stage_code: wlfw59kg--------------fnl-000100-- | event_code: wlfw59kg | event_name: women's 59kg | event_stage: women's 59kg | stage: women's 59kg | gender: w | discipline_name: weightlifting | discipline_code: wlf | venue: south paris arena 6 | participant_code: 1568728 | participant_name: magistris lucrezia | participant_type: person | participant_country_code: ita | participant_country: italy | rank: 11.0 | result: 208.0 | result_type: weight | result_IRM:  | start_order: 5 | bib: 5.0
date: 2024-08-08t18:40:07+02:00 | stage_code: wlfw59kg--------------fnl-000100-- | event_code: wlfw59kg | event_name: women's 59kg | event_stage: women's 59kg | stage: women's 59kg | gender: w | discipline_name: weightlifting | discipline_code: wlf | venue: south paris arena 6 | participant_code: 1543503 | participant_name: alvarez yenny | participant_type: person | participant_country_code: col | participant_country: colombia | rank:  | result:  | result_type: irm | result_IRM: dnf | start_order: 12 | bib: 12.0
date: 2024-08-09t21:38:59+02:00 | stage_code: wlfw71kg--------------fnl-000100-- | event_code: wlfw71kg | event_name: women's 71kg | event_stage: women's 71kg | stage: women's 71kg | gender: w | discipline_name: weightlifting | discipline_code: wlf | venue: south paris arena 6 | participant_code: 1917154 | participant_name: reeves olivia | participant_type: person | participant_country_code: usa | participant_country: united states | rank: 1.0 | result: 262.0 | result_type: weight | result_IRM:  | start_order: 1 | bib: 1.0
date: 2024-08-09t21:38:59+02:00 | stage_code: wlfw71kg--------------fnl-000100-- | event_code: wlfw71kg | event_name: women's 71kg | event_stage: women's 71kg | stage: women's 71kg | gender: w | discipline_name: weightlifting | discipline_code: wlf | venue: south paris arena 6 | participant_code: 1543509 | participant_name: sanchez mari leivis | participant_type: person | participant_country_code: col | participant_country: colombia | rank: 2.0 | result: 257.0 | result_type: weight | result_IRM:  | start_order: 5 | bib: 5.0
date: 2024-08-09t21:38:59+02:00 | stage_code: wlfw71kg--------------fnl-000100-- | event_code: wlfw71kg | event_name: women's 71kg | event_stage: women's 71kg | stage: women's 71kg | gender: w | discipline_name: weightlifting | discipline_code: wlf | venue: south paris arena 6 | participant_code: 1940300 | participant_name: palacios dajomes angie paola | participant_type: person | participant_country_code: ecu | participant_country: ecuador | rank: 3.0 | result: 256.0 | result_type: weight | result_IRM:  | start_order: 12 | bib: 12.0
date: 2024-08-09t21:38:59+02:00 | stage_code: wlfw71kg--------------fnl-000100-- | event_code: wlfw71kg | event_name: women's 71kg | event_stage: women's 71kg | stage: women's 71kg | gender: w | discipline_name: weightlifting | discipline_code: wlf | venue: south paris arena 6 | participant_code: 1568748 | participant_name: valodzka siuzanna | participant_type: person | participant_country_code: ain | participant_country: ain | rank: 4.0 | result: 246.0 | result_type: weight | result_IRM:  | start_order: 2 | bib: 2.0
date: 2024-08-09t21:38:59+02:00 | stage_code: wlfw71kg--------------fnl-000100-- | event_code: wlfw71kg | event_name: women's 71kg | event_stage: women's 71kg | stage: women's 71kg | gender: w | discipline_name: weightlifting | discipline_code: wlf | venue: south paris arena 6 | participant_code: 1567022 | participant_name: fegue marie | participant_type: person | participant_country_code: fra | participant_country: france | rank: 5.0 | result: 243.0 | result_type: weight | result_IRM:  | start_order: 4 | bib: 4.0
date: 2024-08-09t21:38:59+02:00 | stage_code: wlfw71kg--------------fnl-000100-- | event_code: wlfw71kg | event_name: women's 71kg | event_stage: women's 71kg | stage: women's 71kg | gender: w | discipline_name: weightlifting | discipline_code: wlf | venue: south paris arena 6 | participant_code: 1569570 | participant_name: chen wen-huei | participant_type: person | participant_country_code: tpe | participant_country: chinese taipei | rank: 6.0 | result: 236.0 | result_type: weight | result_IRM:  | start_order: 9 | bib: 9.0
date: 2024-08-09t21:38:59+02:00 | stage_code: wlfw71kg--------------fnl-000100-- | event_code: wlfw71kg | event_name: women's 71kg | event_stage: women's 71kg | stage: women's 71kg | gender: w | discipline_name: weightlifting | discipline_code: wlf | venue: south paris arena 6 | participant_code: 1935471 | participant_name: eze joy ogbonne | participant_type: person | participant_country_code: ngr | participant_country: nigeria | rank: 7.0 | result: 232.0 | result_type: weight | result_IRM:  | start_order: 11 | bib: 11.0
date: 2024-08-09t21:38:59+02:00 | stage_code: wlfw71kg--------------fnl-000100-- | event_code: wlfw71kg | event_name: women's 71kg | event_stage: women's 71kg | stage: women's 71kg | gender: w | discipline_name: weightlifting | discipline_code: wlf | venue: south paris arena 6 | participant_code: 1953903 | participant_name: da costa schott amanda | participant_type: person | participant_country_code: bra | participant_country: brazil | rank: 8.0 | result: 229.0 | result_type: weight | result_IRM:  | start_order: 7 | bib: 7.0
date: 2024-08-09t21:38:59+02:00 | stage_code: wlfw71kg--------------fnl-000100-- | event_code: wlfw71kg | event_name: women's 71kg | event_stage: women's 71kg | stage: women's 71kg | gender: w | discipline_name: weightlifting | discipline_code: wlf | venue: south paris arena 6 | participant_code: 1563006 | participant_name: said neama | participant_type: person | participant_country_code: egy | participant_country: egypt | rank: 9.0 | result: 222.0 | result_type: weight | result_IRM:  | start_order: 6 | bib: 6.0
date: 2024-08-09t21:38:59+02:00 | stage_code: wlfw71kg--------------fnl-000100-- | event_code: wlfw71kg | event_name: women's 71kg | event_stage: women's 71kg | stage: women's 71kg | gender: w | discipline_name: weightlifting | discipline_code: wlf | venue: south paris arena 6 | participant_code: 1947213 | participant_name: nichele jacqueline | participant_type: person | participant_country_code: aus | participant_country: australia | rank: 10.0 | result: 209.0 | result_type: weight | result_IRM:  | start_order: 8 | bib: 8.0
date: 2024-08-09t21:38:59+02:00 | stage_code: wlfw71kg--------------fnl-000100-- | event_code: wlfw71kg | event_name: women's 71kg | event_stage: women's 71kg | stage: women's 71kg | gender: w | discipline_name: weightlifting | discipline_code: wlf | venue: south paris arena 6 | participant_code: 1550154 | participant_name: toma loredana elena | participant_type: person | participant_country_code: rou | participant_country: romania | rank:  | result:  | result_type: irm | result_IRM: dnf | start_order: 3 | bib: 3.0
date: 2024-08-09t21:38:59+02:00 | stage_code: wlfw71kg--------------fnl-000100-- | event_code: wlfw71kg | event_name: women's 71kg | event_stage: women's 71kg | stage: women's 71kg | gender: w | discipline_name: weightlifting | discipline_code: wlf | venue: south paris arena 6 | participant_code: 1981596 | participant_name: sarno vanessa | participant_type: person | participant_country_code: phi | participant_country: philippines | rank:  | result:  | result_type: irm | result_IRM: dnf | start_order: 10 | bib: 10.0
date: 2024-08-10t18:13:59+02:00 | stage_code: wlfw81kg--------------fnl-000100-- | event_code: wlfw81kg | event_name: women's 81kg | event_stage: women's 81kg | stage: women's 81kg | gender: w | discipline_name: weightlifting | discipline_code: wlf | venue: south paris arena 6 | participant_code: 1878625 | participant_name: koanda solfrid eila amena | participant_type: person | participant_country_code: nor | participant_country: norway | rank: 1.0 | result: 275.0 | result_type: weight | result_IRM:  | start_order: 4 | bib: 4.0
date: 2024-08-10t18:13:59+02:00 | stage_code: wlfw81kg--------------fnl-000100-- | event_code: wlfw81kg | event_name: women's 81kg | event_stage: women's 81kg | stage: women's 81kg | gender: w | discipline_name: weightlifting | discipline_code: wlf | venue: south paris arena 6 | participant_code: 1563010 | participant_name: ahmed sara | participant_type: person | participant_country_code: egy | participant_country: egypt | rank: 2.0 | result: 268.0 | result_type: weight | result_IRM:  | start_order: 10 | bib: 10.0
date: 2024-08-10t18:13:59+02:00 | stage_code: wlfw81kg--------------fnl-000100-- | event_code: wlfw81kg | event_name: women's 81kg | event_stage: women's 81kg | stage: women's 81kg | gender: w | discipline_name: weightlifting | discipline_code: wlf | venue: south paris arena 6 | participant_code: 1940308 | participant_name: dajomes barrera neisi patricia | participant_type: person | participant_country_code: ecu | participant_country: ecuador | rank: 3.0 | result: 267.0 | result_type: weight | result_IRM:  | start_order: 1 | bib: 1.0
date: 2024-08-10t18:13:59+02:00 | stage_code: wlfw81kg--------------fnl-000100-- | event_code: wlfw81kg | event_name: women's 81kg | event_stage: women's 81kg | stage: women's 81kg | gender: w | discipline_name: weightlifting | discipline_code: wlf | venue: south paris arena 6 | participant_code: 1947212 | participant_name: cikamatana eileen | participant_type: person | participant_country_code: aus | participant_country: australia | rank: 4.0 | result: 262.0 | result_type: weight | result_IRM:  | start_order: 11 | bib: 11.0
date: 2024-08-10t18:13:59+02:00 | stage_code: wlfw81kg--------------fnl-000100-- | event_code: wlfw81kg | event_name: women's 81kg | event_stage: women's 81kg | stage: women's 81kg | gender: w | discipline_name: weightlifting | discipline_code: wlf | venue: south paris arena 6 | participant_code: 1928834 | participant_name: mejia peguero yudelina | participant_type: person | participant_country_code: dom | participant_country: dominican republic | rank: 5.0 | result: 256.0 | result_type: weight | result_IRM:  | start_order: 8 | bib: 8.0
date: 2024-08-10t18:13:59+02:00 | stage_code: wlfw81kg--------------fnl-000100-- | event_code: wlfw81kg | event_name: women's 81kg | event_stage: women's 81kg | stage: women's 81kg | gender: w | discipline_name: weightlifting | discipline_code: wlf | venue: south paris arena 6 | participant_code: 1894411 | participant_name: kim suhyeon | participant_type: person | participant_country_code: kor | participant_country: korea | rank: 6.0 | result: 250.0 | result_type: weight | result_IRM:  | start_order: 3 | bib: 3.0
date: 2024-08-10t18:13:59+02:00 | stage_code: wlfw81kg--------------fnl-000100-- | event_code: wlfw81kg | event_name: women's 81kg | event_stage: women's 81kg | stage: women's 81kg | gender: w | discipline_name: weightlifting | discipline_code: wlf | venue: south paris arena 6 | participant_code: 1953904 | participant_name: nascimento amaro laura | participant_type: person | participant_country_code: bra | participant_country: brazil | rank: 7.0 | result: 240.0 | result_type: weight | result_IRM:  | start_order: 7 | bib: 7.0
date: 2024-08-10t18:13:59+02:00 | stage_code: wlfw81kg--------------fnl-000100-- | event_code: wlfw81kg | event_name: women's 81kg | event_stage: women's 81kg | stage: women's 81kg | gender: w | discipline_name: weightlifting | discipline_code: wlf | venue: south paris arena 6 | participant_code: 1551347 | participant_name: adashbaeva rigina | participant_type: person | participant_country_code: uzb | participant_country: uzbekistan | rank: 8.0 | result: 236.0 | result_type: weight | result_IRM:  | start_order: 13 | bib: 13.0
date: 2024-08-10t18:13:59+02:00 | stage_code: wlfw81kg--------------fnl-000100-- | event_code: wlfw81kg | event_name: women's 81kg | event_stage: women's 81kg | stage: women's 81kg | gender: w | discipline_name: weightlifting | discipline_code: wlf | venue: south paris arena 6 | participant_code: 1894591 | participant_name: jamali galeh yekta | participant_type: person | participant_country_code: eor | participant_country: eor | rank: 9.0 | result: 231.0 | result_type: weight | result_IRM:  | start_order: 2 | bib: 2.0
date: 2024-08-10t18:13:59+02:00 | stage_code: wlfw81kg--------------fnl-000100-- | event_code: wlfw81kg | event_name: women's 81kg | event_stage: women's 81kg | stage: women's 81kg | gender: w | discipline_name: weightlifting | discipline_code: wlf | venue: south paris arena 6 | participant_code: 1940543 | participant_name: munkhjantsan ankhtsetseg | participant_type: person | participant_country_code: mgl | participant_country: mongolia | rank: 10.0 | result: 225.0 | result_type: weight | result_IRM:  | start_order: 6 | bib: 6.0
date: 2024-08-10t18:13:59+02:00 | stage_code: wlfw81kg--------------fnl-000100-- | event_code: wlfw81kg | event_name: women's 81kg | event_stage: women's 81kg | stage: women's 81kg | gender: w | discipline_name: weightlifting | discipline_code: wlf | venue: south paris arena 6 | participant_code: 1542955 | participant_name: pritchard-lolo ajah | participant_type: person | participant_country_code: van | participant_country: vanuatu | rank: 11.0 | result: 197.0 | result_type: weight | result_IRM:  | start_order: 12 | bib: 12.0
date: 2024-08-10t18:13:59+02:00 | stage_code: wlfw81kg--------------fnl-000100-- | event_code: wlfw81kg | event_name: women's 81kg | event_stage: women's 81kg | stage: women's 81kg | gender: w | discipline_name: weightlifting | discipline_code: wlf | venue: south paris arena 6 | participant_code: 1569444 | participant_name: medina roca ayamey damiana | participant_type: person | participant_country_code: cub | participant_country: cuba | rank:  | result:  | result_type: irm | result_IRM: dnf | start_order: 5 | bib: 5.0
date: 2024-08-10t18:13:59+02:00 | stage_code: wlfw81kg--------------fnl-000100-- | event_code: wlfw81kg | event_name: women's 81kg | event_stage: women's 81kg | stage: women's 81kg | gender: w | discipline_name: weightlifting | discipline_code: wlf | venue: south paris arena 6 | participant_code: 1964846 | participant_name: zielinska weronika | participant_type: person | participant_country_code: pol | participant_country: poland | rank:  | result:  | result_type: irm | result_IRM: dnf | start_order: 9 | bib: 9.0
