text
event: men's individual | sport: archery | sport_code: arc
event: women's individual | sport: archery | sport_code: arc
event: men's team | sport: archery | sport_code: arc
event: women's team | sport: archery | sport_code: arc
event: mixed team | sport: archery | sport_code: arc
event: men's all-around | sport: artistic gymnastics | sport_code: gar
event: men's floor exercise | sport: artistic gymnastics | sport_code: gar
event: men's pommel horse | sport: artistic gymnastics | sport_code: gar
event: men's rings | sport: artistic gymnastics | sport_code: gar
event: men's vault | sport: artistic gymnastics | sport_code: gar
event: men's parallel bars | sport: artistic gymnastics | sport_code: gar
event: men's horizontal bar | sport: artistic gymnastics | sport_code: gar
event: men's team | sport: artistic gymnastics | sport_code: gar
event: women's all-around | sport: artistic gymnastics | sport_code: gar
event: women's vault | sport: artistic gymnastics | sport_code: gar
event: women's uneven bars | sport: artistic gymnastics | sport_code: gar
event: women's balance beam | sport: artistic gymnastics | sport_code: gar
event: women's floor exercise | sport: artistic gymnastics | sport_code: gar
event: women's team | sport: artistic gymnastics | sport_code: gar
event: duet | sport: artistic swimming | sport_code: swa
event: team | sport: artistic swimming | sport_code: swa
event: men's 100m | sport: athletics | sport_code: ath
event: men's 200m | sport: athletics | sport_code: ath
event: men's 400m | sport: athletics | sport_code: ath
event: men's 800m | sport: athletics | sport_code: ath
event: men's 1500m | sport: athletics | sport_code: ath
event: men's 5000m | sport: athletics | sport_code: ath
"event: men's 10,000m | sport: athletics | sport_code: ath"
event: men's marathon | sport: athletics | sport_code: ath
event: men's 3000m steeplechase | sport: athletics | sport_code: ath
event: men's 110m hurdles | sport: athletics | sport_code: ath
event: men's 400m hurdles | sport: athletics | sport_code: ath
event: men's high jump | sport: athletics | sport_code: ath
event: men's pole vault | sport: athletics | sport_code: ath
event: men's long jump | sport: athletics | sport_code: ath
event: men's triple jump | sport: athletics | sport_code: ath
event: men's shot put | sport: athletics | sport_code: ath
event: men's discus throw | sport: athletics | sport_code: ath
event: men's hammer throw | sport: athletics | sport_code: ath
event: men's javelin throw | sport: athletics | sport_code: ath
event: men's decathlon | sport: athletics | sport_code: ath
event: men's 20km race walk | sport: athletics | sport_code: ath
event: men's 4 x 100m relay | sport: athletics | sport_code: ath
event: men's 4 x 400m relay | sport: athletics | sport_code: ath
event: women's 100m | sport: athletics | sport_code: ath
event: women's 200m | sport: athletics | sport_code: ath
event: women's 400m | sport: athletics | sport_code: ath
event: women's 800m | sport: athletics | sport_code: ath
event: women's 1500m | sport: athletics | sport_code: ath
event: women's 5000m | sport: athletics | sport_code: ath
"event: women's 10,000m | sport: athletics | sport_code: ath"
event: women's marathon | sport: athletics | sport_code: ath
event: women's 3000m steeplechase | sport: athletics | sport_code: ath
event: women's 100m hurdles | sport: athletics | sport_code: ath
event: women's 400m hurdles | sport: athletics | sport_code: ath
event: women's high jump | sport: athletics | sport_code: ath
event: women's pole vault | sport: athletics | sport_code: ath
event: women's long jump | sport: athletics | sport_code: ath
event: women's triple jump | sport: athletics | sport_code: ath
event: women's shot put | sport: athletics | sport_code: ath
event: women's discus throw | sport: athletics | sport_code: ath
event: women's hammer throw | sport: athletics | sport_code: ath
event: women's javelin throw | sport: athletics | sport_code: ath
event: women's heptathlon | sport: athletics | sport_code: ath
event: women's 20km race walk | sport: athletics | sport_code: ath
event: women's 4 x 100m relay | sport: athletics | sport_code: ath
event: women's 4 x 400m relay | sport: athletics | sport_code: ath
event: 4 x 400m relay mixed | sport: athletics | sport_code: ath
event: marathon race walk mixed relay | sport: athletics | sport_code: ath
event: men's singles | sport: badminton | sport_code: bdm
event: women's singles | sport: badminton | sport_code: bdm
event: men's doubles | sport: badminton | sport_code: bdm
event: women's doubles | sport: badminton | sport_code: bdm
event: mixed doubles | sport: badminton | sport_code: bdm
event: men | sport: basketball | sport_code: bkb
event: women | sport: basketball | sport_code: bkb
event: men | sport: basketball 3x3 | sport_code: bk3
event: women | sport: basketball 3x3 | sport_code: bk3
event: men | sport: beach volleyball | sport_code: vbv
event: women | sport: beach volleyball | sport_code: vbv
event: men's 51kg | sport: boxing | sport_code: box
event: men's 57kg | sport: boxing | sport_code: box
event: men's 63.5kg | sport: boxing | sport_code: box
event: men's 71kg | sport: boxing | sport_code: box
event: men's 80kg | sport: boxing | sport_code: box
event: men's 92kg | sport: boxing | sport_code: box
event: men's +92kg | sport: boxing | sport_code: box
event: women's 50kg | sport: boxing | sport_code: box
event: women's 54kg | sport: boxing | sport_code: box
event: women's 57kg | sport: boxing | sport_code: box
event: women's 60kg | sport: boxing | sport_code: box
event: women's 66kg | sport: boxing | sport_code: box
event: women's 75kg | sport: boxing | sport_code: box
event: b-boys | sport: breaking | sport_code: bkg
event: b-girls | sport: breaking | sport_code: bkg
event: men's kayak single | sport: canoe slalom | sport_code: csl
event: women's kayak single | sport: canoe slalom | sport_code: csl
event: men's canoe single | sport: canoe slalom | sport_code: csl
event: women's canoe single | sport: canoe slalom | sport_code: csl
event: men's kayak cross | sport: canoe slalom | sport_code: csl
event: women's kayak cross | sport: canoe slalom | sport_code: csl
event: men's kayak single 1000m | sport: canoe sprint | sport_code: csp
event: men's kayak double 500m | sport: canoe sprint | sport_code: csp
event: men's kayak four 500m | sport: canoe sprint | sport_code: csp
event: men's canoe single 1000m | sport: canoe sprint | sport_code: csp
event: men's canoe double 500m | sport: canoe sprint | sport_code: csp
event: women's kayak single 500m | sport: canoe sprint | sport_code: csp
event: women's kayak double 500m | sport: canoe sprint | sport_code: csp
event: women's kayak four 500m | sport: canoe sprint | sport_code: csp
event: women's canoe single 200m | sport: canoe sprint | sport_code: csp
event: women's canoe double 500m | sport: canoe sprint | sport_code: csp
event: women's park | sport: cycling bmx freestyle | sport_code: bmf
event: men's park | sport: cycling bmx freestyle | sport_code: bmf
event: women | sport: cycling bmx racing | sport_code: bmx
event: men | sport: cycling bmx racing | sport_code: bmx
event: men's cross-country | sport: cycling mountain bike | sport_code: mtb
event: women's cross-country | sport: cycling mountain bike | sport_code: mtb
event: men's road race | sport: cycling road | sport_code: crd
event: women's road race | sport: cycling road | sport_code: crd
event: men's individual time trial | sport: cycling road | sport_code: crd
event: women's individual time trial | sport: cycling road | sport_code: crd
event: men's team sprint | sport: cycling track  | sport_code: ctr
event: men's sprint | sport: cycling track  | sport_code: ctr
event: men's keirin | sport: cycling track  | sport_code: ctr
event: men's team pursuit | sport: cycling track  | sport_code: ctr
event: men's omnium | sport: cycling track  | sport_code: ctr
event: men's madison | sport: cycling track  | sport_code: ctr
event: women's team sprint | sport: cycling track  | sport_code: ctr
event: women's sprint | sport: cycling track  | sport_code: ctr
event: women's keirin | sport: cycling track  | sport_code: ctr
event: women's team pursuit | sport: cycling track  | sport_code: ctr
event: women's omnium | sport: cycling track  | sport_code: ctr
event: women's madison | sport: cycling track  | sport_code: ctr
event: women's 3m springboard | sport: diving | sport_code: div
event: women's 10m platform | sport: diving | sport_code: div
event: women's synchronised 3m springboard | sport: diving | sport_code: div
event: women's synchronised 10m platform | sport: diving | sport_code: div
event: men's 3m springboard | sport: diving | sport_code: div
event: men's 10m platform | sport: diving | sport_code: div
event: men's synchronised 3m springboard | sport: diving | sport_code: div
event: men's synchronised 10m platform | sport: diving | sport_code: div
event: eventing team | sport: equestrian | sport_code: equ
event: eventing individual | sport: equestrian | sport_code: equ
event: dressage team | sport: equestrian | sport_code: equ
event: dressage individual | sport: equestrian | sport_code: equ
event: jumping team | sport: equestrian | sport_code: equ
event: jumping individual | sport: equestrian | sport_code: equ
event: women's épée individual | sport: fencing | sport_code: fen
event: women's foil individual | sport: fencing | sport_code: fen
event: women's sabre individual | sport: fencing | sport_code: fen
event: men's épée individual | sport: fencing | sport_code: fen
event: men's foil individual | sport: fencing | sport_code: fen
event: men's sabre individual | sport: fencing | sport_code: fen
event: women's épée team | sport: fencing | sport_code: fen
event: women's foil team | sport: fencing | sport_code: fen
event: women's sabre team | sport: fencing | sport_code: fen
event: men's épée team | sport: fencing | sport_code: fen
event: men's foil team | sport: fencing | sport_code: fen
event: men's sabre team | sport: fencing | sport_code: fen
event: men | sport: football | sport_code: fbl
event: women | sport: football | sport_code: fbl
event: men's individual stroke play | sport: golf | sport_code: glf
event: women's individual stroke play | sport: golf | sport_code: glf
event: men | sport: handball | sport_code: hbl
event: women | sport: handball | sport_code: hbl
event: men | sport: hockey | sport_code: hoc
event: women | sport: hockey | sport_code: hoc
event: women -48 kg | sport: judo | sport_code: jud
event: women -52 kg | sport: judo | sport_code: jud
event: women -57 kg | sport: judo | sport_code: jud
event: women -63 kg | sport: judo | sport_code: jud
event: women -70 kg | sport: judo | sport_code: jud
event: women -78 kg | sport: judo | sport_code: jud
event: women +78 kg | sport: judo | sport_code: jud
event: men -60 kg | sport: judo | sport_code: jud
event: men -66 kg | sport: judo | sport_code: jud
event: men -73 kg | sport: judo | sport_code: jud
event: men -81 kg | sport: judo | sport_code: jud
event: men -90 kg | sport: judo | sport_code: jud
event: men -100 kg | sport: judo | sport_code: jud
event: men +100 kg | sport: judo | sport_code: jud
event: mixed team | sport: judo | sport_code: jud
event: women's 10km | sport: marathon swimming | sport_code: ows
event: men's 10km | sport: marathon swimming | sport_code: ows
event: women's individual | sport: modern pentathlon | sport_code: mpn
event: men's individual | sport: modern pentathlon | sport_code: mpn
event: individual all-around | sport: rhythmic gymnastics | sport_code: gry
event: group all-around | sport: rhythmic gymnastics | sport_code: gry
event: women's pair | sport: rowing | sport_code: row
event: men's pair | sport: rowing | sport_code: row
event: women's double sculls | sport: rowing | sport_code: row
event: men's double sculls | sport: rowing | sport_code: row
event: women's four | sport: rowing | sport_code: row
event: men's four | sport: rowing | sport_code: row
event: women's single sculls | sport: rowing | sport_code: row
event: men's single sculls | sport: rowing | sport_code: row
event: lightweight women's double sculls | sport: rowing | sport_code: row
event: lightweight men's double sculls | sport: rowing | sport_code: row
event: women's quadruple sculls | sport: rowing | sport_code: row
event: men's quadruple sculls | sport: rowing | sport_code: row
event: women's eight | sport: rowing | sport_code: row
event: men's eight | sport: rowing | sport_code: row
event: men | sport: rugby sevens | sport_code: ru7
event: women | sport: rugby sevens | sport_code: ru7
event: men's windsurfing | sport: sailing | sport_code: sal
event: men's kite | sport: sailing | sport_code: sal
event: men's dinghy | sport: sailing | sport_code: sal
event: men's skiff | sport: sailing | sport_code: sal
event: women's windsurfing | sport: sailing | sport_code: sal
event: women's kite | sport: sailing | sport_code: sal
event: women's dinghy | sport: sailing | sport_code: sal
event: women's skiff | sport: sailing | sport_code: sal
event: mixed dinghy | sport: sailing | sport_code: sal
event: mixed multihull | sport: sailing | sport_code: sal
event: 10m air rifle men | sport: shooting | sport_code: sho
event: 50m rifle 3 positions men | sport: shooting | sport_code: sho
event: 10m air pistol men | sport: shooting | sport_code: sho
event: 25m rapid fire pistol men | sport: shooting | sport_code: sho
event: trap men | sport: shooting | sport_code: sho
event: skeet men | sport: shooting | sport_code: sho
event: 10m air rifle women | sport: shooting | sport_code: sho
event: 50m rifle 3 positions women | sport: shooting | sport_code: sho
event: 10m air pistol women | sport: shooting | sport_code: sho
event: 25m pistol women | sport: shooting | sport_code: sho
event: trap women | sport: shooting | sport_code: sho
event: skeet women | sport: shooting | sport_code: sho
event: 10m air rifle mixed team | sport: shooting | sport_code: sho
event: 10m air pistol mixed team | sport: shooting | sport_code: sho
event: skeet mixed team | sport: shooting | sport_code: sho
event: women's street | sport: skateboarding | sport_code: skb
event: men's street | sport: skateboarding | sport_code: skb
event: women's park | sport: skateboarding | sport_code: skb
event: men's park | sport: skateboarding | sport_code: skb
event: women's boulder & lead | sport: sport climbing | sport_code: clb
event: women's speed | sport: sport climbing | sport_code: clb
event: men's boulder & lead | sport: sport climbing | sport_code: clb
event: men's speed | sport: sport climbing | sport_code: clb
event: men | sport: surfing | sport_code: srf
event: women | sport: surfing | sport_code: srf
event: women's 50m freestyle | sport: swimming | sport_code: swm
event: women's 100m freestyle | sport: swimming | sport_code: swm
event: women's 200m freestyle | sport: swimming | sport_code: swm
event: women's 400m freestyle | sport: swimming | sport_code: swm
event: women's 800m freestyle | sport: swimming | sport_code: swm
event: women's 1500m freestyle | sport: swimming | sport_code: swm
event: women's 100m backstroke | sport: swimming | sport_code: swm
event: women's 200m backstroke | sport: swimming | sport_code: swm
event: women's 100m breaststroke | sport: swimming | sport_code: swm
event: women's 200m breaststroke | sport: swimming | sport_code: swm
event: women's 100m butterfly | sport: swimming | sport_code: swm
event: women's 200m butterfly | sport: swimming | sport_code: swm
event: women's 200m individual medley | sport: swimming | sport_code: swm
event: women's 400m individual medley | sport: swimming | sport_code: swm
event: women's 4 x 100m freestyle relay | sport: swimming | sport_code: swm
event: women's 4 x 200m freestyle relay | sport: swimming | sport_code: swm
event: women's 4 x 100m medley relay | sport: swimming | sport_code: swm
event: men's 50m freestyle | sport: swimming | sport_code: swm
event: men's 100m freestyle | sport: swimming | sport_code: swm
event: men's 200m freestyle | sport: swimming | sport_code: swm
event: men's 400m freestyle | sport: swimming | sport_code: swm
event: men's 800m freestyle | sport: swimming | sport_code: swm
event: men's 1500m freestyle | sport: swimming | sport_code: swm
event: men's 100m backstroke | sport: swimming | sport_code: swm
event: men's 200m backstroke | sport: swimming | sport_code: swm
event: men's 100m breaststroke | sport: swimming | sport_code: swm
event: men's 200m breaststroke | sport: swimming | sport_code: swm
event: men's 100m butterfly | sport: swimming | sport_code: swm
event: men's 200m butterfly | sport: swimming | sport_code: swm
event: men's 200m individual medley | sport: swimming | sport_code: swm
event: men's 400m individual medley | sport: swimming | sport_code: swm
event: men's 4 x 100m freestyle relay | sport: swimming | sport_code: swm
event: men's 4 x 200m freestyle relay | sport: swimming | sport_code: swm
event: men's 4 x 100m medley relay | sport: swimming | sport_code: swm
event: mixed 4 x 100m medley relay | sport: swimming | sport_code: swm
event: men's singles | sport: table tennis | sport_code: tte
event: women's singles | sport: table tennis | sport_code: tte
event: mixed doubles | sport: table tennis | sport_code: tte
event: men's team | sport: table tennis | sport_code: tte
event: women's team | sport: table tennis | sport_code: tte
event: men -58kg | sport: taekwondo | sport_code: tkw
event: men -68kg | sport: taekwondo | sport_code: tkw
event: men -80kg | sport: taekwondo | sport_code: tkw
event: men +80kg | sport: taekwondo | sport_code: tkw
event: women -49kg | sport: taekwondo | sport_code: tkw
event: women -57kg | sport: taekwondo | sport_code: tkw
event: women -67kg | sport: taekwondo | sport_code: tkw
event: women +67kg | sport: taekwondo | sport_code: tkw
event: men's singles | sport: tennis | sport_code: ten
event: women's singles | sport: tennis | sport_code: ten
event: men's doubles | sport: tennis | sport_code: ten
event: women's doubles | sport: tennis | sport_code: ten
event: mixed doubles | sport: tennis | sport_code: ten
event: men | sport: trampoline | sport_code: gtr
event: women | sport: trampoline | sport_code: gtr
event: women's individual | sport: triathlon | sport_code: tri
event: men's individual | sport: triathlon | sport_code: tri
event: mixed relay | sport: triathlon | sport_code: tri
event: men | sport: volleyball | sport_code: vvo
event: women | sport: volleyball | sport_code: vvo
event: men | sport: water polo | sport_code: wpo
event: women | sport: water polo | sport_code: wpo
event: women's 49kg | sport: weightlifting | sport_code: wlf
event: women's 59kg | sport: weightlifting | sport_code: wlf
event: women's 71kg | sport: weightlifting | sport_code: wlf
event: women's 81kg | sport: weightlifting | sport_code: wlf
event: women's +81kg | sport: weightlifting | sport_code: wlf
event: men's 61kg | sport: weightlifting | sport_code: wlf
event: men's 73kg | sport: weightlifting | sport_code: wlf
event: men's 89kg | sport: weightlifting | sport_code: wlf
event: men's 102kg | sport: weightlifting | sport_code: wlf
event: men's +102kg | sport: weightlifting | sport_code: wlf
event: men's greco-roman 60kg | sport: wrestling | sport_code: wre
event: men's greco-roman 67kg | sport: wrestling | sport_code: wre
event: men's greco-roman 77kg | sport: wrestling | sport_code: wre
event: men's greco-roman 87kg | sport: wrestling | sport_code: wre
event: men's greco-roman 97kg | sport: wrestling | sport_code: wre
event: men's greco-roman 130kg | sport: wrestling | sport_code: wre
event: women's freestyle 50kg | sport: wrestling | sport_code: wre
event: women's freestyle 53kg | sport: wrestling | sport_code: wre
event: women's freestyle 57kg | sport: wrestling | sport_code: wre
event: women's freestyle 62kg | sport: wrestling | sport_code: wre
event: women's freestyle 68kg | sport: wrestling | sport_code: wre
event: women's freestyle 76kg | sport: wrestling | sport_code: wre
event: men's freestyle 57kg | sport: wrestling | sport_code: wre
event: men's freestyle 65kg | sport: wrestling | sport_code: wre
event: men's freestyle 74kg | sport: wrestling | sport_code: wre
event: men's freestyle 86kg | sport: wrestling | sport_code: wre
event: men's freestyle 97kg | sport: wrestling | sport_code: wre
event: men's freestyle 125kg | sport: wrestling | sport_code: wre
