text
country_code: usa | country_long: united states of america | Gold Medal: 40 | Silver Medal: 44 | Bronze Medal: 42 | Total: 126
country_code: chn | country_long: people's republic of china | Gold Medal: 40 | Silver Medal: 27 | Bronze Medal: 24 | Total: 91
country_code: jpn | country_long: japan | Gold Medal: 20 | Silver Medal: 12 | Bronze Medal: 13 | Total: 45
country_code: aus | country_long: australia | Gold Medal: 18 | Silver Medal: 19 | Bronze Medal: 16 | Total: 53
country_code: fra | country_long: france | Gold Medal: 16 | Silver Medal: 26 | Bronze Medal: 22 | Total: 64
country_code: ned | country_long: netherlands | Gold Medal: 15 | Silver Medal: 7 | Bronze Medal: 12 | Total: 34
country_code: gbr | country_long: great britain | Gold Medal: 14 | Silver Medal: 22 | Bronze Medal: 29 | Total: 65
country_code: kor | country_long: republic of korea | Gold Medal: 13 | Silver Medal: 9 | Bronze Medal: 10 | Total: 32
country_code: ita | country_long: italy | Gold Medal: 12 | Silver Medal: 13 | Bronze Medal: 15 | Total: 40
country_code: ger | country_long: germany | Gold Medal: 12 | Silver Medal: 13 | Bronze Medal: 8 | Total: 33
country_code: nzl | country_long: new zealand | Gold Medal: 10 | Silver Medal: 7 | Bronze Medal: 3 | Total: 20
country_code: can | country_long: canada | Gold Medal: 9 | Silver Medal: 7 | Bronze Medal: 11 | Total: 27
country_code: uzb | country_long: uzbekistan | Gold Medal: 8 | Silver Medal: 2 | Bronze Medal: 3 | Total: 13
country_code: hun | country_long: hungary | Gold Medal: 6 | Silver Medal: 7 | Bronze Medal: 6 | Total: 19
country_code: esp | country_long: spain | Gold Medal: 5 | Silver Medal: 4 | Bronze Medal: 9 | Total: 18
country_code: swe | country_long: sweden | Gold Medal: 4 | Silver Medal: 4 | Bronze Medal: 3 | Total: 11
country_code: ken | country_long: kenya | Gold Medal: 4 | Silver Medal: 2 | Bronze Medal: 5 | Total: 11
country_code: nor | country_long: norway | Gold Medal: 4 | Silver Medal: 1 | Bronze Medal: 3 | Total: 8
country_code: irl | country_long: ireland | Gold Medal: 4 | Silver Medal: 0 | Bronze Medal: 3 | Total: 7
country_code: bra | country_long: brazil | Gold Medal: 3 | Silver Medal: 7 | Bronze Medal: 10 | Total: 20
country_code: iri | country_long: islamic republic of iran | Gold Medal: 3 | Silver Medal: 6 | Bronze Medal: 3 | Total: 12
country_code: ukr | country_long: ukraine | Gold Medal: 3 | Silver Medal: 5 | Bronze Medal: 4 | Total: 12
country_code: rou | country_long: romania | Gold Medal: 3 | Silver Medal: 4 | Bronze Medal: 2 | Total: 9
country_code: geo | country_long: georgia | Gold Medal: 3 | Silver Medal: 3 | Bronze Medal: 1 | Total: 7
country_code: bel | country_long: belgium | Gold Medal: 3 | Silver Medal: 1 | Bronze Medal: 6 | Total: 10
country_code: bul | country_long: bulgaria | Gold Medal: 3 | Silver Medal: 1 | Bronze Medal: 3 | Total: 7
country_code: srb | country_long: serbia | Gold Medal: 3 | Silver Medal: 1 | Bronze Medal: 1 | Total: 5
country_code: cze | country_long: czechia | Gold Medal: 3 | Silver Medal: 0 | Bronze Medal: 2 | Total: 5
country_code: den | country_long: denmark | Gold Medal: 2 | Silver Medal: 2 | Bronze Medal: 5 | Total: 9
country_code: aze | country_long: azerbaijan | Gold Medal: 2 | Silver Medal: 2 | Bronze Medal: 3 | Total: 7
country_code: cro | country_long: croatia | Gold Medal: 2 | Silver Medal: 2 | Bronze Medal: 3 | Total: 7
country_code: cub | country_long: cuba | Gold Medal: 2 | Silver Medal: 1 | Bronze Medal: 6 | Total: 9
country_code: brn | country_long: bahrain | Gold Medal: 2 | Silver Medal: 1 | Bronze Medal: 1 | Total: 4
country_code: slo | country_long: slovenia | Gold Medal: 2 | Silver Medal: 1 | Bronze Medal: 0 | Total: 3
country_code: tpe | country_long: chinese taipei | Gold Medal: 2 | Silver Medal: 0 | Bronze Medal: 5 | Total: 7
country_code: aut | country_long: austria | Gold Medal: 2 | Silver Medal: 0 | Bronze Medal: 3 | Total: 5
"country_code: hkg | country_long: hong kong, china | Gold Medal: 2 | Silver Medal: 0 | Bronze Medal: 2 | Total: 4"
country_code: phi | country_long: philippines | Gold Medal: 2 | Silver Medal: 0 | Bronze Medal: 2 | Total: 4
country_code: alg | country_long: algeria | Gold Medal: 2 | Silver Medal: 0 | Bronze Medal: 1 | Total: 3
country_code: ina | country_long: indonesia | Gold Medal: 2 | Silver Medal: 0 | Bronze Medal: 0 | Total: 2
country_code: isr | country_long: israel | Gold Medal: 1 | Silver Medal: 5 | Bronze Medal: 1 | Total: 7
country_code: pol | country_long: poland | Gold Medal: 1 | Silver Medal: 4 | Bronze Medal: 5 | Total: 10
country_code: kaz | country_long: kazakhstan | Gold Medal: 1 | Silver Medal: 3 | Bronze Medal: 3 | Total: 7
country_code: jam | country_long: jamaica | Gold Medal: 1 | Silver Medal: 3 | Bronze Medal: 2 | Total: 6
country_code: rsa | country_long: south africa | Gold Medal: 1 | Silver Medal: 3 | Bronze Medal: 2 | Total: 6
country_code: tha | country_long: thailand | Gold Medal: 1 | Silver Medal: 3 | Bronze Medal: 2 | Total: 6
country_code: ain | country_long: ain | Gold Medal: 1 | Silver Medal: 3 | Bronze Medal: 1 | Total: 5
country_code: eth | country_long: ethiopia | Gold Medal: 1 | Silver Medal: 3 | Bronze Medal: 0 | Total: 4
country_code: sui | country_long: switzerland | Gold Medal: 1 | Silver Medal: 2 | Bronze Medal: 5 | Total: 8
country_code: ecu | country_long: ecuador | Gold Medal: 1 | Silver Medal: 2 | Bronze Medal: 2 | Total: 5
country_code: por | country_long: portugal | Gold Medal: 1 | Silver Medal: 2 | Bronze Medal: 1 | Total: 4
country_code: gre | country_long: greece | Gold Medal: 1 | Silver Medal: 1 | Bronze Medal: 6 | Total: 8
country_code: arg | country_long: argentina | Gold Medal: 1 | Silver Medal: 1 | Bronze Medal: 1 | Total: 3
country_code: egy | country_long: egypt | Gold Medal: 1 | Silver Medal: 1 | Bronze Medal: 1 | Total: 3
country_code: tun | country_long: tunisia | Gold Medal: 1 | Silver Medal: 1 | Bronze Medal: 1 | Total: 3
country_code: bot | country_long: botswana | Gold Medal: 1 | Silver Medal: 1 | Bronze Medal: 0 | Total: 2
country_code: chi | country_long: chile | Gold Medal: 1 | Silver Medal: 1 | Bronze Medal: 0 | Total: 2
country_code: lca | country_long: saint lucia | Gold Medal: 1 | Silver Medal: 1 | Bronze Medal: 0 | Total: 2
country_code: uga | country_long: uganda | Gold Medal: 1 | Silver Medal: 1 | Bronze Medal: 0 | Total: 2
country_code: dom | country_long: dominican republic | Gold Medal: 1 | Silver Medal: 0 | Bronze Medal: 2 | Total: 3
country_code: gua | country_long: guatemala | Gold Medal: 1 | Silver Medal: 0 | Bronze Medal: 1 | Total: 2
country_code: mar | country_long: morocco | Gold Medal: 1 | Silver Medal: 0 | Bronze Medal: 1 | Total: 2
country_code: dma | country_long: dominica | Gold Medal: 1 | Silver Medal: 0 | Bronze Medal: 0 | Total: 1
country_code: pak | country_long: pakistan | Gold Medal: 1 | Silver Medal: 0 | Bronze Medal: 0 | Total: 1
country_code: tur | country_long: türkiye | Gold Medal: 0 | Silver Medal: 3 | Bronze Medal: 5 | Total: 8
country_code: mex | country_long: mexico | Gold Medal: 0 | Silver Medal: 3 | Bronze Medal: 2 | Total: 5
country_code: arm | country_long: armenia | Gold Medal: 0 | Silver Medal: 3 | Bronze Medal: 1 | Total: 4
country_code: col | country_long: colombia | Gold Medal: 0 | Silver Medal: 3 | Bronze Medal: 1 | Total: 4
country_code: prk | country_long: democratic people's republic of korea | Gold Medal: 0 | Silver Medal: 2 | Bronze Medal: 4 | Total: 6
country_code: kgz | country_long: kyrgyzstan | Gold Medal: 0 | Silver Medal: 2 | Bronze Medal: 4 | Total: 6
country_code: ltu | country_long: lithuania | Gold Medal: 0 | Silver Medal: 2 | Bronze Medal: 2 | Total: 4
country_code: ind | country_long: india | Gold Medal: 0 | Silver Medal: 1 | Bronze Medal: 5 | Total: 6
country_code: mda | country_long: republic of moldova | Gold Medal: 0 | Silver Medal: 1 | Bronze Medal: 3 | Total: 4
country_code: kos | country_long: kosovo | Gold Medal: 0 | Silver Medal: 1 | Bronze Medal: 1 | Total: 2
country_code: cyp | country_long: cyprus | Gold Medal: 0 | Silver Medal: 1 | Bronze Medal: 0 | Total: 1
country_code: fij | country_long: fiji | Gold Medal: 0 | Silver Medal: 1 | Bronze Medal: 0 | Total: 1
country_code: jor | country_long: jordan | Gold Medal: 0 | Silver Medal: 1 | Bronze Medal: 0 | Total: 1
country_code: mgl | country_long: mongolia | Gold Medal: 0 | Silver Medal: 1 | Bronze Medal: 0 | Total: 1
country_code: pan | country_long: panama | Gold Medal: 0 | Silver Medal: 1 | Bronze Medal: 0 | Total: 1
country_code: tjk | country_long: tajikistan | Gold Medal: 0 | Silver Medal: 0 | Bronze Medal: 3 | Total: 3
country_code: alb | country_long: albania | Gold Medal: 0 | Silver Medal: 0 | Bronze Medal: 2 | Total: 2
country_code: grn | country_long: grenada | Gold Medal: 0 | Silver Medal: 0 | Bronze Medal: 2 | Total: 2
country_code: mas | country_long: malaysia | Gold Medal: 0 | Silver Medal: 0 | Bronze Medal: 2 | Total: 2
country_code: pur | country_long: puerto rico | Gold Medal: 0 | Silver Medal: 0 | Bronze Medal: 2 | Total: 2
country_code: cpv | country_long: cabo verde | Gold Medal: 0 | Silver Medal: 0 | Bronze Medal: 1 | Total: 1
country_code: civ | country_long: côte d'ivoire | Gold Medal: 0 | Silver Medal: 0 | Bronze Medal: 1 | Total: 1
country_code: eor | country_long: refugee olympic team | Gold Medal: 0 | Silver Medal: 0 | Bronze Medal: 1 | Total: 1
country_code: per | country_long: peru | Gold Medal: 0 | Silver Medal: 0 | Bronze Medal: 1 | Total: 1
country_code: qat | country_long: qatar | Gold Medal: 0 | Silver Medal: 0 | Bronze Medal: 1 | Total: 1
country_code: sgp | country_long: singapore | Gold Medal: 0 | Silver Medal: 0 | Bronze Medal: 1 | Total: 1
country_code: svk | country_long: slovakia | Gold Medal: 0 | Silver Medal: 0 | Bronze Medal: 1 | Total: 1
country_code: zam | country_long: zambia | Gold Medal: 0 | Silver Medal: 0 | Bronze Medal: 1 | Total: 1
