text
code: afg | country_long: afghanistan
code: aho | country_long: netherlands antilles
code: ain | country_long: ain
code: alb | country_long: albania
code: alg | country_long: algeria
code: and | country_long: andorra
code: ang | country_long: angola
code: ant | country_long: antigua and barbuda
code: arg | country_long: argentina
code: arm | country_long: armenia
code: aru | country_long: aruba
code: asa | country_long: american samoa
code: aus | country_long: australia
code: aut | country_long: austria
code: aze | country_long: azerbaijan
code: bah | country_long: bahamas
code: ban | country_long: bangladesh
code: bar | country_long: barbados
code: bdi | country_long: burundi
code: bel | country_long: belgium
code: ben | country_long: benin
code: ber | country_long: bermuda
code: bhu | country_long: bhutan
code: bih | country_long: bosnia and herzegovina
code: biz | country_long: belize
code: blr | country_long: belarus
code: boc | country_long: boc
code: bol | country_long: bolivia
code: bot | country_long: botswana
code: bra | country_long: brazil
code: brn | country_long: bahrain
code: bru | country_long: brunei darussalam
code: bul | country_long: bulgaria
code: bur | country_long: burkina faso
code: caf | country_long: central african republic
code: cam | country_long: cambodia
code: can | country_long: canada
code: cay | country_long: cayman islands
code: cgo | country_long: congo
code: cha | country_long: chad
code: chi | country_long: chile
code: chn | country_long: people's republic of china
code: cis | country_long: commonwealth of independent states
code: civ | country_long: côte d'ivoire
code: cmr | country_long: cameroon
code: cod | country_long: democratic republic of the congo
code: cok | country_long: cook islands
code: col | country_long: colombia
code: com | country_long: comoros
code: cor | country_long: korea
code: cpv | country_long: cabo verde
code: crc | country_long: costa rica
code: cro | country_long: croatia
code: cub | country_long: cuba
code: cyp | country_long: cyprus
code: cze | country_long: czechia
code: den | country_long: denmark
code: dji | country_long: djibouti
code: dma | country_long: dominica
code: dom | country_long: dominican republic
code: ecu | country_long: ecuador
code: egy | country_long: egypt
code: eor | country_long: refugee olympic team
code: eri | country_long: eritrea
code: esa | country_long: el salvador
code: esp | country_long: spain
code: est | country_long: estonia
code: eth | country_long: ethiopia
code: eun | country_long: unified team
code: fij | country_long: fiji
code: fin | country_long: finland
code: fra | country_long: france
code: frg | country_long: federal republic of germany
code: fsm | country_long: federated states of micronesia
code: gab | country_long: gabon
code: gam | country_long: gambia
code: gbr | country_long: great britain
code: gbs | country_long: guinea-bissau
code: gdr | country_long: german democratic republic
code: geo | country_long: georgia
code: geq | country_long: equatorial guinea
code: ger | country_long: germany
code: gha | country_long: ghana
code: gre | country_long: greece
code: grn | country_long: grenada
code: gua | country_long: guatemala
code: gui | country_long: guinea
code: gum | country_long: guam
code: guy | country_long: guyana
code: hai | country_long: haiti
"code: hkg | country_long: hong kong, china"
code: hon | country_long: honduras
code: hun | country_long: hungary
code: ina | country_long: indonesia
code: ind | country_long: india
code: ioa | country_long: independent olympic athletes
code: iop | country_long: independent olympic participants
code: iri | country_long: islamic republic of iran
code: irl | country_long: ireland
code: irq | country_long: iraq
code: isl | country_long: iceland
code: isr | country_long: israel
"code: isv | country_long: virgin islands, us"
code: ita | country_long: italy
"code: ivb | country_long: virgin islands, british"
code: jam | country_long: jamaica
code: jor | country_long: jordan
code: jpn | country_long: japan
code: kaz | country_long: kazakhstan
code: ken | country_long: kenya
code: kgz | country_long: kyrgyzstan
code: kir | country_long: kiribati
code: kor | country_long: republic of korea
code: kos | country_long: kosovo
code: ksa | country_long: saudi arabia
code: kuw | country_long: kuwait
code: lao | country_long: lao people's democratic republic
code: lat | country_long: latvia
code: lba | country_long: libya
code: lbn | country_long: lebanon
code: lbr | country_long: liberia
code: lca | country_long: saint lucia
code: les | country_long: lesotho
code: lie | country_long: liechtenstein
code: ltu | country_long: lithuania
code: lux | country_long: luxembourg
code: mad | country_long: madagascar
code: mar | country_long: morocco
code: mas | country_long: malaysia
code: maw | country_long: malawi
code: mda | country_long: republic of moldova
code: mdv | country_long: maldives
code: mex | country_long: mexico
code: mgl | country_long: mongolia
code: mhl | country_long: marshall islands
code: mkd | country_long: north macedonia
code: mli | country_long: mali
code: mlt | country_long: malta
code: mne | country_long: montenegro
code: mon | country_long: monaco
code: moz | country_long: mozambique
code: mri | country_long: mauritius
code: mtn | country_long: mauritania
code: mya | country_long: myanmar
code: nam | country_long: namibia
code: nca | country_long: nicaragua
code: ned | country_long: netherlands
code: nep | country_long: nepal
code: ngr | country_long: nigeria
code: nig | country_long: niger
code: nor | country_long: norway
code: nru | country_long: nauru
code: nzl | country_long: new zealand
code: oar | country_long: olympic athlete from russia
code: oma | country_long: oman
code: pak | country_long: pakistan
code: pan | country_long: panama
code: par | country_long: paraguay
code: per | country_long: peru
code: phi | country_long: philippines
code: ple | country_long: palestine
code: plw | country_long: palau
code: png | country_long: papua new guinea
code: pol | country_long: poland
code: por | country_long: portugal
code: prk | country_long: democratic people's republic of korea
code: pur | country_long: puerto rico
code: qat | country_long: qatar
code: roc | country_long: roc
code: rot | country_long: refugee olympic team
code: rou | country_long: romania
code: rsa | country_long: south africa
code: rus | country_long: russian federation
code: rwa | country_long: rwanda
code: sam | country_long: samoa
code: scg | country_long: serbia and montenegro
code: sen | country_long: senegal
code: sey | country_long: seychelles
code: sgp | country_long: singapore
code: skn | country_long: saint kitts and nevis
code: sle | country_long: sierra leone
code: slo | country_long: slovenia
code: smr | country_long: san marino
code: sol | country_long: solomon islands
code: som | country_long: somalia
code: srb | country_long: serbia
code: sri | country_long: sri lanka
code: ssd | country_long: south sudan
code: stp | country_long: sao tome and principe
code: sud | country_long: sudan
code: sui | country_long: switzerland
code: sur | country_long: suriname
code: svk | country_long: slovakia
code: swe | country_long: sweden
code: swz | country_long: eswatini
code: syr | country_long: syrian arab republic
code: tan | country_long: united republic of tanzania
code: tch | country_long: czechoslovakia
code: tga | country_long: tonga
code: tha | country_long: thailand
code: tjk | country_long: tajikistan
code: tkm | country_long: turkmenistan
code: tls | country_long: democratic republic of timor-leste
code: tog | country_long: togo
code: tpe | country_long: chinese taipei
code: tto | country_long: trinidad and tobago
code: tun | country_long: tunisia
code: tur | country_long: türkiye
code: tuv | country_long: tuvalu
code: uae | country_long: united arab emirates
code: uga | country_long: uganda
code: ukr | country_long: ukraine
code: urs | country_long: ussr
code: uru | country_long: uruguay
code: usa | country_long: united states of america
code: uzb | country_long: uzbekistan
code: van | country_long: vanuatu
code: ven | country_long: venezuela
code: vie | country_long: vietnam
code: vin | country_long: st vincent and the grenadines
code: yem | country_long: yemen
code: yug | country_long: the federal republic of yugoslavia
code: zam | country_long: zambia
code: zim | country_long: zimbabwe
