text
"venue: aquatics centre | sports: ['artistic swimming', 'diving', 'water polo'] | date_start: 2024-07-27t09:00:00z | date_end: 2024-08-10t20:00:00z | tag: aquatics-centre"
"venue: bercy arena | sports: ['artistic gymnastics', 'basketball', 'trampoline'] | date_start: 2024-07-27t09:00:00z | date_end: 2024-08-11t16:00:00z | tag: bercy-arena"
venue: bordeaux stadium | sports: ['football'] | date_start: 2024-07-25t17:00:00z | date_end: 2024-08-02t21:59:00z | tag: bordeaux-stadium
"venue: champ de mars arena | sports: ['judo', 'wrestling'] | date_start: 2024-07-27t08:00:00z | date_end: 2024-08-11t12:00:00z | tag: champ-de-mars-arena"
"venue: château de versailles | sports: ['equestrian', 'modern pentathlon'] | date_start: 2024-07-27t07:30:00z | date_end: 2024-08-11t11:30:00z | tag: chateau-de-versailles"
venue: chateauroux shooting centre | sports: ['shooting'] | date_start: 2024-07-27t07:00:00z | date_end: 2024-08-05t14:35:00z | tag: chateauroux-shooting-centre
venue: eiffel tower stadium | sports: ['beach volleyball'] | date_start: 2024-07-27t12:00:00z | date_end: 2024-08-10t21:59:00z | tag: eiffel-tower-stadium
venue: elancourt hill | sports: ['cycling mountain bike'] | date_start: 2024-07-28t12:00:00z | date_end: 2024-07-29t14:30:00z | tag: elancourt-hill
venue: geoffroy-guichard stadium | sports: ['football'] | date_start: 2024-07-25t13:00:00z | date_end: 2024-07-31t19:00:00z | tag: geoffroy-guichard-stadium
"venue: grand palais | sports: ['fencing', 'taekwondo'] | date_start: 2024-07-27t08:00:00z | date_end: 2024-08-10t21:00:00z | tag: grand-palais"
venue: hôtel de ville | sports: ['athletics'] | date_start: 2024-08-10t06:00:00z | date_end: 2024-08-11t09:15:00z | tag: hotel-de-ville
"venue: invalides | sports: ['archery', 'athletics', 'cycling road'] | date_start: 2024-07-25t07:30:00z | date_end: 2024-08-04t13:20:00z | tag: invalides"
venue: la beaujoire stadium | sports: ['football'] | date_start: 2024-07-25t15:00:00z | date_end: 2024-08-08t18:00:00z | tag: la-beaujoire-stadium
"venue: la concorde | sports: ['3x3 basketball', 'breaking', 'cycling bmx freestyle', 'skateboarding'] | date_start: 2024-07-27t10:00:00z | date_end: 2024-08-10t20:00:00z | tag: la-concorde"
venue: le bourget sport climbing venue | sports: ['sport climbing'] | date_start: 2024-08-05t08:00:00z | date_end: 2024-08-10t11:20:00z | tag: le-bourget-climbing-venue
venue: golf national | sports: ['golf'] | date_start: 2024-08-01t07:00:00z | date_end: 2024-08-10t16:30:00z | tag: le-golf-national
venue: lyon stadium | sports: ['football'] | date_start: 2024-07-25t17:00:00z | date_end: 2024-08-09t16:00:00z | tag: lyon-stadium
venue: marseille marina | sports: ['sailing'] | date_start: 2024-07-28t09:00:00z | date_end: 2024-08-08t17:00:00z | tag: marseille-marina
venue: marseille stadium | sports: ['football'] | date_start: 2024-07-25t19:00:00z | date_end: 2024-08-06t21:59:00z | tag: marseille-stadium
venue: nice stadium | sports: ['football'] | date_start: 2024-07-25t15:00:00z | date_end: 2024-08-31t21:00:00z | tag: nice-stadium
"venue: north paris arena | sports: ['boxing', 'modern pentathlon'] | date_start: 2024-07-27t13:30:00z | date_end: 2024-08-08t15:30:00z | tag: north-paris-arena"
venue: parc des princes | sports: ['football'] | date_start: 2024-07-25t13:00:00z | date_end: 2024-08-10t18:30:00z | tag: parc-des-princes
"venue: paris la defense arena | sports: ['swimming', 'water polo'] | date_start: 2024-07-27t09:00:00z | date_end: 2024-08-11t13:50:00z | tag: paris-la-defense-arena"
"venue: pierre mauroy stadium | sports: ['basketball', 'handball'] | date_start: 2024-07-27t09:00:00z | date_end: 2024-08-11t14:00:00z | tag: pierre-mauroy-stadium"
"venue: pont alexandre iii | sports: ['cycling road', 'marathon swimming', 'triathlon'] | date_start: 2024-07-30t06:00:00z | date_end: 2024-08-09t08:30:00z | tag: pont-alexandre-iii"
"venue: porte de la chapelle arena | sports: ['badminton', 'rhythmic gymnastics'] | date_start: 2024-07-27t06:30:00z | date_end: 2024-08-10t13:45:00z | tag: porte-de-la-chapelle-arena"
"venue: stade roland-garros | sports: ['boxing', 'tennis'] | date_start: 2024-07-27t10:00:00z | date_end: 2024-08-10t21:30:00z | tag: roland-garros-stadium"
venue: saint-quentin-en-yvelines bmx stadium | sports: ['cycling bmx racing'] | date_start: 2024-08-01t18:00:00z | date_end: 2024-08-02t20:30:00z | tag: saint-quentin-en-yvelines-bmx-stadium
venue: saint-quentin-en-yvelines velodrome | sports: ['cycling track '] | date_start: 2024-08-05t15:00:00z | date_end: 2024-08-11t12:40:00z | tag: saint-quentin-en-yvelines-velodrome
"venue: south paris arena | sports: ['handball', 'table tennis', 'volleyball', 'weightlifting'] | date_start: 2024-07-25t07:00:00z | date_end: 2024-08-11t13:45:00z | tag: south-paris-arena"
"venue: stade de france | sports: ['athletics', 'rugby sevens'] | date_start: 2024-07-24t13:30:00z | date_end: 2024-08-10t20:30:00z | tag: stade-de-france"
"venue: teahupo'o, tahiti | sports: ['surfing'] | date_start: 2024-07-27t17:00:00z | date_end: 2024-07-31t03:15:00z | tag: teahupo-o-tahiti"
"venue: trocadéro | sports: ['athletics', 'cycling road'] | date_start: 2024-08-01t05:30:00z | date_end: 2024-08-07t08:50:00z | tag: trocadero"
"venue: vaires-sur-marne nautical stadium | sports: ['canoe slalom', 'canoe sprint', 'rowing'] | date_start:  | date_end:  | tag: vaires-sur-marne-nautical-stadium"
venue: yves-du-manoir stadium | sports: ['hockey'] | date_start: 2024-07-27t08:00:00z | date_end: 2024-08-09t20:30:00z | tag: yves-du-manoir-stadium
