context,question,answer
event: men's individual | sport: archery,What sport is associated with men's individual?,archery
event: women's individual | sport: archery,What sport is associated with women's individual?,archery
event: men's team | sport: archery,What sport is associated with men's team?,archery
event: women's team | sport: archery,What sport is associated with women's team?,archery
event: mixed team | sport: archery,What sport is associated with mixed team?,archery
event: men's all-around | sport: artistic gymnastics,What sport is associated with men's all-around?,artistic gymnastics
event: men's floor exercise | sport: artistic gymnastics,What sport is associated with men's floor exercise?,artistic gymnastics
event: men's pommel horse | sport: artistic gymnastics,What sport is associated with men's pommel horse?,artistic gymnastics
event: men's rings | sport: artistic gymnastics,What sport is associated with men's rings?,artistic gymnastics
event: men's vault | sport: artistic gymnastics,What sport is associated with men's vault?,artistic gymnastics
event: men's parallel bars | sport: artistic gymnastics,What sport is associated with men's parallel bars?,artistic gymnastics
event: men's horizontal bar | sport: artistic gymnastics,What sport is associated with men's horizontal bar?,artistic gymnastics
event: men's team | sport: artistic gymnastics,What sport is associated with men's team?,artistic gymnastics
event: women's all-around | sport: artistic gymnastics,What sport is associated with women's all-around?,artistic gymnastics
event: women's vault | sport: artistic gymnastics,What sport is associated with women's vault?,artistic gymnastics
event: women's uneven bars | sport: artistic gymnastics,What sport is associated with women's uneven bars?,artistic gymnastics
event: women's balance beam | sport: artistic gymnastics,What sport is associated with women's balance beam?,artistic gymnastics
event: women's floor exercise | sport: artistic gymnastics,What sport is associated with women's floor exercise?,artistic gymnastics
event: women's team | sport: artistic gymnastics,What sport is associated with women's team?,artistic gymnastics
event: duet | sport: artistic swimming,What sport is associated with duet?,artistic swimming
event: team | sport: artistic swimming,What sport is associated with team?,artistic swimming
event: men's 100m | sport: athletics,What sport is associated with men's 100m?,athletics
event: men's 200m | sport: athletics,What sport is associated with men's 200m?,athletics
event: men's 400m | sport: athletics,What sport is associated with men's 400m?,athletics
event: men's 800m | sport: athletics,What sport is associated with men's 800m?,athletics
event: men's 1500m | sport: athletics,What sport is associated with men's 1500m?,athletics
event: men's 5000m | sport: athletics,What sport is associated with men's 5000m?,athletics
"event: men's 10,000m | sport: athletics","What sport is associated with men's 10,000m?",athletics
event: men's marathon | sport: athletics,What sport is associated with men's marathon?,athletics
event: men's 3000m steeplechase | sport: athletics,What sport is associated with men's 3000m steeplechase?,athletics
event: men's 110m hurdles | sport: athletics,What sport is associated with men's 110m hurdles?,athletics
event: men's 400m hurdles | sport: athletics,What sport is associated with men's 400m hurdles?,athletics
event: men's high jump | sport: athletics,What sport is associated with men's high jump?,athletics
event: men's pole vault | sport: athletics,What sport is associated with men's pole vault?,athletics
event: men's long jump | sport: athletics,What sport is associated with men's long jump?,athletics
event: men's triple jump | sport: athletics,What sport is associated with men's triple jump?,athletics
event: men's shot put | sport: athletics,What sport is associated with men's shot put?,athletics
event: men's discus throw | sport: athletics,What sport is associated with men's discus throw?,athletics
event: men's hammer throw | sport: athletics,What sport is associated with men's hammer throw?,athletics
event: men's javelin throw | sport: athletics,What sport is associated with men's javelin throw?,athletics
event: men's decathlon | sport: athletics,What sport is associated with men's decathlon?,athletics
event: men's 20km race walk | sport: athletics,What sport is associated with men's 20km race walk?,athletics
event: men's 4 x 100m relay | sport: athletics,What sport is associated with men's 4 x 100m relay?,athletics
event: men's 4 x 400m relay | sport: athletics,What sport is associated with men's 4 x 400m relay?,athletics
event: women's 100m | sport: athletics,What sport is associated with women's 100m?,athletics
event: women's 200m | sport: athletics,What sport is associated with women's 200m?,athletics
event: women's 400m | sport: athletics,What sport is associated with women's 400m?,athletics
event: women's 800m | sport: athletics,What sport is associated with women's 800m?,athletics
event: women's 1500m | sport: athletics,What sport is associated with women's 1500m?,athletics
event: women's 5000m | sport: athletics,What sport is associated with women's 5000m?,athletics
"event: women's 10,000m | sport: athletics","What sport is associated with women's 10,000m?",athletics
event: women's marathon | sport: athletics,What sport is associated with women's marathon?,athletics
event: women's 3000m steeplechase | sport: athletics,What sport is associated with women's 3000m steeplechase?,athletics
event: women's 100m hurdles | sport: athletics,What sport is associated with women's 100m hurdles?,athletics
event: women's 400m hurdles | sport: athletics,What sport is associated with women's 400m hurdles?,athletics
event: women's high jump | sport: athletics,What sport is associated with women's high jump?,athletics
event: women's pole vault | sport: athletics,What sport is associated with women's pole vault?,athletics
event: women's long jump | sport: athletics,What sport is associated with women's long jump?,athletics
event: women's triple jump | sport: athletics,What sport is associated with women's triple jump?,athletics
event: women's shot put | sport: athletics,What sport is associated with women's shot put?,athletics
event: women's discus throw | sport: athletics,What sport is associated with women's discus throw?,athletics
event: women's hammer throw | sport: athletics,What sport is associated with women's hammer throw?,athletics
event: women's javelin throw | sport: athletics,What sport is associated with women's javelin throw?,athletics
event: women's heptathlon | sport: athletics,What sport is associated with women's heptathlon?,athletics
event: women's 20km race walk | sport: athletics,What sport is associated with women's 20km race walk?,athletics
event: women's 4 x 100m relay | sport: athletics,What sport is associated with women's 4 x 100m relay?,athletics
event: women's 4 x 400m relay | sport: athletics,What sport is associated with women's 4 x 400m relay?,athletics
event: 4 x 400m relay mixed | sport: athletics,What sport is associated with 4 x 400m relay mixed?,athletics
event: marathon race walk mixed relay | sport: athletics,What sport is associated with marathon race walk mixed relay?,athletics
event: men's singles | sport: badminton,What sport is associated with men's singles?,badminton
event: women's singles | sport: badminton,What sport is associated with women's singles?,badminton
event: men's doubles | sport: badminton,What sport is associated with men's doubles?,badminton
event: women's doubles | sport: badminton,What sport is associated with women's doubles?,badminton
event: mixed doubles | sport: badminton,What sport is associated with mixed doubles?,badminton
event: men | sport: basketball,What sport is associated with men?,basketball
event: women | sport: basketball,What sport is associated with women?,basketball
event: men | sport: basketball 3x3,What sport is associated with men?,basketball 3x3
event: women | sport: basketball 3x3,What sport is associated with women?,basketball 3x3
event: men | sport: beach volleyball,What sport is associated with men?,beach volleyball
event: women | sport: beach volleyball,What sport is associated with women?,beach volleyball
event: men's 51kg | sport: boxing,What sport is associated with men's 51kg?,boxing
event: men's 57kg | sport: boxing,What sport is associated with men's 57kg?,boxing
event: men's 63.5kg | sport: boxing,What sport is associated with men's 63.5kg?,boxing
event: men's 71kg | sport: boxing,What sport is associated with men's 71kg?,boxing
event: men's 80kg | sport: boxing,What sport is associated with men's 80kg?,boxing
event: men's 92kg | sport: boxing,What sport is associated with men's 92kg?,boxing
event: men's +92kg | sport: boxing,What sport is associated with men's +92kg?,boxing
event: women's 50kg | sport: boxing,What sport is associated with women's 50kg?,boxing
event: women's 54kg | sport: boxing,What sport is associated with women's 54kg?,boxing
event: women's 57kg | sport: boxing,What sport is associated with women's 57kg?,boxing
event: women's 60kg | sport: boxing,What sport is associated with women's 60kg?,boxing
event: women's 66kg | sport: boxing,What sport is associated with women's 66kg?,boxing
event: women's 75kg | sport: boxing,What sport is associated with women's 75kg?,boxing
event: b-boys | sport: breaking,What sport is associated with b-boys?,breaking
event: b-girls | sport: breaking,What sport is associated with b-girls?,breaking
event: men's kayak single | sport: canoe slalom,What sport is associated with men's kayak single?,canoe slalom
event: women's kayak single | sport: canoe slalom,What sport is associated with women's kayak single?,canoe slalom
event: men's canoe single | sport: canoe slalom,What sport is associated with men's canoe single?,canoe slalom
event: women's canoe single | sport: canoe slalom,What sport is associated with women's canoe single?,canoe slalom
event: men's kayak cross | sport: canoe slalom,What sport is associated with men's kayak cross?,canoe slalom
event: women's kayak cross | sport: canoe slalom,What sport is associated with women's kayak cross?,canoe slalom
event: men's kayak single 1000m | sport: canoe sprint,What sport is associated with men's kayak single 1000m?,canoe sprint
event: men's kayak double 500m | sport: canoe sprint,What sport is associated with men's kayak double 500m?,canoe sprint
event: men's kayak four 500m | sport: canoe sprint,What sport is associated with men's kayak four 500m?,canoe sprint
event: men's canoe single 1000m | sport: canoe sprint,What sport is associated with men's canoe single 1000m?,canoe sprint
event: men's canoe double 500m | sport: canoe sprint,What sport is associated with men's canoe double 500m?,canoe sprint
event: women's kayak single 500m | sport: canoe sprint,What sport is associated with women's kayak single 500m?,canoe sprint
event: women's kayak double 500m | sport: canoe sprint,What sport is associated with women's kayak double 500m?,canoe sprint
event: women's kayak four 500m | sport: canoe sprint,What sport is associated with women's kayak four 500m?,canoe sprint
event: women's canoe single 200m | sport: canoe sprint,What sport is associated with women's canoe single 200m?,canoe sprint
event: women's canoe double 500m | sport: canoe sprint,What sport is associated with women's canoe double 500m?,canoe sprint
event: women's park | sport: cycling bmx freestyle,What sport is associated with women's park?,cycling bmx freestyle
event: men's park | sport: cycling bmx freestyle,What sport is associated with men's park?,cycling bmx freestyle
event: women | sport: cycling bmx racing,What sport is associated with women?,cycling bmx racing
event: men | sport: cycling bmx racing,What sport is associated with men?,cycling bmx racing
event: men's cross-country | sport: cycling mountain bike,What sport is associated with men's cross-country?,cycling mountain bike
event: women's cross-country | sport: cycling mountain bike,What sport is associated with women's cross-country?,cycling mountain bike
event: men's road race | sport: cycling road,What sport is associated with men's road race?,cycling road
event: women's road race | sport: cycling road,What sport is associated with women's road race?,cycling road
event: men's individual time trial | sport: cycling road,What sport is associated with men's individual time trial?,cycling road
event: women's individual time trial | sport: cycling road,What sport is associated with women's individual time trial?,cycling road
event: men's team sprint | sport: cycling track,What sport is associated with men's team sprint?,cycling track
event: men's sprint | sport: cycling track,What sport is associated with men's sprint?,cycling track
event: men's keirin | sport: cycling track,What sport is associated with men's keirin?,cycling track
event: men's team pursuit | sport: cycling track,What sport is associated with men's team pursuit?,cycling track
event: men's omnium | sport: cycling track,What sport is associated with men's omnium?,cycling track
event: men's madison | sport: cycling track,What sport is associated with men's madison?,cycling track
event: women's team sprint | sport: cycling track,What sport is associated with women's team sprint?,cycling track
event: women's sprint | sport: cycling track,What sport is associated with women's sprint?,cycling track
event: women's keirin | sport: cycling track,What sport is associated with women's keirin?,cycling track
event: women's team pursuit | sport: cycling track,What sport is associated with women's team pursuit?,cycling track
event: women's omnium | sport: cycling track,What sport is associated with women's omnium?,cycling track
event: women's madison | sport: cycling track,What sport is associated with women's madison?,cycling track
event: women's 3m springboard | sport: diving,What sport is associated with women's 3m springboard?,diving
event: women's 10m platform | sport: diving,What sport is associated with women's 10m platform?,diving
event: women's synchronised 3m springboard | sport: diving,What sport is associated with women's synchronised 3m springboard?,diving
event: women's synchronised 10m platform | sport: diving,What sport is associated with women's synchronised 10m platform?,diving
event: men's 3m springboard | sport: diving,What sport is associated with men's 3m springboard?,diving
event: men's 10m platform | sport: diving,What sport is associated with men's 10m platform?,diving
event: men's synchronised 3m springboard | sport: diving,What sport is associated with men's synchronised 3m springboard?,diving
event: men's synchronised 10m platform | sport: diving,What sport is associated with men's synchronised 10m platform?,diving
event: eventing team | sport: equestrian,What sport is associated with eventing team?,equestrian
event: eventing individual | sport: equestrian,What sport is associated with eventing individual?,equestrian
event: dressage team | sport: equestrian,What sport is associated with dressage team?,equestrian
event: dressage individual | sport: equestrian,What sport is associated with dressage individual?,equestrian
event: jumping team | sport: equestrian,What sport is associated with jumping team?,equestrian
event: jumping individual | sport: equestrian,What sport is associated with jumping individual?,equestrian
event: women's épée individual | sport: fencing,What sport is associated with women's épée individual?,fencing
event: women's foil individual | sport: fencing,What sport is associated with women's foil individual?,fencing
event: women's sabre individual | sport: fencing,What sport is associated with women's sabre individual?,fencing
event: men's épée individual | sport: fencing,What sport is associated with men's épée individual?,fencing
event: men's foil individual | sport: fencing,What sport is associated with men's foil individual?,fencing
event: men's sabre individual | sport: fencing,What sport is associated with men's sabre individual?,fencing
event: women's épée team | sport: fencing,What sport is associated with women's épée team?,fencing
event: women's foil team | sport: fencing,What sport is associated with women's foil team?,fencing
event: women's sabre team | sport: fencing,What sport is associated with women's sabre team?,fencing
event: men's épée team | sport: fencing,What sport is associated with men's épée team?,fencing
event: men's foil team | sport: fencing,What sport is associated with men's foil team?,fencing
event: men's sabre team | sport: fencing,What sport is associated with men's sabre team?,fencing
event: men | sport: football,What sport is associated with men?,football
event: women | sport: football,What sport is associated with women?,football
event: men's individual stroke play | sport: golf,What sport is associated with men's individual stroke play?,golf
event: women's individual stroke play | sport: golf,What sport is associated with women's individual stroke play?,golf
event: men | sport: handball,What sport is associated with men?,handball
event: women | sport: handball,What sport is associated with women?,handball
event: men | sport: hockey,What sport is associated with men?,hockey
event: women | sport: hockey,What sport is associated with women?,hockey
event: women -48 kg | sport: judo,What sport is associated with women -48 kg?,judo
event: women -52 kg | sport: judo,What sport is associated with women -52 kg?,judo
event: women -57 kg | sport: judo,What sport is associated with women -57 kg?,judo
event: women -63 kg | sport: judo,What sport is associated with women -63 kg?,judo
event: women -70 kg | sport: judo,What sport is associated with women -70 kg?,judo
event: women -78 kg | sport: judo,What sport is associated with women -78 kg?,judo
event: women +78 kg | sport: judo,What sport is associated with women +78 kg?,judo
event: men -60 kg | sport: judo,What sport is associated with men -60 kg?,judo
event: men -66 kg | sport: judo,What sport is associated with men -66 kg?,judo
event: men -73 kg | sport: judo,What sport is associated with men -73 kg?,judo
event: men -81 kg | sport: judo,What sport is associated with men -81 kg?,judo
event: men -90 kg | sport: judo,What sport is associated with men -90 kg?,judo
event: men -100 kg | sport: judo,What sport is associated with men -100 kg?,judo
event: men +100 kg | sport: judo,What sport is associated with men +100 kg?,judo
event: mixed team | sport: judo,What sport is associated with mixed team?,judo
event: women's 10km | sport: marathon swimming,What sport is associated with women's 10km?,marathon swimming
event: men's 10km | sport: marathon swimming,What sport is associated with men's 10km?,marathon swimming
event: women's individual | sport: modern pentathlon,What sport is associated with women's individual?,modern pentathlon
event: men's individual | sport: modern pentathlon,What sport is associated with men's individual?,modern pentathlon
event: individual all-around | sport: rhythmic gymnastics,What sport is associated with individual all-around?,rhythmic gymnastics
event: group all-around | sport: rhythmic gymnastics,What sport is associated with group all-around?,rhythmic gymnastics
event: women's pair | sport: rowing,What sport is associated with women's pair?,rowing
event: men's pair | sport: rowing,What sport is associated with men's pair?,rowing
event: women's double sculls | sport: rowing,What sport is associated with women's double sculls?,rowing
event: men's double sculls | sport: rowing,What sport is associated with men's double sculls?,rowing
event: women's four | sport: rowing,What sport is associated with women's four?,rowing
event: men's four | sport: rowing,What sport is associated with men's four?,rowing
event: women's single sculls | sport: rowing,What sport is associated with women's single sculls?,rowing
event: men's single sculls | sport: rowing,What sport is associated with men's single sculls?,rowing
event: lightweight women's double sculls | sport: rowing,What sport is associated with lightweight women's double sculls?,rowing
event: lightweight men's double sculls | sport: rowing,What sport is associated with lightweight men's double sculls?,rowing
event: women's quadruple sculls | sport: rowing,What sport is associated with women's quadruple sculls?,rowing
event: men's quadruple sculls | sport: rowing,What sport is associated with men's quadruple sculls?,rowing
event: women's eight | sport: rowing,What sport is associated with women's eight?,rowing
event: men's eight | sport: rowing,What sport is associated with men's eight?,rowing
event: men | sport: rugby sevens,What sport is associated with men?,rugby sevens
event: women | sport: rugby sevens,What sport is associated with women?,rugby sevens
event: men's windsurfing | sport: sailing,What sport is associated with men's windsurfing?,sailing
event: men's kite | sport: sailing,What sport is associated with men's kite?,sailing
event: men's dinghy | sport: sailing,What sport is associated with men's dinghy?,sailing
event: men's skiff | sport: sailing,What sport is associated with men's skiff?,sailing
event: women's windsurfing | sport: sailing,What sport is associated with women's windsurfing?,sailing
event: women's kite | sport: sailing,What sport is associated with women's kite?,sailing
event: women's dinghy | sport: sailing,What sport is associated with women's dinghy?,sailing
event: women's skiff | sport: sailing,What sport is associated with women's skiff?,sailing
event: mixed dinghy | sport: sailing,What sport is associated with mixed dinghy?,sailing
event: mixed multihull | sport: sailing,What sport is associated with mixed multihull?,sailing
event: 10m air rifle men | sport: shooting,What sport is associated with 10m air rifle men?,shooting
event: 50m rifle 3 positions men | sport: shooting,What sport is associated with 50m rifle 3 positions men?,shooting
event: 10m air pistol men | sport: shooting,What sport is associated with 10m air pistol men?,shooting
event: 25m rapid fire pistol men | sport: shooting,What sport is associated with 25m rapid fire pistol men?,shooting
event: trap men | sport: shooting,What sport is associated with trap men?,shooting
event: skeet men | sport: shooting,What sport is associated with skeet men?,shooting
event: 10m air rifle women | sport: shooting,What sport is associated with 10m air rifle women?,shooting
event: 50m rifle 3 positions women | sport: shooting,What sport is associated with 50m rifle 3 positions women?,shooting
event: 10m air pistol women | sport: shooting,What sport is associated with 10m air pistol women?,shooting
event: 25m pistol women | sport: shooting,What sport is associated with 25m pistol women?,shooting
event: trap women | sport: shooting,What sport is associated with trap women?,shooting
event: skeet women | sport: shooting,What sport is associated with skeet women?,shooting
event: 10m air rifle mixed team | sport: shooting,What sport is associated with 10m air rifle mixed team?,shooting
event: 10m air pistol mixed team | sport: shooting,What sport is associated with 10m air pistol mixed team?,shooting
event: skeet mixed team | sport: shooting,What sport is associated with skeet mixed team?,shooting
event: women's street | sport: skateboarding,What sport is associated with women's street?,skateboarding
event: men's street | sport: skateboarding,What sport is associated with men's street?,skateboarding
event: women's park | sport: skateboarding,What sport is associated with women's park?,skateboarding
event: men's park | sport: skateboarding,What sport is associated with men's park?,skateboarding
event: women's boulder & lead | sport: sport climbing,What sport is associated with women's boulder & lead?,sport climbing
event: women's speed | sport: sport climbing,What sport is associated with women's speed?,sport climbing
event: men's boulder & lead | sport: sport climbing,What sport is associated with men's boulder & lead?,sport climbing
event: men's speed | sport: sport climbing,What sport is associated with men's speed?,sport climbing
event: men | sport: surfing,What sport is associated with men?,surfing
event: women | sport: surfing,What sport is associated with women?,surfing
event: women's 50m freestyle | sport: swimming,What sport is associated with women's 50m freestyle?,swimming
event: women's 100m freestyle | sport: swimming,What sport is associated with women's 100m freestyle?,swimming
event: women's 200m freestyle | sport: swimming,What sport is associated with women's 200m freestyle?,swimming
event: women's 400m freestyle | sport: swimming,What sport is associated with women's 400m freestyle?,swimming
event: women's 800m freestyle | sport: swimming,What sport is associated with women's 800m freestyle?,swimming
event: women's 1500m freestyle | sport: swimming,What sport is associated with women's 1500m freestyle?,swimming
event: women's 100m backstroke | sport: swimming,What sport is associated with women's 100m backstroke?,swimming
event: women's 200m backstroke | sport: swimming,What sport is associated with women's 200m backstroke?,swimming
event: women's 100m breaststroke | sport: swimming,What sport is associated with women's 100m breaststroke?,swimming
event: women's 200m breaststroke | sport: swimming,What sport is associated with women's 200m breaststroke?,swimming
event: women's 100m butterfly | sport: swimming,What sport is associated with women's 100m butterfly?,swimming
event: women's 200m butterfly | sport: swimming,What sport is associated with women's 200m butterfly?,swimming
event: women's 200m individual medley | sport: swimming,What sport is associated with women's 200m individual medley?,swimming
event: women's 400m individual medley | sport: swimming,What sport is associated with women's 400m individual medley?,swimming
event: women's 4 x 100m freestyle relay | sport: swimming,What sport is associated with women's 4 x 100m freestyle relay?,swimming
event: women's 4 x 200m freestyle relay | sport: swimming,What sport is associated with women's 4 x 200m freestyle relay?,swimming
event: women's 4 x 100m medley relay | sport: swimming,What sport is associated with women's 4 x 100m medley relay?,swimming
event: men's 50m freestyle | sport: swimming,What sport is associated with men's 50m freestyle?,swimming
event: men's 100m freestyle | sport: swimming,What sport is associated with men's 100m freestyle?,swimming
event: men's 200m freestyle | sport: swimming,What sport is associated with men's 200m freestyle?,swimming
event: men's 400m freestyle | sport: swimming,What sport is associated with men's 400m freestyle?,swimming
event: men's 800m freestyle | sport: swimming,What sport is associated with men's 800m freestyle?,swimming
event: men's 1500m freestyle | sport: swimming,What sport is associated with men's 1500m freestyle?,swimming
event: men's 100m backstroke | sport: swimming,What sport is associated with men's 100m backstroke?,swimming
event: men's 200m backstroke | sport: swimming,What sport is associated with men's 200m backstroke?,swimming
event: men's 100m breaststroke | sport: swimming,What sport is associated with men's 100m breaststroke?,swimming
event: men's 200m breaststroke | sport: swimming,What sport is associated with men's 200m breaststroke?,swimming
event: men's 100m butterfly | sport: swimming,What sport is associated with men's 100m butterfly?,swimming
event: men's 200m butterfly | sport: swimming,What sport is associated with men's 200m butterfly?,swimming
event: men's 200m individual medley | sport: swimming,What sport is associated with men's 200m individual medley?,swimming
event: men's 400m individual medley | sport: swimming,What sport is associated with men's 400m individual medley?,swimming
event: men's 4 x 100m freestyle relay | sport: swimming,What sport is associated with men's 4 x 100m freestyle relay?,swimming
event: men's 4 x 200m freestyle relay | sport: swimming,What sport is associated with men's 4 x 200m freestyle relay?,swimming
event: men's 4 x 100m medley relay | sport: swimming,What sport is associated with men's 4 x 100m medley relay?,swimming
event: mixed 4 x 100m medley relay | sport: swimming,What sport is associated with mixed 4 x 100m medley relay?,swimming
event: men's singles | sport: table tennis,What sport is associated with men's singles?,table tennis
event: women's singles | sport: table tennis,What sport is associated with women's singles?,table tennis
event: mixed doubles | sport: table tennis,What sport is associated with mixed doubles?,table tennis
event: men's team | sport: table tennis,What sport is associated with men's team?,table tennis
event: women's team | sport: table tennis,What sport is associated with women's team?,table tennis
event: men -58kg | sport: taekwondo,What sport is associated with men -58kg?,taekwondo
event: men -68kg | sport: taekwondo,What sport is associated with men -68kg?,taekwondo
event: men -80kg | sport: taekwondo,What sport is associated with men -80kg?,taekwondo
event: men +80kg | sport: taekwondo,What sport is associated with men +80kg?,taekwondo
event: women -49kg | sport: taekwondo,What sport is associated with women -49kg?,taekwondo
event: women -57kg | sport: taekwondo,What sport is associated with women -57kg?,taekwondo
event: women -67kg | sport: taekwondo,What sport is associated with women -67kg?,taekwondo
event: women +67kg | sport: taekwondo,What sport is associated with women +67kg?,taekwondo
event: men's singles | sport: tennis,What sport is associated with men's singles?,tennis
event: women's singles | sport: tennis,What sport is associated with women's singles?,tennis
event: men's doubles | sport: tennis,What sport is associated with men's doubles?,tennis
event: women's doubles | sport: tennis,What sport is associated with women's doubles?,tennis
event: mixed doubles | sport: tennis,What sport is associated with mixed doubles?,tennis
event: men | sport: trampoline,What sport is associated with men?,trampoline
event: women | sport: trampoline,What sport is associated with women?,trampoline
event: women's individual | sport: triathlon,What sport is associated with women's individual?,triathlon
event: men's individual | sport: triathlon,What sport is associated with men's individual?,triathlon
event: mixed relay | sport: triathlon,What sport is associated with mixed relay?,triathlon
event: men | sport: volleyball,What sport is associated with men?,volleyball
event: women | sport: volleyball,What sport is associated with women?,volleyball
event: men | sport: water polo,What sport is associated with men?,water polo
event: women | sport: water polo,What sport is associated with women?,water polo
event: women's 49kg | sport: weightlifting,What sport is associated with women's 49kg?,weightlifting
event: women's 59kg | sport: weightlifting,What sport is associated with women's 59kg?,weightlifting
event: women's 71kg | sport: weightlifting,What sport is associated with women's 71kg?,weightlifting
event: women's 81kg | sport: weightlifting,What sport is associated with women's 81kg?,weightlifting
event: women's +81kg | sport: weightlifting,What sport is associated with women's +81kg?,weightlifting
event: men's 61kg | sport: weightlifting,What sport is associated with men's 61kg?,weightlifting
event: men's 73kg | sport: weightlifting,What sport is associated with men's 73kg?,weightlifting
event: men's 89kg | sport: weightlifting,What sport is associated with men's 89kg?,weightlifting
event: men's 102kg | sport: weightlifting,What sport is associated with men's 102kg?,weightlifting
event: men's +102kg | sport: weightlifting,What sport is associated with men's +102kg?,weightlifting
event: men's greco-roman 60kg | sport: wrestling,What sport is associated with men's greco-roman 60kg?,wrestling
event: men's greco-roman 67kg | sport: wrestling,What sport is associated with men's greco-roman 67kg?,wrestling
event: men's greco-roman 77kg | sport: wrestling,What sport is associated with men's greco-roman 77kg?,wrestling
event: men's greco-roman 87kg | sport: wrestling,What sport is associated with men's greco-roman 87kg?,wrestling
event: men's greco-roman 97kg | sport: wrestling,What sport is associated with men's greco-roman 97kg?,wrestling
event: men's greco-roman 130kg | sport: wrestling,What sport is associated with men's greco-roman 130kg?,wrestling
event: women's freestyle 50kg | sport: wrestling,What sport is associated with women's freestyle 50kg?,wrestling
event: women's freestyle 53kg | sport: wrestling,What sport is associated with women's freestyle 53kg?,wrestling
event: women's freestyle 57kg | sport: wrestling,What sport is associated with women's freestyle 57kg?,wrestling
event: women's freestyle 62kg | sport: wrestling,What sport is associated with women's freestyle 62kg?,wrestling
event: women's freestyle 68kg | sport: wrestling,What sport is associated with women's freestyle 68kg?,wrestling
event: women's freestyle 76kg | sport: wrestling,What sport is associated with women's freestyle 76kg?,wrestling
event: men's freestyle 57kg | sport: wrestling,What sport is associated with men's freestyle 57kg?,wrestling
event: men's freestyle 65kg | sport: wrestling,What sport is associated with men's freestyle 65kg?,wrestling
event: men's freestyle 74kg | sport: wrestling,What sport is associated with men's freestyle 74kg?,wrestling
event: men's freestyle 86kg | sport: wrestling,What sport is associated with men's freestyle 86kg?,wrestling
event: men's freestyle 97kg | sport: wrestling,What sport is associated with men's freestyle 97kg?,wrestling
event: men's freestyle 125kg | sport: wrestling,What sport is associated with men's freestyle 125kg?,wrestling
