context,question,answer
country_code: usa | country_long: united states of america | gold_medal: 40 | silver_medal: 44 | bronze_medal: 42 | total: 126,How many gold medals did united states of america win?,40
country_code: usa | country_long: united states of america | gold_medal: 40 | silver_medal: 44 | bronze_medal: 42 | total: 126,How many silver medals did united states of america win?,44
country_code: usa | country_long: united states of america | gold_medal: 40 | silver_medal: 44 | bronze_medal: 42 | total: 126,How many bronze medals did united states of america win?,42
country_code: usa | country_long: united states of america | gold_medal: 40 | silver_medal: 44 | bronze_medal: 42 | total: 126,What is the total number of medals won by united states of america?,126
country_code: chn | country_long: people's republic of china | gold_medal: 40 | silver_medal: 27 | bronze_medal: 24 | total: 91,How many gold medals did people's republic of china win?,40
country_code: chn | country_long: people's republic of china | gold_medal: 40 | silver_medal: 27 | bronze_medal: 24 | total: 91,How many silver medals did people's republic of china win?,27
country_code: chn | country_long: people's republic of china | gold_medal: 40 | silver_medal: 27 | bronze_medal: 24 | total: 91,How many bronze medals did people's republic of china win?,24
country_code: chn | country_long: people's republic of china | gold_medal: 40 | silver_medal: 27 | bronze_medal: 24 | total: 91,What is the total number of medals won by people's republic of china?,91
country_code: jpn | country_long: japan | gold_medal: 20 | silver_medal: 12 | bronze_medal: 13 | total: 45,How many gold medals did japan win?,20
country_code: jpn | country_long: japan | gold_medal: 20 | silver_medal: 12 | bronze_medal: 13 | total: 45,How many silver medals did japan win?,12
country_code: jpn | country_long: japan | gold_medal: 20 | silver_medal: 12 | bronze_medal: 13 | total: 45,How many bronze medals did japan win?,13
country_code: jpn | country_long: japan | gold_medal: 20 | silver_medal: 12 | bronze_medal: 13 | total: 45,What is the total number of medals won by japan?,45
country_code: aus | country_long: australia | gold_medal: 18 | silver_medal: 19 | bronze_medal: 16 | total: 53,How many gold medals did australia win?,18
country_code: aus | country_long: australia | gold_medal: 18 | silver_medal: 19 | bronze_medal: 16 | total: 53,How many silver medals did australia win?,19
country_code: aus | country_long: australia | gold_medal: 18 | silver_medal: 19 | bronze_medal: 16 | total: 53,How many bronze medals did australia win?,16
country_code: aus | country_long: australia | gold_medal: 18 | silver_medal: 19 | bronze_medal: 16 | total: 53,What is the total number of medals won by australia?,53
country_code: fra | country_long: france | gold_medal: 16 | silver_medal: 26 | bronze_medal: 22 | total: 64,How many gold medals did france win?,16
country_code: fra | country_long: france | gold_medal: 16 | silver_medal: 26 | bronze_medal: 22 | total: 64,How many silver medals did france win?,26
country_code: fra | country_long: france | gold_medal: 16 | silver_medal: 26 | bronze_medal: 22 | total: 64,How many bronze medals did france win?,22
country_code: fra | country_long: france | gold_medal: 16 | silver_medal: 26 | bronze_medal: 22 | total: 64,What is the total number of medals won by france?,64
country_code: ned | country_long: netherlands | gold_medal: 15 | silver_medal: 7 | bronze_medal: 12 | total: 34,How many gold medals did netherlands win?,15
country_code: ned | country_long: netherlands | gold_medal: 15 | silver_medal: 7 | bronze_medal: 12 | total: 34,How many silver medals did netherlands win?,7
country_code: ned | country_long: netherlands | gold_medal: 15 | silver_medal: 7 | bronze_medal: 12 | total: 34,How many bronze medals did netherlands win?,12
country_code: ned | country_long: netherlands | gold_medal: 15 | silver_medal: 7 | bronze_medal: 12 | total: 34,What is the total number of medals won by netherlands?,34
country_code: gbr | country_long: great britain | gold_medal: 14 | silver_medal: 22 | bronze_medal: 29 | total: 65,How many gold medals did great britain win?,14
country_code: gbr | country_long: great britain | gold_medal: 14 | silver_medal: 22 | bronze_medal: 29 | total: 65,How many silver medals did great britain win?,22
country_code: gbr | country_long: great britain | gold_medal: 14 | silver_medal: 22 | bronze_medal: 29 | total: 65,How many bronze medals did great britain win?,29
country_code: gbr | country_long: great britain | gold_medal: 14 | silver_medal: 22 | bronze_medal: 29 | total: 65,What is the total number of medals won by great britain?,65
country_code: kor | country_long: republic of korea | gold_medal: 13 | silver_medal: 9 | bronze_medal: 10 | total: 32,How many gold medals did republic of korea win?,13
country_code: kor | country_long: republic of korea | gold_medal: 13 | silver_medal: 9 | bronze_medal: 10 | total: 32,How many silver medals did republic of korea win?,9
country_code: kor | country_long: republic of korea | gold_medal: 13 | silver_medal: 9 | bronze_medal: 10 | total: 32,How many bronze medals did republic of korea win?,10
country_code: kor | country_long: republic of korea | gold_medal: 13 | silver_medal: 9 | bronze_medal: 10 | total: 32,What is the total number of medals won by republic of korea?,32
country_code: ita | country_long: italy | gold_medal: 12 | silver_medal: 13 | bronze_medal: 15 | total: 40,How many gold medals did italy win?,12
country_code: ita | country_long: italy | gold_medal: 12 | silver_medal: 13 | bronze_medal: 15 | total: 40,How many silver medals did italy win?,13
country_code: ita | country_long: italy | gold_medal: 12 | silver_medal: 13 | bronze_medal: 15 | total: 40,How many bronze medals did italy win?,15
country_code: ita | country_long: italy | gold_medal: 12 | silver_medal: 13 | bronze_medal: 15 | total: 40,What is the total number of medals won by italy?,40
country_code: ger | country_long: germany | gold_medal: 12 | silver_medal: 13 | bronze_medal: 8 | total: 33,How many gold medals did germany win?,12
country_code: ger | country_long: germany | gold_medal: 12 | silver_medal: 13 | bronze_medal: 8 | total: 33,How many silver medals did germany win?,13
country_code: ger | country_long: germany | gold_medal: 12 | silver_medal: 13 | bronze_medal: 8 | total: 33,How many bronze medals did germany win?,8
country_code: ger | country_long: germany | gold_medal: 12 | silver_medal: 13 | bronze_medal: 8 | total: 33,What is the total number of medals won by germany?,33
country_code: nzl | country_long: new zealand | gold_medal: 10 | silver_medal: 7 | bronze_medal: 3 | total: 20,How many gold medals did new zealand win?,10
country_code: nzl | country_long: new zealand | gold_medal: 10 | silver_medal: 7 | bronze_medal: 3 | total: 20,How many silver medals did new zealand win?,7
country_code: nzl | country_long: new zealand | gold_medal: 10 | silver_medal: 7 | bronze_medal: 3 | total: 20,How many bronze medals did new zealand win?,3
country_code: nzl | country_long: new zealand | gold_medal: 10 | silver_medal: 7 | bronze_medal: 3 | total: 20,What is the total number of medals won by new zealand?,20
country_code: can | country_long: canada | gold_medal: 9 | silver_medal: 7 | bronze_medal: 11 | total: 27,How many gold medals did canada win?,9
country_code: can | country_long: canada | gold_medal: 9 | silver_medal: 7 | bronze_medal: 11 | total: 27,How many silver medals did canada win?,7
country_code: can | country_long: canada | gold_medal: 9 | silver_medal: 7 | bronze_medal: 11 | total: 27,How many bronze medals did canada win?,11
country_code: can | country_long: canada | gold_medal: 9 | silver_medal: 7 | bronze_medal: 11 | total: 27,What is the total number of medals won by canada?,27
country_code: uzb | country_long: uzbekistan | gold_medal: 8 | silver_medal: 2 | bronze_medal: 3 | total: 13,How many gold medals did uzbekistan win?,8
country_code: uzb | country_long: uzbekistan | gold_medal: 8 | silver_medal: 2 | bronze_medal: 3 | total: 13,How many silver medals did uzbekistan win?,2
country_code: uzb | country_long: uzbekistan | gold_medal: 8 | silver_medal: 2 | bronze_medal: 3 | total: 13,How many bronze medals did uzbekistan win?,3
country_code: uzb | country_long: uzbekistan | gold_medal: 8 | silver_medal: 2 | bronze_medal: 3 | total: 13,What is the total number of medals won by uzbekistan?,13
country_code: hun | country_long: hungary | gold_medal: 6 | silver_medal: 7 | bronze_medal: 6 | total: 19,How many gold medals did hungary win?,6
country_code: hun | country_long: hungary | gold_medal: 6 | silver_medal: 7 | bronze_medal: 6 | total: 19,How many silver medals did hungary win?,7
country_code: hun | country_long: hungary | gold_medal: 6 | silver_medal: 7 | bronze_medal: 6 | total: 19,How many bronze medals did hungary win?,6
country_code: hun | country_long: hungary | gold_medal: 6 | silver_medal: 7 | bronze_medal: 6 | total: 19,What is the total number of medals won by hungary?,19
country_code: esp | country_long: spain | gold_medal: 5 | silver_medal: 4 | bronze_medal: 9 | total: 18,How many gold medals did spain win?,5
country_code: esp | country_long: spain | gold_medal: 5 | silver_medal: 4 | bronze_medal: 9 | total: 18,How many silver medals did spain win?,4
country_code: esp | country_long: spain | gold_medal: 5 | silver_medal: 4 | bronze_medal: 9 | total: 18,How many bronze medals did spain win?,9
country_code: esp | country_long: spain | gold_medal: 5 | silver_medal: 4 | bronze_medal: 9 | total: 18,What is the total number of medals won by spain?,18
country_code: swe | country_long: sweden | gold_medal: 4 | silver_medal: 4 | bronze_medal: 3 | total: 11,How many gold medals did sweden win?,4
country_code: swe | country_long: sweden | gold_medal: 4 | silver_medal: 4 | bronze_medal: 3 | total: 11,How many silver medals did sweden win?,4
country_code: swe | country_long: sweden | gold_medal: 4 | silver_medal: 4 | bronze_medal: 3 | total: 11,How many bronze medals did sweden win?,3
country_code: swe | country_long: sweden | gold_medal: 4 | silver_medal: 4 | bronze_medal: 3 | total: 11,What is the total number of medals won by sweden?,11
country_code: ken | country_long: kenya | gold_medal: 4 | silver_medal: 2 | bronze_medal: 5 | total: 11,How many gold medals did kenya win?,4
country_code: ken | country_long: kenya | gold_medal: 4 | silver_medal: 2 | bronze_medal: 5 | total: 11,How many silver medals did kenya win?,2
country_code: ken | country_long: kenya | gold_medal: 4 | silver_medal: 2 | bronze_medal: 5 | total: 11,How many bronze medals did kenya win?,5
country_code: ken | country_long: kenya | gold_medal: 4 | silver_medal: 2 | bronze_medal: 5 | total: 11,What is the total number of medals won by kenya?,11
country_code: nor | country_long: norway | gold_medal: 4 | silver_medal: 1 | bronze_medal: 3 | total: 8,How many gold medals did norway win?,4
country_code: nor | country_long: norway | gold_medal: 4 | silver_medal: 1 | bronze_medal: 3 | total: 8,How many silver medals did norway win?,1
country_code: nor | country_long: norway | gold_medal: 4 | silver_medal: 1 | bronze_medal: 3 | total: 8,How many bronze medals did norway win?,3
country_code: nor | country_long: norway | gold_medal: 4 | silver_medal: 1 | bronze_medal: 3 | total: 8,What is the total number of medals won by norway?,8
country_code: irl | country_long: ireland | gold_medal: 4 | silver_medal: 0 | bronze_medal: 3 | total: 7,How many gold medals did ireland win?,4
country_code: irl | country_long: ireland | gold_medal: 4 | silver_medal: 0 | bronze_medal: 3 | total: 7,How many silver medals did ireland win?,0
country_code: irl | country_long: ireland | gold_medal: 4 | silver_medal: 0 | bronze_medal: 3 | total: 7,How many bronze medals did ireland win?,3
country_code: irl | country_long: ireland | gold_medal: 4 | silver_medal: 0 | bronze_medal: 3 | total: 7,What is the total number of medals won by ireland?,7
country_code: bra | country_long: brazil | gold_medal: 3 | silver_medal: 7 | bronze_medal: 10 | total: 20,How many gold medals did brazil win?,3
country_code: bra | country_long: brazil | gold_medal: 3 | silver_medal: 7 | bronze_medal: 10 | total: 20,How many silver medals did brazil win?,7
country_code: bra | country_long: brazil | gold_medal: 3 | silver_medal: 7 | bronze_medal: 10 | total: 20,How many bronze medals did brazil win?,10
country_code: bra | country_long: brazil | gold_medal: 3 | silver_medal: 7 | bronze_medal: 10 | total: 20,What is the total number of medals won by brazil?,20
country_code: iri | country_long: islamic republic of iran | gold_medal: 3 | silver_medal: 6 | bronze_medal: 3 | total: 12,How many gold medals did islamic republic of iran win?,3
country_code: iri | country_long: islamic republic of iran | gold_medal: 3 | silver_medal: 6 | bronze_medal: 3 | total: 12,How many silver medals did islamic republic of iran win?,6
country_code: iri | country_long: islamic republic of iran | gold_medal: 3 | silver_medal: 6 | bronze_medal: 3 | total: 12,How many bronze medals did islamic republic of iran win?,3
country_code: iri | country_long: islamic republic of iran | gold_medal: 3 | silver_medal: 6 | bronze_medal: 3 | total: 12,What is the total number of medals won by islamic republic of iran?,12
country_code: ukr | country_long: ukraine | gold_medal: 3 | silver_medal: 5 | bronze_medal: 4 | total: 12,How many gold medals did ukraine win?,3
country_code: ukr | country_long: ukraine | gold_medal: 3 | silver_medal: 5 | bronze_medal: 4 | total: 12,How many silver medals did ukraine win?,5
country_code: ukr | country_long: ukraine | gold_medal: 3 | silver_medal: 5 | bronze_medal: 4 | total: 12,How many bronze medals did ukraine win?,4
country_code: ukr | country_long: ukraine | gold_medal: 3 | silver_medal: 5 | bronze_medal: 4 | total: 12,What is the total number of medals won by ukraine?,12
country_code: rou | country_long: romania | gold_medal: 3 | silver_medal: 4 | bronze_medal: 2 | total: 9,How many gold medals did romania win?,3
country_code: rou | country_long: romania | gold_medal: 3 | silver_medal: 4 | bronze_medal: 2 | total: 9,How many silver medals did romania win?,4
country_code: rou | country_long: romania | gold_medal: 3 | silver_medal: 4 | bronze_medal: 2 | total: 9,How many bronze medals did romania win?,2
country_code: rou | country_long: romania | gold_medal: 3 | silver_medal: 4 | bronze_medal: 2 | total: 9,What is the total number of medals won by romania?,9
country_code: geo | country_long: georgia | gold_medal: 3 | silver_medal: 3 | bronze_medal: 1 | total: 7,How many gold medals did georgia win?,3
country_code: geo | country_long: georgia | gold_medal: 3 | silver_medal: 3 | bronze_medal: 1 | total: 7,How many silver medals did georgia win?,3
country_code: geo | country_long: georgia | gold_medal: 3 | silver_medal: 3 | bronze_medal: 1 | total: 7,How many bronze medals did georgia win?,1
country_code: geo | country_long: georgia | gold_medal: 3 | silver_medal: 3 | bronze_medal: 1 | total: 7,What is the total number of medals won by georgia?,7
country_code: bel | country_long: belgium | gold_medal: 3 | silver_medal: 1 | bronze_medal: 6 | total: 10,How many gold medals did belgium win?,3
country_code: bel | country_long: belgium | gold_medal: 3 | silver_medal: 1 | bronze_medal: 6 | total: 10,How many silver medals did belgium win?,1
country_code: bel | country_long: belgium | gold_medal: 3 | silver_medal: 1 | bronze_medal: 6 | total: 10,How many bronze medals did belgium win?,6
country_code: bel | country_long: belgium | gold_medal: 3 | silver_medal: 1 | bronze_medal: 6 | total: 10,What is the total number of medals won by belgium?,10
country_code: bul | country_long: bulgaria | gold_medal: 3 | silver_medal: 1 | bronze_medal: 3 | total: 7,How many gold medals did bulgaria win?,3
country_code: bul | country_long: bulgaria | gold_medal: 3 | silver_medal: 1 | bronze_medal: 3 | total: 7,How many silver medals did bulgaria win?,1
country_code: bul | country_long: bulgaria | gold_medal: 3 | silver_medal: 1 | bronze_medal: 3 | total: 7,How many bronze medals did bulgaria win?,3
country_code: bul | country_long: bulgaria | gold_medal: 3 | silver_medal: 1 | bronze_medal: 3 | total: 7,What is the total number of medals won by bulgaria?,7
country_code: srb | country_long: serbia | gold_medal: 3 | silver_medal: 1 | bronze_medal: 1 | total: 5,How many gold medals did serbia win?,3
country_code: srb | country_long: serbia | gold_medal: 3 | silver_medal: 1 | bronze_medal: 1 | total: 5,How many silver medals did serbia win?,1
country_code: srb | country_long: serbia | gold_medal: 3 | silver_medal: 1 | bronze_medal: 1 | total: 5,How many bronze medals did serbia win?,1
country_code: srb | country_long: serbia | gold_medal: 3 | silver_medal: 1 | bronze_medal: 1 | total: 5,What is the total number of medals won by serbia?,5
country_code: cze | country_long: czechia | gold_medal: 3 | silver_medal: 0 | bronze_medal: 2 | total: 5,How many gold medals did czechia win?,3
country_code: cze | country_long: czechia | gold_medal: 3 | silver_medal: 0 | bronze_medal: 2 | total: 5,How many silver medals did czechia win?,0
country_code: cze | country_long: czechia | gold_medal: 3 | silver_medal: 0 | bronze_medal: 2 | total: 5,How many bronze medals did czechia win?,2
country_code: cze | country_long: czechia | gold_medal: 3 | silver_medal: 0 | bronze_medal: 2 | total: 5,What is the total number of medals won by czechia?,5
country_code: den | country_long: denmark | gold_medal: 2 | silver_medal: 2 | bronze_medal: 5 | total: 9,How many gold medals did denmark win?,2
country_code: den | country_long: denmark | gold_medal: 2 | silver_medal: 2 | bronze_medal: 5 | total: 9,How many silver medals did denmark win?,2
country_code: den | country_long: denmark | gold_medal: 2 | silver_medal: 2 | bronze_medal: 5 | total: 9,How many bronze medals did denmark win?,5
country_code: den | country_long: denmark | gold_medal: 2 | silver_medal: 2 | bronze_medal: 5 | total: 9,What is the total number of medals won by denmark?,9
country_code: aze | country_long: azerbaijan | gold_medal: 2 | silver_medal: 2 | bronze_medal: 3 | total: 7,How many gold medals did azerbaijan win?,2
country_code: aze | country_long: azerbaijan | gold_medal: 2 | silver_medal: 2 | bronze_medal: 3 | total: 7,How many silver medals did azerbaijan win?,2
country_code: aze | country_long: azerbaijan | gold_medal: 2 | silver_medal: 2 | bronze_medal: 3 | total: 7,How many bronze medals did azerbaijan win?,3
country_code: aze | country_long: azerbaijan | gold_medal: 2 | silver_medal: 2 | bronze_medal: 3 | total: 7,What is the total number of medals won by azerbaijan?,7
country_code: cro | country_long: croatia | gold_medal: 2 | silver_medal: 2 | bronze_medal: 3 | total: 7,How many gold medals did croatia win?,2
country_code: cro | country_long: croatia | gold_medal: 2 | silver_medal: 2 | bronze_medal: 3 | total: 7,How many silver medals did croatia win?,2
country_code: cro | country_long: croatia | gold_medal: 2 | silver_medal: 2 | bronze_medal: 3 | total: 7,How many bronze medals did croatia win?,3
country_code: cro | country_long: croatia | gold_medal: 2 | silver_medal: 2 | bronze_medal: 3 | total: 7,What is the total number of medals won by croatia?,7
country_code: cub | country_long: cuba | gold_medal: 2 | silver_medal: 1 | bronze_medal: 6 | total: 9,How many gold medals did cuba win?,2
country_code: cub | country_long: cuba | gold_medal: 2 | silver_medal: 1 | bronze_medal: 6 | total: 9,How many silver medals did cuba win?,1
country_code: cub | country_long: cuba | gold_medal: 2 | silver_medal: 1 | bronze_medal: 6 | total: 9,How many bronze medals did cuba win?,6
country_code: cub | country_long: cuba | gold_medal: 2 | silver_medal: 1 | bronze_medal: 6 | total: 9,What is the total number of medals won by cuba?,9
country_code: brn | country_long: bahrain | gold_medal: 2 | silver_medal: 1 | bronze_medal: 1 | total: 4,How many gold medals did bahrain win?,2
country_code: brn | country_long: bahrain | gold_medal: 2 | silver_medal: 1 | bronze_medal: 1 | total: 4,How many silver medals did bahrain win?,1
country_code: brn | country_long: bahrain | gold_medal: 2 | silver_medal: 1 | bronze_medal: 1 | total: 4,How many bronze medals did bahrain win?,1
country_code: brn | country_long: bahrain | gold_medal: 2 | silver_medal: 1 | bronze_medal: 1 | total: 4,What is the total number of medals won by bahrain?,4
country_code: slo | country_long: slovenia | gold_medal: 2 | silver_medal: 1 | bronze_medal: 0 | total: 3,How many gold medals did slovenia win?,2
country_code: slo | country_long: slovenia | gold_medal: 2 | silver_medal: 1 | bronze_medal: 0 | total: 3,How many silver medals did slovenia win?,1
country_code: slo | country_long: slovenia | gold_medal: 2 | silver_medal: 1 | bronze_medal: 0 | total: 3,How many bronze medals did slovenia win?,0
country_code: slo | country_long: slovenia | gold_medal: 2 | silver_medal: 1 | bronze_medal: 0 | total: 3,What is the total number of medals won by slovenia?,3
country_code: tpe | country_long: chinese taipei | gold_medal: 2 | silver_medal: 0 | bronze_medal: 5 | total: 7,How many gold medals did chinese taipei win?,2
country_code: tpe | country_long: chinese taipei | gold_medal: 2 | silver_medal: 0 | bronze_medal: 5 | total: 7,How many silver medals did chinese taipei win?,0
country_code: tpe | country_long: chinese taipei | gold_medal: 2 | silver_medal: 0 | bronze_medal: 5 | total: 7,How many bronze medals did chinese taipei win?,5
country_code: tpe | country_long: chinese taipei | gold_medal: 2 | silver_medal: 0 | bronze_medal: 5 | total: 7,What is the total number of medals won by chinese taipei?,7
country_code: aut | country_long: austria | gold_medal: 2 | silver_medal: 0 | bronze_medal: 3 | total: 5,How many gold medals did austria win?,2
country_code: aut | country_long: austria | gold_medal: 2 | silver_medal: 0 | bronze_medal: 3 | total: 5,How many silver medals did austria win?,0
country_code: aut | country_long: austria | gold_medal: 2 | silver_medal: 0 | bronze_medal: 3 | total: 5,How many bronze medals did austria win?,3
country_code: aut | country_long: austria | gold_medal: 2 | silver_medal: 0 | bronze_medal: 3 | total: 5,What is the total number of medals won by austria?,5
"country_code: hkg | country_long: hong kong, china | gold_medal: 2 | silver_medal: 0 | bronze_medal: 2 | total: 4","How many gold medals did hong kong, china win?",2
"country_code: hkg | country_long: hong kong, china | gold_medal: 2 | silver_medal: 0 | bronze_medal: 2 | total: 4","How many silver medals did hong kong, china win?",0
"country_code: hkg | country_long: hong kong, china | gold_medal: 2 | silver_medal: 0 | bronze_medal: 2 | total: 4","How many bronze medals did hong kong, china win?",2
"country_code: hkg | country_long: hong kong, china | gold_medal: 2 | silver_medal: 0 | bronze_medal: 2 | total: 4","What is the total number of medals won by hong kong, china?",4
country_code: phi | country_long: philippines | gold_medal: 2 | silver_medal: 0 | bronze_medal: 2 | total: 4,How many gold medals did philippines win?,2
country_code: phi | country_long: philippines | gold_medal: 2 | silver_medal: 0 | bronze_medal: 2 | total: 4,How many silver medals did philippines win?,0
country_code: phi | country_long: philippines | gold_medal: 2 | silver_medal: 0 | bronze_medal: 2 | total: 4,How many bronze medals did philippines win?,2
country_code: phi | country_long: philippines | gold_medal: 2 | silver_medal: 0 | bronze_medal: 2 | total: 4,What is the total number of medals won by philippines?,4
country_code: alg | country_long: algeria | gold_medal: 2 | silver_medal: 0 | bronze_medal: 1 | total: 3,How many gold medals did algeria win?,2
country_code: alg | country_long: algeria | gold_medal: 2 | silver_medal: 0 | bronze_medal: 1 | total: 3,How many silver medals did algeria win?,0
country_code: alg | country_long: algeria | gold_medal: 2 | silver_medal: 0 | bronze_medal: 1 | total: 3,How many bronze medals did algeria win?,1
country_code: alg | country_long: algeria | gold_medal: 2 | silver_medal: 0 | bronze_medal: 1 | total: 3,What is the total number of medals won by algeria?,3
country_code: ina | country_long: indonesia | gold_medal: 2 | silver_medal: 0 | bronze_medal: 0 | total: 2,How many gold medals did indonesia win?,2
country_code: ina | country_long: indonesia | gold_medal: 2 | silver_medal: 0 | bronze_medal: 0 | total: 2,How many silver medals did indonesia win?,0
country_code: ina | country_long: indonesia | gold_medal: 2 | silver_medal: 0 | bronze_medal: 0 | total: 2,How many bronze medals did indonesia win?,0
country_code: ina | country_long: indonesia | gold_medal: 2 | silver_medal: 0 | bronze_medal: 0 | total: 2,What is the total number of medals won by indonesia?,2
country_code: isr | country_long: israel | gold_medal: 1 | silver_medal: 5 | bronze_medal: 1 | total: 7,How many gold medals did israel win?,1
country_code: isr | country_long: israel | gold_medal: 1 | silver_medal: 5 | bronze_medal: 1 | total: 7,How many silver medals did israel win?,5
country_code: isr | country_long: israel | gold_medal: 1 | silver_medal: 5 | bronze_medal: 1 | total: 7,How many bronze medals did israel win?,1
country_code: isr | country_long: israel | gold_medal: 1 | silver_medal: 5 | bronze_medal: 1 | total: 7,What is the total number of medals won by israel?,7
country_code: pol | country_long: poland | gold_medal: 1 | silver_medal: 4 | bronze_medal: 5 | total: 10,How many gold medals did poland win?,1
country_code: pol | country_long: poland | gold_medal: 1 | silver_medal: 4 | bronze_medal: 5 | total: 10,How many silver medals did poland win?,4
country_code: pol | country_long: poland | gold_medal: 1 | silver_medal: 4 | bronze_medal: 5 | total: 10,How many bronze medals did poland win?,5
country_code: pol | country_long: poland | gold_medal: 1 | silver_medal: 4 | bronze_medal: 5 | total: 10,What is the total number of medals won by poland?,10
country_code: kaz | country_long: kazakhstan | gold_medal: 1 | silver_medal: 3 | bronze_medal: 3 | total: 7,How many gold medals did kazakhstan win?,1
country_code: kaz | country_long: kazakhstan | gold_medal: 1 | silver_medal: 3 | bronze_medal: 3 | total: 7,How many silver medals did kazakhstan win?,3
country_code: kaz | country_long: kazakhstan | gold_medal: 1 | silver_medal: 3 | bronze_medal: 3 | total: 7,How many bronze medals did kazakhstan win?,3
country_code: kaz | country_long: kazakhstan | gold_medal: 1 | silver_medal: 3 | bronze_medal: 3 | total: 7,What is the total number of medals won by kazakhstan?,7
country_code: jam | country_long: jamaica | gold_medal: 1 | silver_medal: 3 | bronze_medal: 2 | total: 6,How many gold medals did jamaica win?,1
country_code: jam | country_long: jamaica | gold_medal: 1 | silver_medal: 3 | bronze_medal: 2 | total: 6,How many silver medals did jamaica win?,3
country_code: jam | country_long: jamaica | gold_medal: 1 | silver_medal: 3 | bronze_medal: 2 | total: 6,How many bronze medals did jamaica win?,2
country_code: jam | country_long: jamaica | gold_medal: 1 | silver_medal: 3 | bronze_medal: 2 | total: 6,What is the total number of medals won by jamaica?,6
country_code: rsa | country_long: south africa | gold_medal: 1 | silver_medal: 3 | bronze_medal: 2 | total: 6,How many gold medals did south africa win?,1
country_code: rsa | country_long: south africa | gold_medal: 1 | silver_medal: 3 | bronze_medal: 2 | total: 6,How many silver medals did south africa win?,3
country_code: rsa | country_long: south africa | gold_medal: 1 | silver_medal: 3 | bronze_medal: 2 | total: 6,How many bronze medals did south africa win?,2
country_code: rsa | country_long: south africa | gold_medal: 1 | silver_medal: 3 | bronze_medal: 2 | total: 6,What is the total number of medals won by south africa?,6
country_code: tha | country_long: thailand | gold_medal: 1 | silver_medal: 3 | bronze_medal: 2 | total: 6,How many gold medals did thailand win?,1
country_code: tha | country_long: thailand | gold_medal: 1 | silver_medal: 3 | bronze_medal: 2 | total: 6,How many silver medals did thailand win?,3
country_code: tha | country_long: thailand | gold_medal: 1 | silver_medal: 3 | bronze_medal: 2 | total: 6,How many bronze medals did thailand win?,2
country_code: tha | country_long: thailand | gold_medal: 1 | silver_medal: 3 | bronze_medal: 2 | total: 6,What is the total number of medals won by thailand?,6
country_code: ain | country_long: ain | gold_medal: 1 | silver_medal: 3 | bronze_medal: 1 | total: 5,How many gold medals did ain win?,1
country_code: ain | country_long: ain | gold_medal: 1 | silver_medal: 3 | bronze_medal: 1 | total: 5,How many silver medals did ain win?,3
country_code: ain | country_long: ain | gold_medal: 1 | silver_medal: 3 | bronze_medal: 1 | total: 5,How many bronze medals did ain win?,1
country_code: ain | country_long: ain | gold_medal: 1 | silver_medal: 3 | bronze_medal: 1 | total: 5,What is the total number of medals won by ain?,5
country_code: eth | country_long: ethiopia | gold_medal: 1 | silver_medal: 3 | bronze_medal: 0 | total: 4,How many gold medals did ethiopia win?,1
country_code: eth | country_long: ethiopia | gold_medal: 1 | silver_medal: 3 | bronze_medal: 0 | total: 4,How many silver medals did ethiopia win?,3
country_code: eth | country_long: ethiopia | gold_medal: 1 | silver_medal: 3 | bronze_medal: 0 | total: 4,How many bronze medals did ethiopia win?,0
country_code: eth | country_long: ethiopia | gold_medal: 1 | silver_medal: 3 | bronze_medal: 0 | total: 4,What is the total number of medals won by ethiopia?,4
country_code: sui | country_long: switzerland | gold_medal: 1 | silver_medal: 2 | bronze_medal: 5 | total: 8,How many gold medals did switzerland win?,1
country_code: sui | country_long: switzerland | gold_medal: 1 | silver_medal: 2 | bronze_medal: 5 | total: 8,How many silver medals did switzerland win?,2
country_code: sui | country_long: switzerland | gold_medal: 1 | silver_medal: 2 | bronze_medal: 5 | total: 8,How many bronze medals did switzerland win?,5
country_code: sui | country_long: switzerland | gold_medal: 1 | silver_medal: 2 | bronze_medal: 5 | total: 8,What is the total number of medals won by switzerland?,8
country_code: ecu | country_long: ecuador | gold_medal: 1 | silver_medal: 2 | bronze_medal: 2 | total: 5,How many gold medals did ecuador win?,1
country_code: ecu | country_long: ecuador | gold_medal: 1 | silver_medal: 2 | bronze_medal: 2 | total: 5,How many silver medals did ecuador win?,2
country_code: ecu | country_long: ecuador | gold_medal: 1 | silver_medal: 2 | bronze_medal: 2 | total: 5,How many bronze medals did ecuador win?,2
country_code: ecu | country_long: ecuador | gold_medal: 1 | silver_medal: 2 | bronze_medal: 2 | total: 5,What is the total number of medals won by ecuador?,5
country_code: por | country_long: portugal | gold_medal: 1 | silver_medal: 2 | bronze_medal: 1 | total: 4,How many gold medals did portugal win?,1
country_code: por | country_long: portugal | gold_medal: 1 | silver_medal: 2 | bronze_medal: 1 | total: 4,How many silver medals did portugal win?,2
country_code: por | country_long: portugal | gold_medal: 1 | silver_medal: 2 | bronze_medal: 1 | total: 4,How many bronze medals did portugal win?,1
country_code: por | country_long: portugal | gold_medal: 1 | silver_medal: 2 | bronze_medal: 1 | total: 4,What is the total number of medals won by portugal?,4
country_code: gre | country_long: greece | gold_medal: 1 | silver_medal: 1 | bronze_medal: 6 | total: 8,How many gold medals did greece win?,1
country_code: gre | country_long: greece | gold_medal: 1 | silver_medal: 1 | bronze_medal: 6 | total: 8,How many silver medals did greece win?,1
country_code: gre | country_long: greece | gold_medal: 1 | silver_medal: 1 | bronze_medal: 6 | total: 8,How many bronze medals did greece win?,6
country_code: gre | country_long: greece | gold_medal: 1 | silver_medal: 1 | bronze_medal: 6 | total: 8,What is the total number of medals won by greece?,8
country_code: arg | country_long: argentina | gold_medal: 1 | silver_medal: 1 | bronze_medal: 1 | total: 3,How many gold medals did argentina win?,1
country_code: arg | country_long: argentina | gold_medal: 1 | silver_medal: 1 | bronze_medal: 1 | total: 3,How many silver medals did argentina win?,1
country_code: arg | country_long: argentina | gold_medal: 1 | silver_medal: 1 | bronze_medal: 1 | total: 3,How many bronze medals did argentina win?,1
country_code: arg | country_long: argentina | gold_medal: 1 | silver_medal: 1 | bronze_medal: 1 | total: 3,What is the total number of medals won by argentina?,3
country_code: egy | country_long: egypt | gold_medal: 1 | silver_medal: 1 | bronze_medal: 1 | total: 3,How many gold medals did egypt win?,1
country_code: egy | country_long: egypt | gold_medal: 1 | silver_medal: 1 | bronze_medal: 1 | total: 3,How many silver medals did egypt win?,1
country_code: egy | country_long: egypt | gold_medal: 1 | silver_medal: 1 | bronze_medal: 1 | total: 3,How many bronze medals did egypt win?,1
country_code: egy | country_long: egypt | gold_medal: 1 | silver_medal: 1 | bronze_medal: 1 | total: 3,What is the total number of medals won by egypt?,3
country_code: tun | country_long: tunisia | gold_medal: 1 | silver_medal: 1 | bronze_medal: 1 | total: 3,How many gold medals did tunisia win?,1
country_code: tun | country_long: tunisia | gold_medal: 1 | silver_medal: 1 | bronze_medal: 1 | total: 3,How many silver medals did tunisia win?,1
country_code: tun | country_long: tunisia | gold_medal: 1 | silver_medal: 1 | bronze_medal: 1 | total: 3,How many bronze medals did tunisia win?,1
country_code: tun | country_long: tunisia | gold_medal: 1 | silver_medal: 1 | bronze_medal: 1 | total: 3,What is the total number of medals won by tunisia?,3
country_code: bot | country_long: botswana | gold_medal: 1 | silver_medal: 1 | bronze_medal: 0 | total: 2,How many gold medals did botswana win?,1
country_code: bot | country_long: botswana | gold_medal: 1 | silver_medal: 1 | bronze_medal: 0 | total: 2,How many silver medals did botswana win?,1
country_code: bot | country_long: botswana | gold_medal: 1 | silver_medal: 1 | bronze_medal: 0 | total: 2,How many bronze medals did botswana win?,0
country_code: bot | country_long: botswana | gold_medal: 1 | silver_medal: 1 | bronze_medal: 0 | total: 2,What is the total number of medals won by botswana?,2
country_code: chi | country_long: chile | gold_medal: 1 | silver_medal: 1 | bronze_medal: 0 | total: 2,How many gold medals did chile win?,1
country_code: chi | country_long: chile | gold_medal: 1 | silver_medal: 1 | bronze_medal: 0 | total: 2,How many silver medals did chile win?,1
country_code: chi | country_long: chile | gold_medal: 1 | silver_medal: 1 | bronze_medal: 0 | total: 2,How many bronze medals did chile win?,0
country_code: chi | country_long: chile | gold_medal: 1 | silver_medal: 1 | bronze_medal: 0 | total: 2,What is the total number of medals won by chile?,2
country_code: lca | country_long: saint lucia | gold_medal: 1 | silver_medal: 1 | bronze_medal: 0 | total: 2,How many gold medals did saint lucia win?,1
country_code: lca | country_long: saint lucia | gold_medal: 1 | silver_medal: 1 | bronze_medal: 0 | total: 2,How many silver medals did saint lucia win?,1
country_code: lca | country_long: saint lucia | gold_medal: 1 | silver_medal: 1 | bronze_medal: 0 | total: 2,How many bronze medals did saint lucia win?,0
country_code: lca | country_long: saint lucia | gold_medal: 1 | silver_medal: 1 | bronze_medal: 0 | total: 2,What is the total number of medals won by saint lucia?,2
country_code: uga | country_long: uganda | gold_medal: 1 | silver_medal: 1 | bronze_medal: 0 | total: 2,How many gold medals did uganda win?,1
country_code: uga | country_long: uganda | gold_medal: 1 | silver_medal: 1 | bronze_medal: 0 | total: 2,How many silver medals did uganda win?,1
country_code: uga | country_long: uganda | gold_medal: 1 | silver_medal: 1 | bronze_medal: 0 | total: 2,How many bronze medals did uganda win?,0
country_code: uga | country_long: uganda | gold_medal: 1 | silver_medal: 1 | bronze_medal: 0 | total: 2,What is the total number of medals won by uganda?,2
country_code: dom | country_long: dominican republic | gold_medal: 1 | silver_medal: 0 | bronze_medal: 2 | total: 3,How many gold medals did dominican republic win?,1
country_code: dom | country_long: dominican republic | gold_medal: 1 | silver_medal: 0 | bronze_medal: 2 | total: 3,How many silver medals did dominican republic win?,0
country_code: dom | country_long: dominican republic | gold_medal: 1 | silver_medal: 0 | bronze_medal: 2 | total: 3,How many bronze medals did dominican republic win?,2
country_code: dom | country_long: dominican republic | gold_medal: 1 | silver_medal: 0 | bronze_medal: 2 | total: 3,What is the total number of medals won by dominican republic?,3
country_code: gua | country_long: guatemala | gold_medal: 1 | silver_medal: 0 | bronze_medal: 1 | total: 2,How many gold medals did guatemala win?,1
country_code: gua | country_long: guatemala | gold_medal: 1 | silver_medal: 0 | bronze_medal: 1 | total: 2,How many silver medals did guatemala win?,0
country_code: gua | country_long: guatemala | gold_medal: 1 | silver_medal: 0 | bronze_medal: 1 | total: 2,How many bronze medals did guatemala win?,1
country_code: gua | country_long: guatemala | gold_medal: 1 | silver_medal: 0 | bronze_medal: 1 | total: 2,What is the total number of medals won by guatemala?,2
country_code: mar | country_long: morocco | gold_medal: 1 | silver_medal: 0 | bronze_medal: 1 | total: 2,How many gold medals did morocco win?,1
country_code: mar | country_long: morocco | gold_medal: 1 | silver_medal: 0 | bronze_medal: 1 | total: 2,How many silver medals did morocco win?,0
country_code: mar | country_long: morocco | gold_medal: 1 | silver_medal: 0 | bronze_medal: 1 | total: 2,How many bronze medals did morocco win?,1
country_code: mar | country_long: morocco | gold_medal: 1 | silver_medal: 0 | bronze_medal: 1 | total: 2,What is the total number of medals won by morocco?,2
country_code: dma | country_long: dominica | gold_medal: 1 | silver_medal: 0 | bronze_medal: 0 | total: 1,How many gold medals did dominica win?,1
country_code: dma | country_long: dominica | gold_medal: 1 | silver_medal: 0 | bronze_medal: 0 | total: 1,How many silver medals did dominica win?,0
country_code: dma | country_long: dominica | gold_medal: 1 | silver_medal: 0 | bronze_medal: 0 | total: 1,How many bronze medals did dominica win?,0
country_code: dma | country_long: dominica | gold_medal: 1 | silver_medal: 0 | bronze_medal: 0 | total: 1,What is the total number of medals won by dominica?,1
country_code: pak | country_long: pakistan | gold_medal: 1 | silver_medal: 0 | bronze_medal: 0 | total: 1,How many gold medals did pakistan win?,1
country_code: pak | country_long: pakistan | gold_medal: 1 | silver_medal: 0 | bronze_medal: 0 | total: 1,How many silver medals did pakistan win?,0
country_code: pak | country_long: pakistan | gold_medal: 1 | silver_medal: 0 | bronze_medal: 0 | total: 1,How many bronze medals did pakistan win?,0
country_code: pak | country_long: pakistan | gold_medal: 1 | silver_medal: 0 | bronze_medal: 0 | total: 1,What is the total number of medals won by pakistan?,1
country_code: tur | country_long: türkiye | gold_medal: 0 | silver_medal: 3 | bronze_medal: 5 | total: 8,How many gold medals did türkiye win?,0
country_code: tur | country_long: türkiye | gold_medal: 0 | silver_medal: 3 | bronze_medal: 5 | total: 8,How many silver medals did türkiye win?,3
country_code: tur | country_long: türkiye | gold_medal: 0 | silver_medal: 3 | bronze_medal: 5 | total: 8,How many bronze medals did türkiye win?,5
country_code: tur | country_long: türkiye | gold_medal: 0 | silver_medal: 3 | bronze_medal: 5 | total: 8,What is the total number of medals won by türkiye?,8
country_code: mex | country_long: mexico | gold_medal: 0 | silver_medal: 3 | bronze_medal: 2 | total: 5,How many gold medals did mexico win?,0
country_code: mex | country_long: mexico | gold_medal: 0 | silver_medal: 3 | bronze_medal: 2 | total: 5,How many silver medals did mexico win?,3
country_code: mex | country_long: mexico | gold_medal: 0 | silver_medal: 3 | bronze_medal: 2 | total: 5,How many bronze medals did mexico win?,2
country_code: mex | country_long: mexico | gold_medal: 0 | silver_medal: 3 | bronze_medal: 2 | total: 5,What is the total number of medals won by mexico?,5
country_code: arm | country_long: armenia | gold_medal: 0 | silver_medal: 3 | bronze_medal: 1 | total: 4,How many gold medals did armenia win?,0
country_code: arm | country_long: armenia | gold_medal: 0 | silver_medal: 3 | bronze_medal: 1 | total: 4,How many silver medals did armenia win?,3
country_code: arm | country_long: armenia | gold_medal: 0 | silver_medal: 3 | bronze_medal: 1 | total: 4,How many bronze medals did armenia win?,1
country_code: arm | country_long: armenia | gold_medal: 0 | silver_medal: 3 | bronze_medal: 1 | total: 4,What is the total number of medals won by armenia?,4
country_code: col | country_long: colombia | gold_medal: 0 | silver_medal: 3 | bronze_medal: 1 | total: 4,How many gold medals did colombia win?,0
country_code: col | country_long: colombia | gold_medal: 0 | silver_medal: 3 | bronze_medal: 1 | total: 4,How many silver medals did colombia win?,3
country_code: col | country_long: colombia | gold_medal: 0 | silver_medal: 3 | bronze_medal: 1 | total: 4,How many bronze medals did colombia win?,1
country_code: col | country_long: colombia | gold_medal: 0 | silver_medal: 3 | bronze_medal: 1 | total: 4,What is the total number of medals won by colombia?,4
country_code: prk | country_long: democratic people's republic of korea | gold_medal: 0 | silver_medal: 2 | bronze_medal: 4 | total: 6,How many gold medals did democratic people's republic of korea win?,0
country_code: prk | country_long: democratic people's republic of korea | gold_medal: 0 | silver_medal: 2 | bronze_medal: 4 | total: 6,How many silver medals did democratic people's republic of korea win?,2
country_code: prk | country_long: democratic people's republic of korea | gold_medal: 0 | silver_medal: 2 | bronze_medal: 4 | total: 6,How many bronze medals did democratic people's republic of korea win?,4
country_code: prk | country_long: democratic people's republic of korea | gold_medal: 0 | silver_medal: 2 | bronze_medal: 4 | total: 6,What is the total number of medals won by democratic people's republic of korea?,6
country_code: kgz | country_long: kyrgyzstan | gold_medal: 0 | silver_medal: 2 | bronze_medal: 4 | total: 6,How many gold medals did kyrgyzstan win?,0
country_code: kgz | country_long: kyrgyzstan | gold_medal: 0 | silver_medal: 2 | bronze_medal: 4 | total: 6,How many silver medals did kyrgyzstan win?,2
country_code: kgz | country_long: kyrgyzstan | gold_medal: 0 | silver_medal: 2 | bronze_medal: 4 | total: 6,How many bronze medals did kyrgyzstan win?,4
country_code: kgz | country_long: kyrgyzstan | gold_medal: 0 | silver_medal: 2 | bronze_medal: 4 | total: 6,What is the total number of medals won by kyrgyzstan?,6
country_code: ltu | country_long: lithuania | gold_medal: 0 | silver_medal: 2 | bronze_medal: 2 | total: 4,How many gold medals did lithuania win?,0
country_code: ltu | country_long: lithuania | gold_medal: 0 | silver_medal: 2 | bronze_medal: 2 | total: 4,How many silver medals did lithuania win?,2
country_code: ltu | country_long: lithuania | gold_medal: 0 | silver_medal: 2 | bronze_medal: 2 | total: 4,How many bronze medals did lithuania win?,2
country_code: ltu | country_long: lithuania | gold_medal: 0 | silver_medal: 2 | bronze_medal: 2 | total: 4,What is the total number of medals won by lithuania?,4
country_code: ind | country_long: india | gold_medal: 0 | silver_medal: 1 | bronze_medal: 5 | total: 6,How many gold medals did india win?,0
country_code: ind | country_long: india | gold_medal: 0 | silver_medal: 1 | bronze_medal: 5 | total: 6,How many silver medals did india win?,1
country_code: ind | country_long: india | gold_medal: 0 | silver_medal: 1 | bronze_medal: 5 | total: 6,How many bronze medals did india win?,5
country_code: ind | country_long: india | gold_medal: 0 | silver_medal: 1 | bronze_medal: 5 | total: 6,What is the total number of medals won by india?,6
country_code: mda | country_long: republic of moldova | gold_medal: 0 | silver_medal: 1 | bronze_medal: 3 | total: 4,How many gold medals did republic of moldova win?,0
country_code: mda | country_long: republic of moldova | gold_medal: 0 | silver_medal: 1 | bronze_medal: 3 | total: 4,How many silver medals did republic of moldova win?,1
country_code: mda | country_long: republic of moldova | gold_medal: 0 | silver_medal: 1 | bronze_medal: 3 | total: 4,How many bronze medals did republic of moldova win?,3
country_code: mda | country_long: republic of moldova | gold_medal: 0 | silver_medal: 1 | bronze_medal: 3 | total: 4,What is the total number of medals won by republic of moldova?,4
country_code: kos | country_long: kosovo | gold_medal: 0 | silver_medal: 1 | bronze_medal: 1 | total: 2,How many gold medals did kosovo win?,0
country_code: kos | country_long: kosovo | gold_medal: 0 | silver_medal: 1 | bronze_medal: 1 | total: 2,How many silver medals did kosovo win?,1
country_code: kos | country_long: kosovo | gold_medal: 0 | silver_medal: 1 | bronze_medal: 1 | total: 2,How many bronze medals did kosovo win?,1
country_code: kos | country_long: kosovo | gold_medal: 0 | silver_medal: 1 | bronze_medal: 1 | total: 2,What is the total number of medals won by kosovo?,2
country_code: cyp | country_long: cyprus | gold_medal: 0 | silver_medal: 1 | bronze_medal: 0 | total: 1,How many gold medals did cyprus win?,0
country_code: cyp | country_long: cyprus | gold_medal: 0 | silver_medal: 1 | bronze_medal: 0 | total: 1,How many silver medals did cyprus win?,1
country_code: cyp | country_long: cyprus | gold_medal: 0 | silver_medal: 1 | bronze_medal: 0 | total: 1,How many bronze medals did cyprus win?,0
country_code: cyp | country_long: cyprus | gold_medal: 0 | silver_medal: 1 | bronze_medal: 0 | total: 1,What is the total number of medals won by cyprus?,1
country_code: fij | country_long: fiji | gold_medal: 0 | silver_medal: 1 | bronze_medal: 0 | total: 1,How many gold medals did fiji win?,0
country_code: fij | country_long: fiji | gold_medal: 0 | silver_medal: 1 | bronze_medal: 0 | total: 1,How many silver medals did fiji win?,1
country_code: fij | country_long: fiji | gold_medal: 0 | silver_medal: 1 | bronze_medal: 0 | total: 1,How many bronze medals did fiji win?,0
country_code: fij | country_long: fiji | gold_medal: 0 | silver_medal: 1 | bronze_medal: 0 | total: 1,What is the total number of medals won by fiji?,1
country_code: jor | country_long: jordan | gold_medal: 0 | silver_medal: 1 | bronze_medal: 0 | total: 1,How many gold medals did jordan win?,0
country_code: jor | country_long: jordan | gold_medal: 0 | silver_medal: 1 | bronze_medal: 0 | total: 1,How many silver medals did jordan win?,1
country_code: jor | country_long: jordan | gold_medal: 0 | silver_medal: 1 | bronze_medal: 0 | total: 1,How many bronze medals did jordan win?,0
country_code: jor | country_long: jordan | gold_medal: 0 | silver_medal: 1 | bronze_medal: 0 | total: 1,What is the total number of medals won by jordan?,1
country_code: mgl | country_long: mongolia | gold_medal: 0 | silver_medal: 1 | bronze_medal: 0 | total: 1,How many gold medals did mongolia win?,0
country_code: mgl | country_long: mongolia | gold_medal: 0 | silver_medal: 1 | bronze_medal: 0 | total: 1,How many silver medals did mongolia win?,1
country_code: mgl | country_long: mongolia | gold_medal: 0 | silver_medal: 1 | bronze_medal: 0 | total: 1,How many bronze medals did mongolia win?,0
country_code: mgl | country_long: mongolia | gold_medal: 0 | silver_medal: 1 | bronze_medal: 0 | total: 1,What is the total number of medals won by mongolia?,1
country_code: pan | country_long: panama | gold_medal: 0 | silver_medal: 1 | bronze_medal: 0 | total: 1,How many gold medals did panama win?,0
country_code: pan | country_long: panama | gold_medal: 0 | silver_medal: 1 | bronze_medal: 0 | total: 1,How many silver medals did panama win?,1
country_code: pan | country_long: panama | gold_medal: 0 | silver_medal: 1 | bronze_medal: 0 | total: 1,How many bronze medals did panama win?,0
country_code: pan | country_long: panama | gold_medal: 0 | silver_medal: 1 | bronze_medal: 0 | total: 1,What is the total number of medals won by panama?,1
country_code: tjk | country_long: tajikistan | gold_medal: 0 | silver_medal: 0 | bronze_medal: 3 | total: 3,How many gold medals did tajikistan win?,0
country_code: tjk | country_long: tajikistan | gold_medal: 0 | silver_medal: 0 | bronze_medal: 3 | total: 3,How many silver medals did tajikistan win?,0
country_code: tjk | country_long: tajikistan | gold_medal: 0 | silver_medal: 0 | bronze_medal: 3 | total: 3,How many bronze medals did tajikistan win?,3
country_code: tjk | country_long: tajikistan | gold_medal: 0 | silver_medal: 0 | bronze_medal: 3 | total: 3,What is the total number of medals won by tajikistan?,3
country_code: alb | country_long: albania | gold_medal: 0 | silver_medal: 0 | bronze_medal: 2 | total: 2,How many gold medals did albania win?,0
country_code: alb | country_long: albania | gold_medal: 0 | silver_medal: 0 | bronze_medal: 2 | total: 2,How many silver medals did albania win?,0
country_code: alb | country_long: albania | gold_medal: 0 | silver_medal: 0 | bronze_medal: 2 | total: 2,How many bronze medals did albania win?,2
country_code: alb | country_long: albania | gold_medal: 0 | silver_medal: 0 | bronze_medal: 2 | total: 2,What is the total number of medals won by albania?,2
country_code: grn | country_long: grenada | gold_medal: 0 | silver_medal: 0 | bronze_medal: 2 | total: 2,How many gold medals did grenada win?,0
country_code: grn | country_long: grenada | gold_medal: 0 | silver_medal: 0 | bronze_medal: 2 | total: 2,How many silver medals did grenada win?,0
country_code: grn | country_long: grenada | gold_medal: 0 | silver_medal: 0 | bronze_medal: 2 | total: 2,How many bronze medals did grenada win?,2
country_code: grn | country_long: grenada | gold_medal: 0 | silver_medal: 0 | bronze_medal: 2 | total: 2,What is the total number of medals won by grenada?,2
country_code: mas | country_long: malaysia | gold_medal: 0 | silver_medal: 0 | bronze_medal: 2 | total: 2,How many gold medals did malaysia win?,0
country_code: mas | country_long: malaysia | gold_medal: 0 | silver_medal: 0 | bronze_medal: 2 | total: 2,How many silver medals did malaysia win?,0
country_code: mas | country_long: malaysia | gold_medal: 0 | silver_medal: 0 | bronze_medal: 2 | total: 2,How many bronze medals did malaysia win?,2
country_code: mas | country_long: malaysia | gold_medal: 0 | silver_medal: 0 | bronze_medal: 2 | total: 2,What is the total number of medals won by malaysia?,2
country_code: pur | country_long: puerto rico | gold_medal: 0 | silver_medal: 0 | bronze_medal: 2 | total: 2,How many gold medals did puerto rico win?,0
country_code: pur | country_long: puerto rico | gold_medal: 0 | silver_medal: 0 | bronze_medal: 2 | total: 2,How many silver medals did puerto rico win?,0
country_code: pur | country_long: puerto rico | gold_medal: 0 | silver_medal: 0 | bronze_medal: 2 | total: 2,How many bronze medals did puerto rico win?,2
country_code: pur | country_long: puerto rico | gold_medal: 0 | silver_medal: 0 | bronze_medal: 2 | total: 2,What is the total number of medals won by puerto rico?,2
country_code: cpv | country_long: cabo verde | gold_medal: 0 | silver_medal: 0 | bronze_medal: 1 | total: 1,How many gold medals did cabo verde win?,0
country_code: cpv | country_long: cabo verde | gold_medal: 0 | silver_medal: 0 | bronze_medal: 1 | total: 1,How many silver medals did cabo verde win?,0
country_code: cpv | country_long: cabo verde | gold_medal: 0 | silver_medal: 0 | bronze_medal: 1 | total: 1,How many bronze medals did cabo verde win?,1
country_code: cpv | country_long: cabo verde | gold_medal: 0 | silver_medal: 0 | bronze_medal: 1 | total: 1,What is the total number of medals won by cabo verde?,1
country_code: civ | country_long: côte d'ivoire | gold_medal: 0 | silver_medal: 0 | bronze_medal: 1 | total: 1,How many gold medals did côte d'ivoire win?,0
country_code: civ | country_long: côte d'ivoire | gold_medal: 0 | silver_medal: 0 | bronze_medal: 1 | total: 1,How many silver medals did côte d'ivoire win?,0
country_code: civ | country_long: côte d'ivoire | gold_medal: 0 | silver_medal: 0 | bronze_medal: 1 | total: 1,How many bronze medals did côte d'ivoire win?,1
country_code: civ | country_long: côte d'ivoire | gold_medal: 0 | silver_medal: 0 | bronze_medal: 1 | total: 1,What is the total number of medals won by côte d'ivoire?,1
country_code: eor | country_long: refugee olympic team | gold_medal: 0 | silver_medal: 0 | bronze_medal: 1 | total: 1,How many gold medals did refugee olympic team win?,0
country_code: eor | country_long: refugee olympic team | gold_medal: 0 | silver_medal: 0 | bronze_medal: 1 | total: 1,How many silver medals did refugee olympic team win?,0
country_code: eor | country_long: refugee olympic team | gold_medal: 0 | silver_medal: 0 | bronze_medal: 1 | total: 1,How many bronze medals did refugee olympic team win?,1
country_code: eor | country_long: refugee olympic team | gold_medal: 0 | silver_medal: 0 | bronze_medal: 1 | total: 1,What is the total number of medals won by refugee olympic team?,1
country_code: per | country_long: peru | gold_medal: 0 | silver_medal: 0 | bronze_medal: 1 | total: 1,How many gold medals did peru win?,0
country_code: per | country_long: peru | gold_medal: 0 | silver_medal: 0 | bronze_medal: 1 | total: 1,How many silver medals did peru win?,0
country_code: per | country_long: peru | gold_medal: 0 | silver_medal: 0 | bronze_medal: 1 | total: 1,How many bronze medals did peru win?,1
country_code: per | country_long: peru | gold_medal: 0 | silver_medal: 0 | bronze_medal: 1 | total: 1,What is the total number of medals won by peru?,1
country_code: qat | country_long: qatar | gold_medal: 0 | silver_medal: 0 | bronze_medal: 1 | total: 1,How many gold medals did qatar win?,0
country_code: qat | country_long: qatar | gold_medal: 0 | silver_medal: 0 | bronze_medal: 1 | total: 1,How many silver medals did qatar win?,0
country_code: qat | country_long: qatar | gold_medal: 0 | silver_medal: 0 | bronze_medal: 1 | total: 1,How many bronze medals did qatar win?,1
country_code: qat | country_long: qatar | gold_medal: 0 | silver_medal: 0 | bronze_medal: 1 | total: 1,What is the total number of medals won by qatar?,1
country_code: sgp | country_long: singapore | gold_medal: 0 | silver_medal: 0 | bronze_medal: 1 | total: 1,How many gold medals did singapore win?,0
country_code: sgp | country_long: singapore | gold_medal: 0 | silver_medal: 0 | bronze_medal: 1 | total: 1,How many silver medals did singapore win?,0
country_code: sgp | country_long: singapore | gold_medal: 0 | silver_medal: 0 | bronze_medal: 1 | total: 1,How many bronze medals did singapore win?,1
country_code: sgp | country_long: singapore | gold_medal: 0 | silver_medal: 0 | bronze_medal: 1 | total: 1,What is the total number of medals won by singapore?,1
country_code: svk | country_long: slovakia | gold_medal: 0 | silver_medal: 0 | bronze_medal: 1 | total: 1,How many gold medals did slovakia win?,0
country_code: svk | country_long: slovakia | gold_medal: 0 | silver_medal: 0 | bronze_medal: 1 | total: 1,How many silver medals did slovakia win?,0
country_code: svk | country_long: slovakia | gold_medal: 0 | silver_medal: 0 | bronze_medal: 1 | total: 1,How many bronze medals did slovakia win?,1
country_code: svk | country_long: slovakia | gold_medal: 0 | silver_medal: 0 | bronze_medal: 1 | total: 1,What is the total number of medals won by slovakia?,1
country_code: zam | country_long: zambia | gold_medal: 0 | silver_medal: 0 | bronze_medal: 1 | total: 1,How many gold medals did zambia win?,0
country_code: zam | country_long: zambia | gold_medal: 0 | silver_medal: 0 | bronze_medal: 1 | total: 1,How many silver medals did zambia win?,0
country_code: zam | country_long: zambia | gold_medal: 0 | silver_medal: 0 | bronze_medal: 1 | total: 1,How many bronze medals did zambia win?,1
country_code: zam | country_long: zambia | gold_medal: 0 | silver_medal: 0 | bronze_medal: 1 | total: 1,What is the total number of medals won by zambia?,1
