context,question,answer
code: afg | country_long: afghanistan,What is the NOC code for afghanistan?,afg
code: afg | country_long: afghanistan,What is the full name of the country with NOC code afg?,afghanistan
code: aho | country_long: netherlands antilles,What is the NOC code for netherlands antilles?,aho
code: aho | country_long: netherlands antilles,What is the full name of the country with NOC code aho?,netherlands antilles
code: ain | country_long: ain,What is the NOC code for ain?,ain
code: ain | country_long: ain,What is the full name of the country with NOC code ain?,ain
code: alb | country_long: albania,What is the NOC code for albania?,alb
code: alb | country_long: albania,What is the full name of the country with NOC code alb?,albania
code: alg | country_long: algeria,What is the NOC code for algeria?,alg
code: alg | country_long: algeria,What is the full name of the country with NOC code alg?,algeria
code: and | country_long: andorra,What is the NOC code for andorra?,and
code: and | country_long: andorra,What is the full name of the country with NOC code and?,andorra
code: ang | country_long: angola,What is the NOC code for angola?,ang
code: ang | country_long: angola,What is the full name of the country with NOC code ang?,angola
code: ant | country_long: antigua and barbuda,What is the NOC code for antigua and barbuda?,ant
code: ant | country_long: antigua and barbuda,What is the full name of the country with NOC code ant?,antigua and barbuda
code: arg | country_long: argentina,What is the NOC code for argentina?,arg
code: arg | country_long: argentina,What is the full name of the country with NOC code arg?,argentina
code: arm | country_long: armenia,What is the NOC code for armenia?,arm
code: arm | country_long: armenia,What is the full name of the country with NOC code arm?,armenia
code: aru | country_long: aruba,What is the NOC code for aruba?,aru
code: aru | country_long: aruba,What is the full name of the country with NOC code aru?,aruba
code: asa | country_long: american samoa,What is the NOC code for american samoa?,asa
code: asa | country_long: american samoa,What is the full name of the country with NOC code asa?,american samoa
code: aus | country_long: australia,What is the NOC code for australia?,aus
code: aus | country_long: australia,What is the full name of the country with NOC code aus?,australia
code: aut | country_long: austria,What is the NOC code for austria?,aut
code: aut | country_long: austria,What is the full name of the country with NOC code aut?,austria
code: aze | country_long: azerbaijan,What is the NOC code for azerbaijan?,aze
code: aze | country_long: azerbaijan,What is the full name of the country with NOC code aze?,azerbaijan
code: bah | country_long: bahamas,What is the NOC code for bahamas?,bah
code: bah | country_long: bahamas,What is the full name of the country with NOC code bah?,bahamas
code: ban | country_long: bangladesh,What is the NOC code for bangladesh?,ban
code: ban | country_long: bangladesh,What is the full name of the country with NOC code ban?,bangladesh
code: bar | country_long: barbados,What is the NOC code for barbados?,bar
code: bar | country_long: barbados,What is the full name of the country with NOC code bar?,barbados
code: bdi | country_long: burundi,What is the NOC code for burundi?,bdi
code: bdi | country_long: burundi,What is the full name of the country with NOC code bdi?,burundi
code: bel | country_long: belgium,What is the NOC code for belgium?,bel
code: bel | country_long: belgium,What is the full name of the country with NOC code bel?,belgium
code: ben | country_long: benin,What is the NOC code for benin?,ben
code: ben | country_long: benin,What is the full name of the country with NOC code ben?,benin
code: ber | country_long: bermuda,What is the NOC code for bermuda?,ber
code: ber | country_long: bermuda,What is the full name of the country with NOC code ber?,bermuda
code: bhu | country_long: bhutan,What is the NOC code for bhutan?,bhu
code: bhu | country_long: bhutan,What is the full name of the country with NOC code bhu?,bhutan
code: bih | country_long: bosnia and herzegovina,What is the NOC code for bosnia and herzegovina?,bih
code: bih | country_long: bosnia and herzegovina,What is the full name of the country with NOC code bih?,bosnia and herzegovina
code: biz | country_long: belize,What is the NOC code for belize?,biz
code: biz | country_long: belize,What is the full name of the country with NOC code biz?,belize
code: blr | country_long: belarus,What is the NOC code for belarus?,blr
code: blr | country_long: belarus,What is the full name of the country with NOC code blr?,belarus
code: boc | country_long: boc,What is the NOC code for boc?,boc
code: boc | country_long: boc,What is the full name of the country with NOC code boc?,boc
code: bol | country_long: bolivia,What is the NOC code for bolivia?,bol
code: bol | country_long: bolivia,What is the full name of the country with NOC code bol?,bolivia
code: bot | country_long: botswana,What is the NOC code for botswana?,bot
code: bot | country_long: botswana,What is the full name of the country with NOC code bot?,botswana
code: bra | country_long: brazil,What is the NOC code for brazil?,bra
code: bra | country_long: brazil,What is the full name of the country with NOC code bra?,brazil
code: brn | country_long: bahrain,What is the NOC code for bahrain?,brn
code: brn | country_long: bahrain,What is the full name of the country with NOC code brn?,bahrain
code: bru | country_long: brunei darussalam,What is the NOC code for brunei darussalam?,bru
code: bru | country_long: brunei darussalam,What is the full name of the country with NOC code bru?,brunei darussalam
code: bul | country_long: bulgaria,What is the NOC code for bulgaria?,bul
code: bul | country_long: bulgaria,What is the full name of the country with NOC code bul?,bulgaria
code: bur | country_long: burkina faso,What is the NOC code for burkina faso?,bur
code: bur | country_long: burkina faso,What is the full name of the country with NOC code bur?,burkina faso
code: caf | country_long: central african republic,What is the NOC code for central african republic?,caf
code: caf | country_long: central african republic,What is the full name of the country with NOC code caf?,central african republic
code: cam | country_long: cambodia,What is the NOC code for cambodia?,cam
code: cam | country_long: cambodia,What is the full name of the country with NOC code cam?,cambodia
code: can | country_long: canada,What is the NOC code for canada?,can
code: can | country_long: canada,What is the full name of the country with NOC code can?,canada
code: cay | country_long: cayman islands,What is the NOC code for cayman islands?,cay
code: cay | country_long: cayman islands,What is the full name of the country with NOC code cay?,cayman islands
code: cgo | country_long: congo,What is the NOC code for congo?,cgo
code: cgo | country_long: congo,What is the full name of the country with NOC code cgo?,congo
code: cha | country_long: chad,What is the NOC code for chad?,cha
code: cha | country_long: chad,What is the full name of the country with NOC code cha?,chad
code: chi | country_long: chile,What is the NOC code for chile?,chi
code: chi | country_long: chile,What is the full name of the country with NOC code chi?,chile
code: chn | country_long: people's republic of china,What is the NOC code for people's republic of china?,chn
code: chn | country_long: people's republic of china,What is the full name of the country with NOC code chn?,peoples republic of china
code: cis | country_long: commonwealth of independent states,What is the NOC code for commonwealth of independent states?,cis
code: cis | country_long: commonwealth of independent states,What is the full name of the country with NOC code cis?,commonwealth of independent states
code: civ | country_long: côte d'ivoire,What is the NOC code for côte d'ivoire?,civ
code: civ | country_long: côte d'ivoire,What is the full name of the country with NOC code civ?,côte divoire
code: cmr | country_long: cameroon,What is the NOC code for cameroon?,cmr
code: cmr | country_long: cameroon,What is the full name of the country with NOC code cmr?,cameroon
code: cod | country_long: democratic republic of the congo,What is the NOC code for democratic republic of the congo?,cod
code: cod | country_long: democratic republic of the congo,What is the full name of the country with NOC code cod?,democratic republic of the congo
code: cok | country_long: cook islands,What is the NOC code for cook islands?,cok
code: cok | country_long: cook islands,What is the full name of the country with NOC code cok?,cook islands
code: col | country_long: colombia,What is the NOC code for colombia?,col
code: col | country_long: colombia,What is the full name of the country with NOC code col?,colombia
code: com | country_long: comoros,What is the NOC code for comoros?,com
code: com | country_long: comoros,What is the full name of the country with NOC code com?,comoros
code: cor | country_long: korea,What is the NOC code for korea?,cor
code: cor | country_long: korea,What is the full name of the country with NOC code cor?,korea
code: cpv | country_long: cabo verde,What is the NOC code for cabo verde?,cpv
code: cpv | country_long: cabo verde,What is the full name of the country with NOC code cpv?,cabo verde
code: crc | country_long: costa rica,What is the NOC code for costa rica?,crc
code: crc | country_long: costa rica,What is the full name of the country with NOC code crc?,costa rica
code: cro | country_long: croatia,What is the NOC code for croatia?,cro
code: cro | country_long: croatia,What is the full name of the country with NOC code cro?,croatia
code: cub | country_long: cuba,What is the NOC code for cuba?,cub
code: cub | country_long: cuba,What is the full name of the country with NOC code cub?,cuba
code: cyp | country_long: cyprus,What is the NOC code for cyprus?,cyp
code: cyp | country_long: cyprus,What is the full name of the country with NOC code cyp?,cyprus
code: cze | country_long: czechia,What is the NOC code for czechia?,cze
code: cze | country_long: czechia,What is the full name of the country with NOC code cze?,czechia
code: den | country_long: denmark,What is the NOC code for denmark?,den
code: den | country_long: denmark,What is the full name of the country with NOC code den?,denmark
code: dji | country_long: djibouti,What is the NOC code for djibouti?,dji
code: dji | country_long: djibouti,What is the full name of the country with NOC code dji?,djibouti
code: dma | country_long: dominica,What is the NOC code for dominica?,dma
code: dma | country_long: dominica,What is the full name of the country with NOC code dma?,dominica
code: dom | country_long: dominican republic,What is the NOC code for dominican republic?,dom
code: dom | country_long: dominican republic,What is the full name of the country with NOC code dom?,dominican republic
code: ecu | country_long: ecuador,What is the NOC code for ecuador?,ecu
code: ecu | country_long: ecuador,What is the full name of the country with NOC code ecu?,ecuador
code: egy | country_long: egypt,What is the NOC code for egypt?,egy
code: egy | country_long: egypt,What is the full name of the country with NOC code egy?,egypt
code: eor | country_long: refugee olympic team,What is the NOC code for refugee olympic team?,eor
code: eor | country_long: refugee olympic team,What is the full name of the country with NOC code eor?,refugee olympic team
code: eri | country_long: eritrea,What is the NOC code for eritrea?,eri
code: eri | country_long: eritrea,What is the full name of the country with NOC code eri?,eritrea
code: esa | country_long: el salvador,What is the NOC code for el salvador?,esa
code: esa | country_long: el salvador,What is the full name of the country with NOC code esa?,el salvador
code: esp | country_long: spain,What is the NOC code for spain?,esp
code: esp | country_long: spain,What is the full name of the country with NOC code esp?,spain
code: est | country_long: estonia,What is the NOC code for estonia?,est
code: est | country_long: estonia,What is the full name of the country with NOC code est?,estonia
code: eth | country_long: ethiopia,What is the NOC code for ethiopia?,eth
code: eth | country_long: ethiopia,What is the full name of the country with NOC code eth?,ethiopia
code: eun | country_long: unified team,What is the NOC code for unified team?,eun
code: eun | country_long: unified team,What is the full name of the country with NOC code eun?,unified team
code: fij | country_long: fiji,What is the NOC code for fiji?,fij
code: fij | country_long: fiji,What is the full name of the country with NOC code fij?,fiji
code: fin | country_long: finland,What is the NOC code for finland?,fin
code: fin | country_long: finland,What is the full name of the country with NOC code fin?,finland
code: fra | country_long: france,What is the NOC code for france?,fra
code: fra | country_long: france,What is the full name of the country with NOC code fra?,france
code: frg | country_long: federal republic of germany,What is the NOC code for federal republic of germany?,frg
code: frg | country_long: federal republic of germany,What is the full name of the country with NOC code frg?,federal republic of germany
code: fsm | country_long: federated states of micronesia,What is the NOC code for federated states of micronesia?,fsm
code: fsm | country_long: federated states of micronesia,What is the full name of the country with NOC code fsm?,federated states of micronesia
code: gab | country_long: gabon,What is the NOC code for gabon?,gab
code: gab | country_long: gabon,What is the full name of the country with NOC code gab?,gabon
code: gam | country_long: gambia,What is the NOC code for gambia?,gam
code: gam | country_long: gambia,What is the full name of the country with NOC code gam?,gambia
code: gbr | country_long: great britain,What is the NOC code for great britain?,gbr
code: gbr | country_long: great britain,What is the full name of the country with NOC code gbr?,great britain
code: gbs | country_long: guinea-bissau,What is the NOC code for guinea-bissau?,gbs
code: gbs | country_long: guinea-bissau,What is the full name of the country with NOC code gbs?,guinea-bissau
code: gdr | country_long: german democratic republic,What is the NOC code for german democratic republic?,gdr
code: gdr | country_long: german democratic republic,What is the full name of the country with NOC code gdr?,german democratic republic
code: geo | country_long: georgia,What is the NOC code for georgia?,geo
code: geo | country_long: georgia,What is the full name of the country with NOC code geo?,georgia
code: geq | country_long: equatorial guinea,What is the NOC code for equatorial guinea?,geq
code: geq | country_long: equatorial guinea,What is the full name of the country with NOC code geq?,equatorial guinea
code: ger | country_long: germany,What is the NOC code for germany?,ger
code: ger | country_long: germany,What is the full name of the country with NOC code ger?,germany
code: gha | country_long: ghana,What is the NOC code for ghana?,gha
code: gha | country_long: ghana,What is the full name of the country with NOC code gha?,ghana
code: gre | country_long: greece,What is the NOC code for greece?,gre
code: gre | country_long: greece,What is the full name of the country with NOC code gre?,greece
code: grn | country_long: grenada,What is the NOC code for grenada?,grn
code: grn | country_long: grenada,What is the full name of the country with NOC code grn?,grenada
code: gua | country_long: guatemala,What is the NOC code for guatemala?,gua
code: gua | country_long: guatemala,What is the full name of the country with NOC code gua?,guatemala
code: gui | country_long: guinea,What is the NOC code for guinea?,gui
code: gui | country_long: guinea,What is the full name of the country with NOC code gui?,guinea
code: gum | country_long: guam,What is the NOC code for guam?,gum
code: gum | country_long: guam,What is the full name of the country with NOC code gum?,guam
code: guy | country_long: guyana,What is the NOC code for guyana?,guy
code: guy | country_long: guyana,What is the full name of the country with NOC code guy?,guyana
code: hai | country_long: haiti,What is the NOC code for haiti?,hai
code: hai | country_long: haiti,What is the full name of the country with NOC code hai?,haiti
"code: hkg | country_long: hong kong, china","What is the NOC code for hong kong, china?",hkg
"code: hkg | country_long: hong kong, china",What is the full name of the country with NOC code hkg?,"hong kong, china"
code: hon | country_long: honduras,What is the NOC code for honduras?,hon
code: hon | country_long: honduras,What is the full name of the country with NOC code hon?,honduras
code: hun | country_long: hungary,What is the NOC code for hungary?,hun
code: hun | country_long: hungary,What is the full name of the country with NOC code hun?,hungary
code: ina | country_long: indonesia,What is the NOC code for indonesia?,ina
code: ina | country_long: indonesia,What is the full name of the country with NOC code ina?,indonesia
code: ind | country_long: india,What is the NOC code for india?,ind
code: ind | country_long: india,What is the full name of the country with NOC code ind?,india
code: ioa | country_long: independent olympic athletes,What is the NOC code for independent olympic athletes?,ioa
code: ioa | country_long: independent olympic athletes,What is the full name of the country with NOC code ioa?,independent olympic athletes
code: iop | country_long: independent olympic participants,What is the NOC code for independent olympic participants?,iop
code: iop | country_long: independent olympic participants,What is the full name of the country with NOC code iop?,independent olympic participants
code: iri | country_long: islamic republic of iran,What is the NOC code for islamic republic of iran?,iri
code: iri | country_long: islamic republic of iran,What is the full name of the country with NOC code iri?,islamic republic of iran
code: irl | country_long: ireland,What is the NOC code for ireland?,irl
code: irl | country_long: ireland,What is the full name of the country with NOC code irl?,ireland
code: irq | country_long: iraq,What is the NOC code for iraq?,irq
code: irq | country_long: iraq,What is the full name of the country with NOC code irq?,iraq
code: isl | country_long: iceland,What is the NOC code for iceland?,isl
code: isl | country_long: iceland,What is the full name of the country with NOC code isl?,iceland
code: isr | country_long: israel,What is the NOC code for israel?,isr
code: isr | country_long: israel,What is the full name of the country with NOC code isr?,israel
"code: isv | country_long: virgin islands, us","What is the NOC code for virgin islands, us?",isv
"code: isv | country_long: virgin islands, us",What is the full name of the country with NOC code isv?,"virgin islands, us"
code: ita | country_long: italy,What is the NOC code for italy?,ita
code: ita | country_long: italy,What is the full name of the country with NOC code ita?,italy
"code: ivb | country_long: virgin islands, british","What is the NOC code for virgin islands, british?",ivb
"code: ivb | country_long: virgin islands, british",What is the full name of the country with NOC code ivb?,"virgin islands, british"
code: jam | country_long: jamaica,What is the NOC code for jamaica?,jam
code: jam | country_long: jamaica,What is the full name of the country with NOC code jam?,jamaica
code: jor | country_long: jordan,What is the NOC code for jordan?,jor
code: jor | country_long: jordan,What is the full name of the country with NOC code jor?,jordan
code: jpn | country_long: japan,What is the NOC code for japan?,jpn
code: jpn | country_long: japan,What is the full name of the country with NOC code jpn?,japan
code: kaz | country_long: kazakhstan,What is the NOC code for kazakhstan?,kaz
code: kaz | country_long: kazakhstan,What is the full name of the country with NOC code kaz?,kazakhstan
code: ken | country_long: kenya,What is the NOC code for kenya?,ken
code: ken | country_long: kenya,What is the full name of the country with NOC code ken?,kenya
code: kgz | country_long: kyrgyzstan,What is the NOC code for kyrgyzstan?,kgz
code: kgz | country_long: kyrgyzstan,What is the full name of the country with NOC code kgz?,kyrgyzstan
code: kir | country_long: kiribati,What is the NOC code for kiribati?,kir
code: kir | country_long: kiribati,What is the full name of the country with NOC code kir?,kiribati
code: kor | country_long: republic of korea,What is the NOC code for republic of korea?,kor
code: kor | country_long: republic of korea,What is the full name of the country with NOC code kor?,republic of korea
code: kos | country_long: kosovo,What is the NOC code for kosovo?,kos
code: kos | country_long: kosovo,What is the full name of the country with NOC code kos?,kosovo
code: ksa | country_long: saudi arabia,What is the NOC code for saudi arabia?,ksa
code: ksa | country_long: saudi arabia,What is the full name of the country with NOC code ksa?,saudi arabia
code: kuw | country_long: kuwait,What is the NOC code for kuwait?,kuw
code: kuw | country_long: kuwait,What is the full name of the country with NOC code kuw?,kuwait
code: lao | country_long: lao people's democratic republic,What is the NOC code for lao people's democratic republic?,lao
code: lao | country_long: lao people's democratic republic,What is the full name of the country with NOC code lao?,lao peoples democratic republic
code: lat | country_long: latvia,What is the NOC code for latvia?,lat
code: lat | country_long: latvia,What is the full name of the country with NOC code lat?,latvia
code: lba | country_long: libya,What is the NOC code for libya?,lba
code: lba | country_long: libya,What is the full name of the country with NOC code lba?,libya
code: lbn | country_long: lebanon,What is the NOC code for lebanon?,lbn
code: lbn | country_long: lebanon,What is the full name of the country with NOC code lbn?,lebanon
code: lbr | country_long: liberia,What is the NOC code for liberia?,lbr
code: lbr | country_long: liberia,What is the full name of the country with NOC code lbr?,liberia
code: lca | country_long: saint lucia,What is the NOC code for saint lucia?,lca
code: lca | country_long: saint lucia,What is the full name of the country with NOC code lca?,saint lucia
code: les | country_long: lesotho,What is the NOC code for lesotho?,les
code: les | country_long: lesotho,What is the full name of the country with NOC code les?,lesotho
code: lie | country_long: liechtenstein,What is the NOC code for liechtenstein?,lie
code: lie | country_long: liechtenstein,What is the full name of the country with NOC code lie?,liechtenstein
code: ltu | country_long: lithuania,What is the NOC code for lithuania?,ltu
code: ltu | country_long: lithuania,What is the full name of the country with NOC code ltu?,lithuania
code: lux | country_long: luxembourg,What is the NOC code for luxembourg?,lux
code: lux | country_long: luxembourg,What is the full name of the country with NOC code lux?,luxembourg
code: mad | country_long: madagascar,What is the NOC code for madagascar?,mad
code: mad | country_long: madagascar,What is the full name of the country with NOC code mad?,madagascar
code: mar | country_long: morocco,What is the NOC code for morocco?,mar
code: mar | country_long: morocco,What is the full name of the country with NOC code mar?,morocco
code: mas | country_long: malaysia,What is the NOC code for malaysia?,mas
code: mas | country_long: malaysia,What is the full name of the country with NOC code mas?,malaysia
code: maw | country_long: malawi,What is the NOC code for malawi?,maw
code: maw | country_long: malawi,What is the full name of the country with NOC code maw?,malawi
code: mda | country_long: republic of moldova,What is the NOC code for republic of moldova?,mda
code: mda | country_long: republic of moldova,What is the full name of the country with NOC code mda?,republic of moldova
code: mdv | country_long: maldives,What is the NOC code for maldives?,mdv
code: mdv | country_long: maldives,What is the full name of the country with NOC code mdv?,maldives
code: mex | country_long: mexico,What is the NOC code for mexico?,mex
code: mex | country_long: mexico,What is the full name of the country with NOC code mex?,mexico
code: mgl | country_long: mongolia,What is the NOC code for mongolia?,mgl
code: mgl | country_long: mongolia,What is the full name of the country with NOC code mgl?,mongolia
code: mhl | country_long: marshall islands,What is the NOC code for marshall islands?,mhl
code: mhl | country_long: marshall islands,What is the full name of the country with NOC code mhl?,marshall islands
code: mkd | country_long: north macedonia,What is the NOC code for north macedonia?,mkd
code: mkd | country_long: north macedonia,What is the full name of the country with NOC code mkd?,north macedonia
code: mli | country_long: mali,What is the NOC code for mali?,mli
code: mli | country_long: mali,What is the full name of the country with NOC code mli?,mali
code: mlt | country_long: malta,What is the NOC code for malta?,mlt
code: mlt | country_long: malta,What is the full name of the country with NOC code mlt?,malta
code: mne | country_long: montenegro,What is the NOC code for montenegro?,mne
code: mne | country_long: montenegro,What is the full name of the country with NOC code mne?,montenegro
code: mon | country_long: monaco,What is the NOC code for monaco?,mon
code: mon | country_long: monaco,What is the full name of the country with NOC code mon?,monaco
code: moz | country_long: mozambique,What is the NOC code for mozambique?,moz
code: moz | country_long: mozambique,What is the full name of the country with NOC code moz?,mozambique
code: mri | country_long: mauritius,What is the NOC code for mauritius?,mri
code: mri | country_long: mauritius,What is the full name of the country with NOC code mri?,mauritius
code: mtn | country_long: mauritania,What is the NOC code for mauritania?,mtn
code: mtn | country_long: mauritania,What is the full name of the country with NOC code mtn?,mauritania
code: mya | country_long: myanmar,What is the NOC code for myanmar?,mya
code: mya | country_long: myanmar,What is the full name of the country with NOC code mya?,myanmar
code: nam | country_long: namibia,What is the NOC code for namibia?,nam
code: nam | country_long: namibia,What is the full name of the country with NOC code nam?,namibia
code: nca | country_long: nicaragua,What is the NOC code for nicaragua?,nca
code: nca | country_long: nicaragua,What is the full name of the country with NOC code nca?,nicaragua
code: ned | country_long: netherlands,What is the NOC code for netherlands?,ned
code: ned | country_long: netherlands,What is the full name of the country with NOC code ned?,netherlands
code: nep | country_long: nepal,What is the NOC code for nepal?,nep
code: nep | country_long: nepal,What is the full name of the country with NOC code nep?,nepal
code: ngr | country_long: nigeria,What is the NOC code for nigeria?,ngr
code: ngr | country_long: nigeria,What is the full name of the country with NOC code ngr?,nigeria
code: nig | country_long: niger,What is the NOC code for niger?,nig
code: nig | country_long: niger,What is the full name of the country with NOC code nig?,niger
code: nor | country_long: norway,What is the NOC code for norway?,nor
code: nor | country_long: norway,What is the full name of the country with NOC code nor?,norway
code: nru | country_long: nauru,What is the NOC code for nauru?,nru
code: nru | country_long: nauru,What is the full name of the country with NOC code nru?,nauru
code: nzl | country_long: new zealand,What is the NOC code for new zealand?,nzl
code: nzl | country_long: new zealand,What is the full name of the country with NOC code nzl?,new zealand
code: oar | country_long: olympic athlete from russia,What is the NOC code for olympic athlete from russia?,oar
code: oar | country_long: olympic athlete from russia,What is the full name of the country with NOC code oar?,olympic athlete from russia
code: oma | country_long: oman,What is the NOC code for oman?,oma
code: oma | country_long: oman,What is the full name of the country with NOC code oma?,oman
code: pak | country_long: pakistan,What is the NOC code for pakistan?,pak
code: pak | country_long: pakistan,What is the full name of the country with NOC code pak?,pakistan
code: pan | country_long: panama,What is the NOC code for panama?,pan
code: pan | country_long: panama,What is the full name of the country with NOC code pan?,panama
code: par | country_long: paraguay,What is the NOC code for paraguay?,par
code: par | country_long: paraguay,What is the full name of the country with NOC code par?,paraguay
code: per | country_long: peru,What is the NOC code for peru?,per
code: per | country_long: peru,What is the full name of the country with NOC code per?,peru
code: phi | country_long: philippines,What is the NOC code for philippines?,phi
code: phi | country_long: philippines,What is the full name of the country with NOC code phi?,philippines
code: ple | country_long: palestine,What is the NOC code for palestine?,ple
code: ple | country_long: palestine,What is the full name of the country with NOC code ple?,palestine
code: plw | country_long: palau,What is the NOC code for palau?,plw
code: plw | country_long: palau,What is the full name of the country with NOC code plw?,palau
code: png | country_long: papua new guinea,What is the NOC code for papua new guinea?,png
code: png | country_long: papua new guinea,What is the full name of the country with NOC code png?,papua new guinea
code: pol | country_long: poland,What is the NOC code for poland?,pol
code: pol | country_long: poland,What is the full name of the country with NOC code pol?,poland
code: por | country_long: portugal,What is the NOC code for portugal?,por
code: por | country_long: portugal,What is the full name of the country with NOC code por?,portugal
code: prk | country_long: democratic people's republic of korea,What is the NOC code for democratic people's republic of korea?,prk
code: prk | country_long: democratic people's republic of korea,What is the full name of the country with NOC code prk?,democratic peoples republic of korea
code: pur | country_long: puerto rico,What is the NOC code for puerto rico?,pur
code: pur | country_long: puerto rico,What is the full name of the country with NOC code pur?,puerto rico
code: qat | country_long: qatar,What is the NOC code for qatar?,qat
code: qat | country_long: qatar,What is the full name of the country with NOC code qat?,qatar
code: roc | country_long: roc,What is the NOC code for roc?,roc
code: roc | country_long: roc,What is the full name of the country with NOC code roc?,roc
code: rot | country_long: refugee olympic team,What is the NOC code for refugee olympic team?,rot
code: rot | country_long: refugee olympic team,What is the full name of the country with NOC code rot?,refugee olympic team
code: rou | country_long: romania,What is the NOC code for romania?,rou
code: rou | country_long: romania,What is the full name of the country with NOC code rou?,romania
code: rsa | country_long: south africa,What is the NOC code for south africa?,rsa
code: rsa | country_long: south africa,What is the full name of the country with NOC code rsa?,south africa
code: rus | country_long: russian federation,What is the NOC code for russian federation?,rus
code: rus | country_long: russian federation,What is the full name of the country with NOC code rus?,russian federation
code: rwa | country_long: rwanda,What is the NOC code for rwanda?,rwa
code: rwa | country_long: rwanda,What is the full name of the country with NOC code rwa?,rwanda
code: sam | country_long: samoa,What is the NOC code for samoa?,sam
code: sam | country_long: samoa,What is the full name of the country with NOC code sam?,samoa
code: scg | country_long: serbia and montenegro,What is the NOC code for serbia and montenegro?,scg
code: scg | country_long: serbia and montenegro,What is the full name of the country with NOC code scg?,serbia and montenegro
code: sen | country_long: senegal,What is the NOC code for senegal?,sen
code: sen | country_long: senegal,What is the full name of the country with NOC code sen?,senegal
code: sey | country_long: seychelles,What is the NOC code for seychelles?,sey
code: sey | country_long: seychelles,What is the full name of the country with NOC code sey?,seychelles
code: sgp | country_long: singapore,What is the NOC code for singapore?,sgp
code: sgp | country_long: singapore,What is the full name of the country with NOC code sgp?,singapore
code: skn | country_long: saint kitts and nevis,What is the NOC code for saint kitts and nevis?,skn
code: skn | country_long: saint kitts and nevis,What is the full name of the country with NOC code skn?,saint kitts and nevis
code: sle | country_long: sierra leone,What is the NOC code for sierra leone?,sle
code: sle | country_long: sierra leone,What is the full name of the country with NOC code sle?,sierra leone
code: slo | country_long: slovenia,What is the NOC code for slovenia?,slo
code: slo | country_long: slovenia,What is the full name of the country with NOC code slo?,slovenia
code: smr | country_long: san marino,What is the NOC code for san marino?,smr
code: smr | country_long: san marino,What is the full name of the country with NOC code smr?,san marino
code: sol | country_long: solomon islands,What is the NOC code for solomon islands?,sol
code: sol | country_long: solomon islands,What is the full name of the country with NOC code sol?,solomon islands
code: som | country_long: somalia,What is the NOC code for somalia?,som
code: som | country_long: somalia,What is the full name of the country with NOC code som?,somalia
code: srb | country_long: serbia,What is the NOC code for serbia?,srb
code: srb | country_long: serbia,What is the full name of the country with NOC code srb?,serbia
code: sri | country_long: sri lanka,What is the NOC code for sri lanka?,sri
code: sri | country_long: sri lanka,What is the full name of the country with NOC code sri?,sri lanka
code: ssd | country_long: south sudan,What is the NOC code for south sudan?,ssd
code: ssd | country_long: south sudan,What is the full name of the country with NOC code ssd?,south sudan
code: stp | country_long: sao tome and principe,What is the NOC code for sao tome and principe?,stp
code: stp | country_long: sao tome and principe,What is the full name of the country with NOC code stp?,sao tome and principe
code: sud | country_long: sudan,What is the NOC code for sudan?,sud
code: sud | country_long: sudan,What is the full name of the country with NOC code sud?,sudan
code: sui | country_long: switzerland,What is the NOC code for switzerland?,sui
code: sui | country_long: switzerland,What is the full name of the country with NOC code sui?,switzerland
code: sur | country_long: suriname,What is the NOC code for suriname?,sur
code: sur | country_long: suriname,What is the full name of the country with NOC code sur?,suriname
code: svk | country_long: slovakia,What is the NOC code for slovakia?,svk
code: svk | country_long: slovakia,What is the full name of the country with NOC code svk?,slovakia
code: swe | country_long: sweden,What is the NOC code for sweden?,swe
code: swe | country_long: sweden,What is the full name of the country with NOC code swe?,sweden
code: swz | country_long: eswatini,What is the NOC code for eswatini?,swz
code: swz | country_long: eswatini,What is the full name of the country with NOC code swz?,eswatini
code: syr | country_long: syrian arab republic,What is the NOC code for syrian arab republic?,syr
code: syr | country_long: syrian arab republic,What is the full name of the country with NOC code syr?,syrian arab republic
code: tan | country_long: united republic of tanzania,What is the NOC code for united republic of tanzania?,tan
code: tan | country_long: united republic of tanzania,What is the full name of the country with NOC code tan?,united republic of tanzania
code: tch | country_long: czechoslovakia,What is the NOC code for czechoslovakia?,tch
code: tch | country_long: czechoslovakia,What is the full name of the country with NOC code tch?,czechoslovakia
code: tga | country_long: tonga,What is the NOC code for tonga?,tga
code: tga | country_long: tonga,What is the full name of the country with NOC code tga?,tonga
code: tha | country_long: thailand,What is the NOC code for thailand?,tha
code: tha | country_long: thailand,What is the full name of the country with NOC code tha?,thailand
code: tjk | country_long: tajikistan,What is the NOC code for tajikistan?,tjk
code: tjk | country_long: tajikistan,What is the full name of the country with NOC code tjk?,tajikistan
code: tkm | country_long: turkmenistan,What is the NOC code for turkmenistan?,tkm
code: tkm | country_long: turkmenistan,What is the full name of the country with NOC code tkm?,turkmenistan
code: tls | country_long: democratic republic of timor-leste,What is the NOC code for democratic republic of timor-leste?,tls
code: tls | country_long: democratic republic of timor-leste,What is the full name of the country with NOC code tls?,democratic republic of timor-leste
code: tog | country_long: togo,What is the NOC code for togo?,tog
code: tog | country_long: togo,What is the full name of the country with NOC code tog?,togo
code: tpe | country_long: chinese taipei,What is the NOC code for chinese taipei?,tpe
code: tpe | country_long: chinese taipei,What is the full name of the country with NOC code tpe?,chinese taipei
code: tto | country_long: trinidad and tobago,What is the NOC code for trinidad and tobago?,tto
code: tto | country_long: trinidad and tobago,What is the full name of the country with NOC code tto?,trinidad and tobago
code: tun | country_long: tunisia,What is the NOC code for tunisia?,tun
code: tun | country_long: tunisia,What is the full name of the country with NOC code tun?,tunisia
code: tur | country_long: türkiye,What is the NOC code for türkiye?,tur
code: tur | country_long: türkiye,What is the full name of the country with NOC code tur?,türkiye
code: tuv | country_long: tuvalu,What is the NOC code for tuvalu?,tuv
code: tuv | country_long: tuvalu,What is the full name of the country with NOC code tuv?,tuvalu
code: uae | country_long: united arab emirates,What is the NOC code for united arab emirates?,uae
code: uae | country_long: united arab emirates,What is the full name of the country with NOC code uae?,united arab emirates
code: uga | country_long: uganda,What is the NOC code for uganda?,uga
code: uga | country_long: uganda,What is the full name of the country with NOC code uga?,uganda
code: ukr | country_long: ukraine,What is the NOC code for ukraine?,ukr
code: ukr | country_long: ukraine,What is the full name of the country with NOC code ukr?,ukraine
code: urs | country_long: ussr,What is the NOC code for ussr?,urs
code: urs | country_long: ussr,What is the full name of the country with NOC code urs?,ussr
code: uru | country_long: uruguay,What is the NOC code for uruguay?,uru
code: uru | country_long: uruguay,What is the full name of the country with NOC code uru?,uruguay
code: usa | country_long: united states of america,What is the NOC code for united states of america?,usa
code: usa | country_long: united states of america,What is the full name of the country with NOC code usa?,united states of america
code: uzb | country_long: uzbekistan,What is the NOC code for uzbekistan?,uzb
code: uzb | country_long: uzbekistan,What is the full name of the country with NOC code uzb?,uzbekistan
code: van | country_long: vanuatu,What is the NOC code for vanuatu?,van
code: van | country_long: vanuatu,What is the full name of the country with NOC code van?,vanuatu
code: ven | country_long: venezuela,What is the NOC code for venezuela?,ven
code: ven | country_long: venezuela,What is the full name of the country with NOC code ven?,venezuela
code: vie | country_long: vietnam,What is the NOC code for vietnam?,vie
code: vie | country_long: vietnam,What is the full name of the country with NOC code vie?,vietnam
code: vin | country_long: st vincent and the grenadines,What is the NOC code for st vincent and the grenadines?,vin
code: vin | country_long: st vincent and the grenadines,What is the full name of the country with NOC code vin?,st vincent and the grenadines
code: yem | country_long: yemen,What is the NOC code for yemen?,yem
code: yem | country_long: yemen,What is the full name of the country with NOC code yem?,yemen
code: yug | country_long: the federal republic of yugoslavia,What is the NOC code for the federal republic of yugoslavia?,yug
code: yug | country_long: the federal republic of yugoslavia,What is the full name of the country with NOC code yug?,the federal republic of yugoslavia
code: zam | country_long: zambia,What is the NOC code for zambia?,zam
code: zam | country_long: zambia,What is the full name of the country with NOC code zam?,zambia
code: zim | country_long: zimbabwe,What is the NOC code for zimbabwe?,zim
code: zim | country_long: zimbabwe,What is the full name of the country with NOC code zim?,zimbabwe
