context,question,answer
"venue: aquatics centre | sports: ['artistic swimming', 'diving', 'water polo'] | date_start: 2024-07-27 at 09:00:00+0000 | date_end: 2024-08-10 at 20:00:00+0000 | tag: aquatics-centre",What sports are hosted at aquatics centre?,"artistic swimming, diving, water polo"
"venue: aquatics centre | sports: ['artistic swimming', 'diving', 'water polo'] | date_start: 2024-07-27 at 09:00:00+0000 | date_end: 2024-08-10 at 20:00:00+0000 | tag: aquatics-centre",When does activity start at aquatics centre?,2024-07-27 at 09:00:00+0000
"venue: aquatics centre | sports: ['artistic swimming', 'diving', 'water polo'] | date_start: 2024-07-27 at 09:00:00+0000 | date_end: 2024-08-10 at 20:00:00+0000 | tag: aquatics-centre",When does activity end at aquatics centre?,2024-08-10 at 20:00:00+0000
"venue: aquatics centre | sports: ['artistic swimming', 'diving', 'water polo'] | date_start: 2024-07-27 at 09:00:00+0000 | date_end: 2024-08-10 at 20:00:00+0000 | tag: aquatics-centre",What is the tag associated with aquatics centre?,aquatics-centre
"venue: bercy arena | sports: ['artistic gymnastics', 'basketball', 'trampoline'] | date_start: 2024-07-27 at 09:00:00+0000 | date_end: 2024-08-11 at 16:00:00+0000 | tag: bercy-arena",What sports are hosted at bercy arena?,"artistic gymnastics, basketball, trampoline"
"venue: bercy arena | sports: ['artistic gymnastics', 'basketball', 'trampoline'] | date_start: 2024-07-27 at 09:00:00+0000 | date_end: 2024-08-11 at 16:00:00+0000 | tag: bercy-arena",When does activity start at bercy arena?,2024-07-27 at 09:00:00+0000
"venue: bercy arena | sports: ['artistic gymnastics', 'basketball', 'trampoline'] | date_start: 2024-07-27 at 09:00:00+0000 | date_end: 2024-08-11 at 16:00:00+0000 | tag: bercy-arena",When does activity end at bercy arena?,2024-08-11 at 16:00:00+0000
"venue: bercy arena | sports: ['artistic gymnastics', 'basketball', 'trampoline'] | date_start: 2024-07-27 at 09:00:00+0000 | date_end: 2024-08-11 at 16:00:00+0000 | tag: bercy-arena",What is the tag associated with bercy arena?,bercy-arena
venue: bordeaux stadium | sports: ['football'] | date_start: 2024-07-25 at 17:00:00+0000 | date_end: 2024-08-02 at 21:59:00+0000 | tag: bordeaux-stadium,What sports are hosted at bordeaux stadium?,football
venue: bordeaux stadium | sports: ['football'] | date_start: 2024-07-25 at 17:00:00+0000 | date_end: 2024-08-02 at 21:59:00+0000 | tag: bordeaux-stadium,When does activity start at bordeaux stadium?,2024-07-25 at 17:00:00+0000
venue: bordeaux stadium | sports: ['football'] | date_start: 2024-07-25 at 17:00:00+0000 | date_end: 2024-08-02 at 21:59:00+0000 | tag: bordeaux-stadium,When does activity end at bordeaux stadium?,2024-08-02 at 21:59:00+0000
venue: bordeaux stadium | sports: ['football'] | date_start: 2024-07-25 at 17:00:00+0000 | date_end: 2024-08-02 at 21:59:00+0000 | tag: bordeaux-stadium,What is the tag associated with bordeaux stadium?,bordeaux-stadium
"venue: champ de mars arena | sports: ['judo', 'wrestling'] | date_start: 2024-07-27 at 08:00:00+0000 | date_end: 2024-08-11 at 12:00:00+0000 | tag: champ-de-mars-arena",What sports are hosted at champ de mars arena?,"judo, wrestling"
"venue: champ de mars arena | sports: ['judo', 'wrestling'] | date_start: 2024-07-27 at 08:00:00+0000 | date_end: 2024-08-11 at 12:00:00+0000 | tag: champ-de-mars-arena",When does activity start at champ de mars arena?,2024-07-27 at 08:00:00+0000
"venue: champ de mars arena | sports: ['judo', 'wrestling'] | date_start: 2024-07-27 at 08:00:00+0000 | date_end: 2024-08-11 at 12:00:00+0000 | tag: champ-de-mars-arena",When does activity end at champ de mars arena?,2024-08-11 at 12:00:00+0000
"venue: champ de mars arena | sports: ['judo', 'wrestling'] | date_start: 2024-07-27 at 08:00:00+0000 | date_end: 2024-08-11 at 12:00:00+0000 | tag: champ-de-mars-arena",What is the tag associated with champ de mars arena?,champ-de-mars-arena
"venue: château de versailles | sports: ['equestrian', 'modern pentathlon'] | date_start: 2024-07-27 at 07:30:00+0000 | date_end: 2024-08-11 at 11:30:00+0000 | tag: chateau-de-versailles",What sports are hosted at château de versailles?,"equestrian, modern pentathlon"
"venue: château de versailles | sports: ['equestrian', 'modern pentathlon'] | date_start: 2024-07-27 at 07:30:00+0000 | date_end: 2024-08-11 at 11:30:00+0000 | tag: chateau-de-versailles",When does activity start at château de versailles?,2024-07-27 at 07:30:00+0000
"venue: château de versailles | sports: ['equestrian', 'modern pentathlon'] | date_start: 2024-07-27 at 07:30:00+0000 | date_end: 2024-08-11 at 11:30:00+0000 | tag: chateau-de-versailles",When does activity end at château de versailles?,2024-08-11 at 11:30:00+0000
"venue: château de versailles | sports: ['equestrian', 'modern pentathlon'] | date_start: 2024-07-27 at 07:30:00+0000 | date_end: 2024-08-11 at 11:30:00+0000 | tag: chateau-de-versailles",What is the tag associated with château de versailles?,chateau-de-versailles
venue: chateauroux shooting centre | sports: ['shooting'] | date_start: 2024-07-27 at 07:00:00+0000 | date_end: 2024-08-05 at 14:35:00+0000 | tag: chateauroux-shooting-centre,What sports are hosted at chateauroux shooting centre?,shooting
venue: chateauroux shooting centre | sports: ['shooting'] | date_start: 2024-07-27 at 07:00:00+0000 | date_end: 2024-08-05 at 14:35:00+0000 | tag: chateauroux-shooting-centre,When does activity start at chateauroux shooting centre?,2024-07-27 at 07:00:00+0000
venue: chateauroux shooting centre | sports: ['shooting'] | date_start: 2024-07-27 at 07:00:00+0000 | date_end: 2024-08-05 at 14:35:00+0000 | tag: chateauroux-shooting-centre,When does activity end at chateauroux shooting centre?,2024-08-05 at 14:35:00+0000
venue: chateauroux shooting centre | sports: ['shooting'] | date_start: 2024-07-27 at 07:00:00+0000 | date_end: 2024-08-05 at 14:35:00+0000 | tag: chateauroux-shooting-centre,What is the tag associated with chateauroux shooting centre?,chateauroux-shooting-centre
venue: eiffel tower stadium | sports: ['beach volleyball'] | date_start: 2024-07-27 at 12:00:00+0000 | date_end: 2024-08-10 at 21:59:00+0000 | tag: eiffel-tower-stadium,What sports are hosted at eiffel tower stadium?,beach volleyball
venue: eiffel tower stadium | sports: ['beach volleyball'] | date_start: 2024-07-27 at 12:00:00+0000 | date_end: 2024-08-10 at 21:59:00+0000 | tag: eiffel-tower-stadium,When does activity start at eiffel tower stadium?,2024-07-27 at 12:00:00+0000
venue: eiffel tower stadium | sports: ['beach volleyball'] | date_start: 2024-07-27 at 12:00:00+0000 | date_end: 2024-08-10 at 21:59:00+0000 | tag: eiffel-tower-stadium,When does activity end at eiffel tower stadium?,2024-08-10 at 21:59:00+0000
venue: eiffel tower stadium | sports: ['beach volleyball'] | date_start: 2024-07-27 at 12:00:00+0000 | date_end: 2024-08-10 at 21:59:00+0000 | tag: eiffel-tower-stadium,What is the tag associated with eiffel tower stadium?,eiffel-tower-stadium
venue: elancourt hill | sports: ['cycling mountain bike'] | date_start: 2024-07-28 at 12:00:00+0000 | date_end: 2024-07-29 at 14:30:00+0000 | tag: elancourt-hill,What sports are hosted at elancourt hill?,cycling mountain bike
venue: elancourt hill | sports: ['cycling mountain bike'] | date_start: 2024-07-28 at 12:00:00+0000 | date_end: 2024-07-29 at 14:30:00+0000 | tag: elancourt-hill,When does activity start at elancourt hill?,2024-07-28 at 12:00:00+0000
venue: elancourt hill | sports: ['cycling mountain bike'] | date_start: 2024-07-28 at 12:00:00+0000 | date_end: 2024-07-29 at 14:30:00+0000 | tag: elancourt-hill,When does activity end at elancourt hill?,2024-07-29 at 14:30:00+0000
venue: elancourt hill | sports: ['cycling mountain bike'] | date_start: 2024-07-28 at 12:00:00+0000 | date_end: 2024-07-29 at 14:30:00+0000 | tag: elancourt-hill,What is the tag associated with elancourt hill?,elancourt-hill
venue: geoffroy-guichard stadium | sports: ['football'] | date_start: 2024-07-25 at 13:00:00+0000 | date_end: 2024-07-31 at 19:00:00+0000 | tag: geoffroy-guichard-stadium,What sports are hosted at geoffroy-guichard stadium?,football
venue: geoffroy-guichard stadium | sports: ['football'] | date_start: 2024-07-25 at 13:00:00+0000 | date_end: 2024-07-31 at 19:00:00+0000 | tag: geoffroy-guichard-stadium,When does activity start at geoffroy-guichard stadium?,2024-07-25 at 13:00:00+0000
venue: geoffroy-guichard stadium | sports: ['football'] | date_start: 2024-07-25 at 13:00:00+0000 | date_end: 2024-07-31 at 19:00:00+0000 | tag: geoffroy-guichard-stadium,When does activity end at geoffroy-guichard stadium?,2024-07-31 at 19:00:00+0000
venue: geoffroy-guichard stadium | sports: ['football'] | date_start: 2024-07-25 at 13:00:00+0000 | date_end: 2024-07-31 at 19:00:00+0000 | tag: geoffroy-guichard-stadium,What is the tag associated with geoffroy-guichard stadium?,geoffroy-guichard-stadium
"venue: grand palais | sports: ['fencing', 'taekwondo'] | date_start: 2024-07-27 at 08:00:00+0000 | date_end: 2024-08-10 at 21:00:00+0000 | tag: grand-palais",What sports are hosted at grand palais?,"fencing, taekwondo"
"venue: grand palais | sports: ['fencing', 'taekwondo'] | date_start: 2024-07-27 at 08:00:00+0000 | date_end: 2024-08-10 at 21:00:00+0000 | tag: grand-palais",When does activity start at grand palais?,2024-07-27 at 08:00:00+0000
"venue: grand palais | sports: ['fencing', 'taekwondo'] | date_start: 2024-07-27 at 08:00:00+0000 | date_end: 2024-08-10 at 21:00:00+0000 | tag: grand-palais",When does activity end at grand palais?,2024-08-10 at 21:00:00+0000
"venue: grand palais | sports: ['fencing', 'taekwondo'] | date_start: 2024-07-27 at 08:00:00+0000 | date_end: 2024-08-10 at 21:00:00+0000 | tag: grand-palais",What is the tag associated with grand palais?,grand-palais
venue: hôtel de ville | sports: ['athletics'] | date_start: 2024-08-10 at 06:00:00+0000 | date_end: 2024-08-11 at 09:15:00+0000 | tag: hotel-de-ville,What sports are hosted at hôtel de ville?,athletics
venue: hôtel de ville | sports: ['athletics'] | date_start: 2024-08-10 at 06:00:00+0000 | date_end: 2024-08-11 at 09:15:00+0000 | tag: hotel-de-ville,When does activity start at hôtel de ville?,2024-08-10 at 06:00:00+0000
venue: hôtel de ville | sports: ['athletics'] | date_start: 2024-08-10 at 06:00:00+0000 | date_end: 2024-08-11 at 09:15:00+0000 | tag: hotel-de-ville,When does activity end at hôtel de ville?,2024-08-11 at 09:15:00+0000
venue: hôtel de ville | sports: ['athletics'] | date_start: 2024-08-10 at 06:00:00+0000 | date_end: 2024-08-11 at 09:15:00+0000 | tag: hotel-de-ville,What is the tag associated with hôtel de ville?,hotel-de-ville
"venue: invalides | sports: ['archery', 'athletics', 'cycling road'] | date_start: 2024-07-25 at 07:30:00+0000 | date_end: 2024-08-04 at 13:20:00+0000 | tag: invalides",What sports are hosted at invalides?,"archery, athletics, cycling road"
"venue: invalides | sports: ['archery', 'athletics', 'cycling road'] | date_start: 2024-07-25 at 07:30:00+0000 | date_end: 2024-08-04 at 13:20:00+0000 | tag: invalides",When does activity start at invalides?,2024-07-25 at 07:30:00+0000
"venue: invalides | sports: ['archery', 'athletics', 'cycling road'] | date_start: 2024-07-25 at 07:30:00+0000 | date_end: 2024-08-04 at 13:20:00+0000 | tag: invalides",When does activity end at invalides?,2024-08-04 at 13:20:00+0000
"venue: invalides | sports: ['archery', 'athletics', 'cycling road'] | date_start: 2024-07-25 at 07:30:00+0000 | date_end: 2024-08-04 at 13:20:00+0000 | tag: invalides",What is the tag associated with invalides?,invalides
venue: la beaujoire stadium | sports: ['football'] | date_start: 2024-07-25 at 15:00:00+0000 | date_end: 2024-08-08 at 18:00:00+0000 | tag: la-beaujoire-stadium,What sports are hosted at la beaujoire stadium?,football
venue: la beaujoire stadium | sports: ['football'] | date_start: 2024-07-25 at 15:00:00+0000 | date_end: 2024-08-08 at 18:00:00+0000 | tag: la-beaujoire-stadium,When does activity start at la beaujoire stadium?,2024-07-25 at 15:00:00+0000
venue: la beaujoire stadium | sports: ['football'] | date_start: 2024-07-25 at 15:00:00+0000 | date_end: 2024-08-08 at 18:00:00+0000 | tag: la-beaujoire-stadium,When does activity end at la beaujoire stadium?,2024-08-08 at 18:00:00+0000
venue: la beaujoire stadium | sports: ['football'] | date_start: 2024-07-25 at 15:00:00+0000 | date_end: 2024-08-08 at 18:00:00+0000 | tag: la-beaujoire-stadium,What is the tag associated with la beaujoire stadium?,la-beaujoire-stadium
"venue: la concorde | sports: ['3x3 basketball', 'breaking', 'cycling bmx freestyle', 'skateboarding'] | date_start: 2024-07-27 at 10:00:00+0000 | date_end: 2024-08-10 at 20:00:00+0000 | tag: la-concorde",What sports are hosted at la concorde?,"3x3 basketball, breaking, cycling bmx freestyle, skateboarding"
"venue: la concorde | sports: ['3x3 basketball', 'breaking', 'cycling bmx freestyle', 'skateboarding'] | date_start: 2024-07-27 at 10:00:00+0000 | date_end: 2024-08-10 at 20:00:00+0000 | tag: la-concorde",When does activity start at la concorde?,2024-07-27 at 10:00:00+0000
"venue: la concorde | sports: ['3x3 basketball', 'breaking', 'cycling bmx freestyle', 'skateboarding'] | date_start: 2024-07-27 at 10:00:00+0000 | date_end: 2024-08-10 at 20:00:00+0000 | tag: la-concorde",When does activity end at la concorde?,2024-08-10 at 20:00:00+0000
"venue: la concorde | sports: ['3x3 basketball', 'breaking', 'cycling bmx freestyle', 'skateboarding'] | date_start: 2024-07-27 at 10:00:00+0000 | date_end: 2024-08-10 at 20:00:00+0000 | tag: la-concorde",What is the tag associated with la concorde?,la-concorde
venue: le bourget sport climbing venue | sports: ['sport climbing'] | date_start: 2024-08-05 at 08:00:00+0000 | date_end: 2024-08-10 at 11:20:00+0000 | tag: le-bourget-climbing-venue,What sports are hosted at le bourget sport climbing venue?,sport climbing
venue: le bourget sport climbing venue | sports: ['sport climbing'] | date_start: 2024-08-05 at 08:00:00+0000 | date_end: 2024-08-10 at 11:20:00+0000 | tag: le-bourget-climbing-venue,When does activity start at le bourget sport climbing venue?,2024-08-05 at 08:00:00+0000
venue: le bourget sport climbing venue | sports: ['sport climbing'] | date_start: 2024-08-05 at 08:00:00+0000 | date_end: 2024-08-10 at 11:20:00+0000 | tag: le-bourget-climbing-venue,When does activity end at le bourget sport climbing venue?,2024-08-10 at 11:20:00+0000
venue: le bourget sport climbing venue | sports: ['sport climbing'] | date_start: 2024-08-05 at 08:00:00+0000 | date_end: 2024-08-10 at 11:20:00+0000 | tag: le-bourget-climbing-venue,What is the tag associated with le bourget sport climbing venue?,le-bourget-climbing-venue
venue: golf national | sports: ['golf'] | date_start: 2024-08-01 at 07:00:00+0000 | date_end: 2024-08-10 at 16:30:00+0000 | tag: le-golf-national,What sports are hosted at golf national?,golf
venue: golf national | sports: ['golf'] | date_start: 2024-08-01 at 07:00:00+0000 | date_end: 2024-08-10 at 16:30:00+0000 | tag: le-golf-national,When does activity start at golf national?,2024-08-01 at 07:00:00+0000
venue: golf national | sports: ['golf'] | date_start: 2024-08-01 at 07:00:00+0000 | date_end: 2024-08-10 at 16:30:00+0000 | tag: le-golf-national,When does activity end at golf national?,2024-08-10 at 16:30:00+0000
venue: golf national | sports: ['golf'] | date_start: 2024-08-01 at 07:00:00+0000 | date_end: 2024-08-10 at 16:30:00+0000 | tag: le-golf-national,What is the tag associated with golf national?,le-golf-national
venue: lyon stadium | sports: ['football'] | date_start: 2024-07-25 at 17:00:00+0000 | date_end: 2024-08-09 at 16:00:00+0000 | tag: lyon-stadium,What sports are hosted at lyon stadium?,football
venue: lyon stadium | sports: ['football'] | date_start: 2024-07-25 at 17:00:00+0000 | date_end: 2024-08-09 at 16:00:00+0000 | tag: lyon-stadium,When does activity start at lyon stadium?,2024-07-25 at 17:00:00+0000
venue: lyon stadium | sports: ['football'] | date_start: 2024-07-25 at 17:00:00+0000 | date_end: 2024-08-09 at 16:00:00+0000 | tag: lyon-stadium,When does activity end at lyon stadium?,2024-08-09 at 16:00:00+0000
venue: lyon stadium | sports: ['football'] | date_start: 2024-07-25 at 17:00:00+0000 | date_end: 2024-08-09 at 16:00:00+0000 | tag: lyon-stadium,What is the tag associated with lyon stadium?,lyon-stadium
venue: marseille marina | sports: ['sailing'] | date_start: 2024-07-28 at 09:00:00+0000 | date_end: 2024-08-08 at 17:00:00+0000 | tag: marseille-marina,What sports are hosted at marseille marina?,sailing
venue: marseille marina | sports: ['sailing'] | date_start: 2024-07-28 at 09:00:00+0000 | date_end: 2024-08-08 at 17:00:00+0000 | tag: marseille-marina,When does activity start at marseille marina?,2024-07-28 at 09:00:00+0000
venue: marseille marina | sports: ['sailing'] | date_start: 2024-07-28 at 09:00:00+0000 | date_end: 2024-08-08 at 17:00:00+0000 | tag: marseille-marina,When does activity end at marseille marina?,2024-08-08 at 17:00:00+0000
venue: marseille marina | sports: ['sailing'] | date_start: 2024-07-28 at 09:00:00+0000 | date_end: 2024-08-08 at 17:00:00+0000 | tag: marseille-marina,What is the tag associated with marseille marina?,marseille-marina
venue: marseille stadium | sports: ['football'] | date_start: 2024-07-25 at 19:00:00+0000 | date_end: 2024-08-06 at 21:59:00+0000 | tag: marseille-stadium,What sports are hosted at marseille stadium?,football
venue: marseille stadium | sports: ['football'] | date_start: 2024-07-25 at 19:00:00+0000 | date_end: 2024-08-06 at 21:59:00+0000 | tag: marseille-stadium,When does activity start at marseille stadium?,2024-07-25 at 19:00:00+0000
venue: marseille stadium | sports: ['football'] | date_start: 2024-07-25 at 19:00:00+0000 | date_end: 2024-08-06 at 21:59:00+0000 | tag: marseille-stadium,When does activity end at marseille stadium?,2024-08-06 at 21:59:00+0000
venue: marseille stadium | sports: ['football'] | date_start: 2024-07-25 at 19:00:00+0000 | date_end: 2024-08-06 at 21:59:00+0000 | tag: marseille-stadium,What is the tag associated with marseille stadium?,marseille-stadium
venue: nice stadium | sports: ['football'] | date_start: 2024-07-25 at 15:00:00+0000 | date_end: 2024-08-31 at 21:00:00+0000 | tag: nice-stadium,What sports are hosted at nice stadium?,football
venue: nice stadium | sports: ['football'] | date_start: 2024-07-25 at 15:00:00+0000 | date_end: 2024-08-31 at 21:00:00+0000 | tag: nice-stadium,When does activity start at nice stadium?,2024-07-25 at 15:00:00+0000
venue: nice stadium | sports: ['football'] | date_start: 2024-07-25 at 15:00:00+0000 | date_end: 2024-08-31 at 21:00:00+0000 | tag: nice-stadium,When does activity end at nice stadium?,2024-08-31 at 21:00:00+0000
venue: nice stadium | sports: ['football'] | date_start: 2024-07-25 at 15:00:00+0000 | date_end: 2024-08-31 at 21:00:00+0000 | tag: nice-stadium,What is the tag associated with nice stadium?,nice-stadium
"venue: north paris arena | sports: ['boxing', 'modern pentathlon'] | date_start: 2024-07-27 at 13:30:00+0000 | date_end: 2024-08-08 at 15:30:00+0000 | tag: north-paris-arena",What sports are hosted at north paris arena?,"boxing, modern pentathlon"
"venue: north paris arena | sports: ['boxing', 'modern pentathlon'] | date_start: 2024-07-27 at 13:30:00+0000 | date_end: 2024-08-08 at 15:30:00+0000 | tag: north-paris-arena",When does activity start at north paris arena?,2024-07-27 at 13:30:00+0000
"venue: north paris arena | sports: ['boxing', 'modern pentathlon'] | date_start: 2024-07-27 at 13:30:00+0000 | date_end: 2024-08-08 at 15:30:00+0000 | tag: north-paris-arena",When does activity end at north paris arena?,2024-08-08 at 15:30:00+0000
"venue: north paris arena | sports: ['boxing', 'modern pentathlon'] | date_start: 2024-07-27 at 13:30:00+0000 | date_end: 2024-08-08 at 15:30:00+0000 | tag: north-paris-arena",What is the tag associated with north paris arena?,north-paris-arena
venue: parc des princes | sports: ['football'] | date_start: 2024-07-25 at 13:00:00+0000 | date_end: 2024-08-10 at 18:30:00+0000 | tag: parc-des-princes,What sports are hosted at parc des princes?,football
venue: parc des princes | sports: ['football'] | date_start: 2024-07-25 at 13:00:00+0000 | date_end: 2024-08-10 at 18:30:00+0000 | tag: parc-des-princes,When does activity start at parc des princes?,2024-07-25 at 13:00:00+0000
venue: parc des princes | sports: ['football'] | date_start: 2024-07-25 at 13:00:00+0000 | date_end: 2024-08-10 at 18:30:00+0000 | tag: parc-des-princes,When does activity end at parc des princes?,2024-08-10 at 18:30:00+0000
venue: parc des princes | sports: ['football'] | date_start: 2024-07-25 at 13:00:00+0000 | date_end: 2024-08-10 at 18:30:00+0000 | tag: parc-des-princes,What is the tag associated with parc des princes?,parc-des-princes
"venue: paris la defense arena | sports: ['swimming', 'water polo'] | date_start: 2024-07-27 at 09:00:00+0000 | date_end: 2024-08-11 at 13:50:00+0000 | tag: paris-la-defense-arena",What sports are hosted at paris la defense arena?,"swimming, water polo"
"venue: paris la defense arena | sports: ['swimming', 'water polo'] | date_start: 2024-07-27 at 09:00:00+0000 | date_end: 2024-08-11 at 13:50:00+0000 | tag: paris-la-defense-arena",When does activity start at paris la defense arena?,2024-07-27 at 09:00:00+0000
"venue: paris la defense arena | sports: ['swimming', 'water polo'] | date_start: 2024-07-27 at 09:00:00+0000 | date_end: 2024-08-11 at 13:50:00+0000 | tag: paris-la-defense-arena",When does activity end at paris la defense arena?,2024-08-11 at 13:50:00+0000
"venue: paris la defense arena | sports: ['swimming', 'water polo'] | date_start: 2024-07-27 at 09:00:00+0000 | date_end: 2024-08-11 at 13:50:00+0000 | tag: paris-la-defense-arena",What is the tag associated with paris la defense arena?,paris-la-defense-arena
"venue: pierre mauroy stadium | sports: ['basketball', 'handball'] | date_start: 2024-07-27 at 09:00:00+0000 | date_end: 2024-08-11 at 14:00:00+0000 | tag: pierre-mauroy-stadium",What sports are hosted at pierre mauroy stadium?,"basketball, handball"
"venue: pierre mauroy stadium | sports: ['basketball', 'handball'] | date_start: 2024-07-27 at 09:00:00+0000 | date_end: 2024-08-11 at 14:00:00+0000 | tag: pierre-mauroy-stadium",When does activity start at pierre mauroy stadium?,2024-07-27 at 09:00:00+0000
"venue: pierre mauroy stadium | sports: ['basketball', 'handball'] | date_start: 2024-07-27 at 09:00:00+0000 | date_end: 2024-08-11 at 14:00:00+0000 | tag: pierre-mauroy-stadium",When does activity end at pierre mauroy stadium?,2024-08-11 at 14:00:00+0000
"venue: pierre mauroy stadium | sports: ['basketball', 'handball'] | date_start: 2024-07-27 at 09:00:00+0000 | date_end: 2024-08-11 at 14:00:00+0000 | tag: pierre-mauroy-stadium",What is the tag associated with pierre mauroy stadium?,pierre-mauroy-stadium
"venue: pont alexandre iii | sports: ['cycling road', 'marathon swimming', 'triathlon'] | date_start: 2024-07-30 at 06:00:00+0000 | date_end: 2024-08-09 at 08:30:00+0000 | tag: pont-alexandre-iii",What sports are hosted at pont alexandre iii?,"cycling road, marathon swimming, triathlon"
"venue: pont alexandre iii | sports: ['cycling road', 'marathon swimming', 'triathlon'] | date_start: 2024-07-30 at 06:00:00+0000 | date_end: 2024-08-09 at 08:30:00+0000 | tag: pont-alexandre-iii",When does activity start at pont alexandre iii?,2024-07-30 at 06:00:00+0000
"venue: pont alexandre iii | sports: ['cycling road', 'marathon swimming', 'triathlon'] | date_start: 2024-07-30 at 06:00:00+0000 | date_end: 2024-08-09 at 08:30:00+0000 | tag: pont-alexandre-iii",When does activity end at pont alexandre iii?,2024-08-09 at 08:30:00+0000
"venue: pont alexandre iii | sports: ['cycling road', 'marathon swimming', 'triathlon'] | date_start: 2024-07-30 at 06:00:00+0000 | date_end: 2024-08-09 at 08:30:00+0000 | tag: pont-alexandre-iii",What is the tag associated with pont alexandre iii?,pont-alexandre-iii
"venue: porte de la chapelle arena | sports: ['badminton', 'rhythmic gymnastics'] | date_start: 2024-07-27 at 06:30:00+0000 | date_end: 2024-08-10 at 13:45:00+0000 | tag: porte-de-la-chapelle-arena",What sports are hosted at porte de la chapelle arena?,"badminton, rhythmic gymnastics"
"venue: porte de la chapelle arena | sports: ['badminton', 'rhythmic gymnastics'] | date_start: 2024-07-27 at 06:30:00+0000 | date_end: 2024-08-10 at 13:45:00+0000 | tag: porte-de-la-chapelle-arena",When does activity start at porte de la chapelle arena?,2024-07-27 at 06:30:00+0000
"venue: porte de la chapelle arena | sports: ['badminton', 'rhythmic gymnastics'] | date_start: 2024-07-27 at 06:30:00+0000 | date_end: 2024-08-10 at 13:45:00+0000 | tag: porte-de-la-chapelle-arena",When does activity end at porte de la chapelle arena?,2024-08-10 at 13:45:00+0000
"venue: porte de la chapelle arena | sports: ['badminton', 'rhythmic gymnastics'] | date_start: 2024-07-27 at 06:30:00+0000 | date_end: 2024-08-10 at 13:45:00+0000 | tag: porte-de-la-chapelle-arena",What is the tag associated with porte de la chapelle arena?,porte-de-la-chapelle-arena
"venue: stade roland-garros | sports: ['boxing', 'tennis'] | date_start: 2024-07-27 at 10:00:00+0000 | date_end: 2024-08-10 at 21:30:00+0000 | tag: roland-garros-stadium",What sports are hosted at stade roland-garros?,"boxing, tennis"
"venue: stade roland-garros | sports: ['boxing', 'tennis'] | date_start: 2024-07-27 at 10:00:00+0000 | date_end: 2024-08-10 at 21:30:00+0000 | tag: roland-garros-stadium",When does activity start at stade roland-garros?,2024-07-27 at 10:00:00+0000
"venue: stade roland-garros | sports: ['boxing', 'tennis'] | date_start: 2024-07-27 at 10:00:00+0000 | date_end: 2024-08-10 at 21:30:00+0000 | tag: roland-garros-stadium",When does activity end at stade roland-garros?,2024-08-10 at 21:30:00+0000
"venue: stade roland-garros | sports: ['boxing', 'tennis'] | date_start: 2024-07-27 at 10:00:00+0000 | date_end: 2024-08-10 at 21:30:00+0000 | tag: roland-garros-stadium",What is the tag associated with stade roland-garros?,roland-garros-stadium
venue: saint-quentin-en-yvelines bmx stadium | sports: ['cycling bmx racing'] | date_start: 2024-08-01 at 18:00:00+0000 | date_end: 2024-08-02 at 20:30:00+0000 | tag: saint-quentin-en-yvelines-bmx-stadium,What sports are hosted at saint-quentin-en-yvelines bmx stadium?,cycling bmx racing
venue: saint-quentin-en-yvelines bmx stadium | sports: ['cycling bmx racing'] | date_start: 2024-08-01 at 18:00:00+0000 | date_end: 2024-08-02 at 20:30:00+0000 | tag: saint-quentin-en-yvelines-bmx-stadium,When does activity start at saint-quentin-en-yvelines bmx stadium?,2024-08-01 at 18:00:00+0000
venue: saint-quentin-en-yvelines bmx stadium | sports: ['cycling bmx racing'] | date_start: 2024-08-01 at 18:00:00+0000 | date_end: 2024-08-02 at 20:30:00+0000 | tag: saint-quentin-en-yvelines-bmx-stadium,When does activity end at saint-quentin-en-yvelines bmx stadium?,2024-08-02 at 20:30:00+0000
venue: saint-quentin-en-yvelines bmx stadium | sports: ['cycling bmx racing'] | date_start: 2024-08-01 at 18:00:00+0000 | date_end: 2024-08-02 at 20:30:00+0000 | tag: saint-quentin-en-yvelines-bmx-stadium,What is the tag associated with saint-quentin-en-yvelines bmx stadium?,saint-quentin-en-yvelines-bmx-stadium
venue: saint-quentin-en-yvelines velodrome | sports: ['cycling track '] | date_start: 2024-08-05 at 15:00:00+0000 | date_end: 2024-08-11 at 12:40:00+0000 | tag: saint-quentin-en-yvelines-velodrome,What sports are hosted at saint-quentin-en-yvelines velodrome?,cycling track
venue: saint-quentin-en-yvelines velodrome | sports: ['cycling track '] | date_start: 2024-08-05 at 15:00:00+0000 | date_end: 2024-08-11 at 12:40:00+0000 | tag: saint-quentin-en-yvelines-velodrome,When does activity start at saint-quentin-en-yvelines velodrome?,2024-08-05 at 15:00:00+0000
venue: saint-quentin-en-yvelines velodrome | sports: ['cycling track '] | date_start: 2024-08-05 at 15:00:00+0000 | date_end: 2024-08-11 at 12:40:00+0000 | tag: saint-quentin-en-yvelines-velodrome,When does activity end at saint-quentin-en-yvelines velodrome?,2024-08-11 at 12:40:00+0000
venue: saint-quentin-en-yvelines velodrome | sports: ['cycling track '] | date_start: 2024-08-05 at 15:00:00+0000 | date_end: 2024-08-11 at 12:40:00+0000 | tag: saint-quentin-en-yvelines-velodrome,What is the tag associated with saint-quentin-en-yvelines velodrome?,saint-quentin-en-yvelines-velodrome
"venue: south paris arena | sports: ['handball', 'table tennis', 'volleyball', 'weightlifting'] | date_start: 2024-07-25 at 07:00:00+0000 | date_end: 2024-08-11 at 13:45:00+0000 | tag: south-paris-arena",What sports are hosted at south paris arena?,"handball, table tennis, volleyball, weightlifting"
"venue: south paris arena | sports: ['handball', 'table tennis', 'volleyball', 'weightlifting'] | date_start: 2024-07-25 at 07:00:00+0000 | date_end: 2024-08-11 at 13:45:00+0000 | tag: south-paris-arena",When does activity start at south paris arena?,2024-07-25 at 07:00:00+0000
"venue: south paris arena | sports: ['handball', 'table tennis', 'volleyball', 'weightlifting'] | date_start: 2024-07-25 at 07:00:00+0000 | date_end: 2024-08-11 at 13:45:00+0000 | tag: south-paris-arena",When does activity end at south paris arena?,2024-08-11 at 13:45:00+0000
"venue: south paris arena | sports: ['handball', 'table tennis', 'volleyball', 'weightlifting'] | date_start: 2024-07-25 at 07:00:00+0000 | date_end: 2024-08-11 at 13:45:00+0000 | tag: south-paris-arena",What is the tag associated with south paris arena?,south-paris-arena
"venue: stade de france | sports: ['athletics', 'rugby sevens'] | date_start: 2024-07-24 at 13:30:00+0000 | date_end: 2024-08-10 at 20:30:00+0000 | tag: stade-de-france",What sports are hosted at stade de france?,"athletics, rugby sevens"
"venue: stade de france | sports: ['athletics', 'rugby sevens'] | date_start: 2024-07-24 at 13:30:00+0000 | date_end: 2024-08-10 at 20:30:00+0000 | tag: stade-de-france",When does activity start at stade de france?,2024-07-24 at 13:30:00+0000
"venue: stade de france | sports: ['athletics', 'rugby sevens'] | date_start: 2024-07-24 at 13:30:00+0000 | date_end: 2024-08-10 at 20:30:00+0000 | tag: stade-de-france",When does activity end at stade de france?,2024-08-10 at 20:30:00+0000
"venue: stade de france | sports: ['athletics', 'rugby sevens'] | date_start: 2024-07-24 at 13:30:00+0000 | date_end: 2024-08-10 at 20:30:00+0000 | tag: stade-de-france",What is the tag associated with stade de france?,stade-de-france
"venue: teahupo'o, tahiti | sports: ['surfing'] | date_start: 2024-07-27 at 17:00:00+0000 | date_end: 2024-07-31 at 03:15:00+0000 | tag: teahupo-o-tahiti","What sports are hosted at teahupo'o, tahiti?",surfing
"venue: teahupo'o, tahiti | sports: ['surfing'] | date_start: 2024-07-27 at 17:00:00+0000 | date_end: 2024-07-31 at 03:15:00+0000 | tag: teahupo-o-tahiti","When does activity start at teahupo'o, tahiti?",2024-07-27 at 17:00:00+0000
"venue: teahupo'o, tahiti | sports: ['surfing'] | date_start: 2024-07-27 at 17:00:00+0000 | date_end: 2024-07-31 at 03:15:00+0000 | tag: teahupo-o-tahiti","When does activity end at teahupo'o, tahiti?",2024-07-31 at 03:15:00+0000
"venue: teahupo'o, tahiti | sports: ['surfing'] | date_start: 2024-07-27 at 17:00:00+0000 | date_end: 2024-07-31 at 03:15:00+0000 | tag: teahupo-o-tahiti","What is the tag associated with teahupo'o, tahiti?",teahupo-o-tahiti
"venue: trocadéro | sports: ['athletics', 'cycling road'] | date_start: 2024-08-01 at 05:30:00+0000 | date_end: 2024-08-07 at 08:50:00+0000 | tag: trocadero",What sports are hosted at trocadéro?,"athletics, cycling road"
"venue: trocadéro | sports: ['athletics', 'cycling road'] | date_start: 2024-08-01 at 05:30:00+0000 | date_end: 2024-08-07 at 08:50:00+0000 | tag: trocadero",When does activity start at trocadéro?,2024-08-01 at 05:30:00+0000
"venue: trocadéro | sports: ['athletics', 'cycling road'] | date_start: 2024-08-01 at 05:30:00+0000 | date_end: 2024-08-07 at 08:50:00+0000 | tag: trocadero",When does activity end at trocadéro?,2024-08-07 at 08:50:00+0000
"venue: trocadéro | sports: ['athletics', 'cycling road'] | date_start: 2024-08-01 at 05:30:00+0000 | date_end: 2024-08-07 at 08:50:00+0000 | tag: trocadero",What is the tag associated with trocadéro?,trocadero
"venue: vaires-sur-marne nautical stadium | sports: ['canoe slalom', 'canoe sprint', 'rowing'] | tag: vaires-sur-marne-nautical-stadium",What sports are hosted at vaires-sur-marne nautical stadium?,"canoe slalom, canoe sprint, rowing"
"venue: vaires-sur-marne nautical stadium | sports: ['canoe slalom', 'canoe sprint', 'rowing'] | tag: vaires-sur-marne-nautical-stadium",What is the tag associated with vaires-sur-marne nautical stadium?,vaires-sur-marne-nautical-stadium
venue: yves-du-manoir stadium | sports: ['hockey'] | date_start: 2024-07-27 at 08:00:00+0000 | date_end: 2024-08-09 at 20:30:00+0000 | tag: yves-du-manoir-stadium,What sports are hosted at yves-du-manoir stadium?,hockey
venue: yves-du-manoir stadium | sports: ['hockey'] | date_start: 2024-07-27 at 08:00:00+0000 | date_end: 2024-08-09 at 20:30:00+0000 | tag: yves-du-manoir-stadium,When does activity start at yves-du-manoir stadium?,2024-07-27 at 08:00:00+0000
venue: yves-du-manoir stadium | sports: ['hockey'] | date_start: 2024-07-27 at 08:00:00+0000 | date_end: 2024-08-09 at 20:30:00+0000 | tag: yves-du-manoir-stadium,When does activity end at yves-du-manoir stadium?,2024-08-09 at 20:30:00+0000
venue: yves-du-manoir stadium | sports: ['hockey'] | date_start: 2024-07-27 at 08:00:00+0000 | date_end: 2024-08-09 at 20:30:00+0000 | tag: yves-du-manoir-stadium,What is the tag associated with yves-du-manoir stadium?,yves-du-manoir-stadium
